timestamp,robot_mode,pos_x,pos_y,pos_z,rot_rx,rot_ry,rot_rz,j1_temp,j2_temp,j3_temp,j4_temp,j5_temp,j6_temp,j1_current,j2_current,j3_current,j4_current,j5_current,j6_current
2026-10-07T09:21:21.879468,5,25.47,68.25,-2.5,-87.75,30.52,-0.0,-663.2,223.6,177.7,1.6,143.4,-0.0,-0.144,-0.512,0.041,-0.004,0.0,0.0
2026-10-07T09:21:22.375259,5,25.47,68.25,-2.5,-87.75,30.52,-0.0,-663.2,223.6,177.7,1.6,143.4,0.0,0.217,0.393,-0.031,0.001,0.068,0.0
2026-10-07T09:21:22.876674,5,25.47,68.25,-2.5,-87.75,30.52,-0.0,-663.2,223.6,177.7,1.6,143.4,-0.0,-0.042,0.007,-0.012,-0.0,0.068,0.0
2026-10-07T09:21:23.385042,5,25.47,68.25,-2.5,-87.75,30.52,0.05,-663.2,223.6,177.7,1.6,143.4,0.6,-0.087,-0.584,0.032,-0.004,0.122,0.0
2026-10-07T09:21:23.886262,5,25.47,68.25,-2.5,-87.75,30.52,-0.05,-663.2,223.6,177.7,1.6,143.4,-0.6,0.131,-0.866,0.109,-0.011,-0.054,0.0
2026-10-07T09:21:24.395309,5,25.47,68.25,-2.5,-87.75,30.52,-0.0,-663.2,223.6,177.7,1.6,143.4,-0.0,-0.086,0.13,-0.019,0.001,0.068,0.0
2026-10-07T09:21:24.900017,5,25.47,68.25,-2.5,-87.75,30.52,-0.0,-663.2,223.6,177.7,1.6,143.4,-0.3,0.045,-0.586,0.078,0.06,0.002,0.0
2026-10-07T09:21:25.400197,5,25.47,68.25,-2.5,-87.75,30.52,-0.0,-663.2,223.6,177.7,1.6,143.4,0.0,0.075,-0.839,0.078,-0.009,0.068,0.0
2026-10-07T09:21:25.901897,8,25.73,67.83,-2.36,-87.75,30.72,2.83,-664.8,223.7,177.7,1.6,143.4,30.6,-23.216,2.554,-0.195,0.041,0.152,0.0
2026-10-07T09:21:26.402828,8,28.36,63.68,-0.91,-87.69,32.57,3.59,-679.9,224.3,177.7,1.6,143.4,41.1,-31.292,-0.273,0.171,-0.025,-0.151,0.0
2026-10-07T09:21:26.908632,8,31.21,59.03,0.8,-87.63,34.37,3.48,-695.3,225.0,177.7,1.6,143.4,42.0,-30.901,-1.262,0.183,-0.027,0.019,0.0
2026-10-07T09:21:27.417132,8,34.45,53.59,2.92,-87.57,36.17,3.21,-711.4,225.8,177.7,1.6,143.4,40.5,-31.072,-1.793,0.265,0.041,0.032,0.0
2026-10-07T09:21:27.921029,8,37.9,47.59,5.39,-87.51,37.83,3.27,-727.0,226.5,177.7,1.6,143.4,43.4,-30.713,2.304,-0.093,0.04,0.103,0.0
2026-10-07T09:21:28.421180,8,41.8,40.58,8.43,-87.46,39.41,2.94,-742.6,227.2,177.7,1.6,143.4,41.7,-31.149,1.923,-0.028,-0.022,-0.201,0.0
2026-10-07T09:21:28.931011,8,43.88,36.73,10.16,-87.43,40.14,0.05,-750.0,227.5,177.7,1.6,143.4,0.4,0.052,0.169,-0.033,0.066,0.055,0.0
2026-10-07T09:21:29.435044,5,43.88,36.73,10.16,-87.43,40.14,-0.0,-750.0,227.5,177.7,1.6,143.4,0.3,-0.142,-0.538,0.034,-0.066,0.067,0.0
2026-10-07T09:21:29.939070,8,44.81,35.05,10.93,-87.43,39.83,-2.56,-755.2,227.3,177.7,1.6,143.4,-31.0,-42.39,-1.812,-0.149,0.024,-0.077,0.0
2026-10-07T09:21:30.449204,8,49.17,26.93,14.75,-87.41,38.63,-2.45,-776.2,226.2,177.7,1.6,143.4,-30.5,-42.68,-3.154,-0.064,-0.021,0.141,0.0
2026-10-07T09:21:30.966025,9,51.53,22.39,16.96,-87.39,38.12,-0.0,-785.4,225.7,177.7,1.6,143.4,0.0,-0.116,0.908,-0.094,-0.002,-0.068,0.0
2026-10-07T09:21:31.467772,9,51.52,22.39,16.96,-87.4,38.12,-0.0,-785.4,225.7,177.7,1.6,143.4,-0.0,0.19,0.706,-0.035,-0.002,0.068,0.0
2026-10-07T09:21:31.968488,9,51.52,22.39,16.96,-87.4,38.12,-0.05,-785.4,225.7,177.7,1.6,143.4,-0.7,-0.263,0.932,-0.091,-0.002,-0.122,0.0
2026-10-07T09:21:32.475726,9,51.52,22.39,16.96,-87.4,38.12,-0.0,-785.4,225.8,177.7,1.6,143.4,-0.3,0.197,0.516,-0.021,0.067,0.001,0.0
2026-10-07T09:21:32.976533,9,51.52,22.39,16.96,-87.4,38.12,-0.0,-785.4,225.8,177.7,1.6,143.4,0.3,0.25,0.696,-0.019,-0.069,-0.001,0.0
2026-10-07T09:21:33.479452,9,51.52,22.39,16.96,-87.4,38.12,-0.0,-785.4,225.8,177.7,1.6,143.4,0.0,-0.043,0.936,-0.079,-0.0,-0.135,0.0
2026-10-07T09:21:33.979671,9,51.52,22.39,16.96,-87.4,38.12,-0.05,-785.4,225.8,177.7,1.6,143.4,-0.7,-0.151,-0.06,0.006,0.0,-0.054,0.0
2026-10-07T09:21:34.488695,9,51.52,22.39,16.96,-87.4,38.12,-0.0,-785.4,225.8,177.7,1.6,143.4,-0.3,0.067,-0.813,0.079,0.069,0.069,0.0
2026-10-07T09:21:34.998081,9,51.52,22.39,16.96,-87.4,38.12,-0.05,-785.4,225.8,177.7,1.6,143.4,-0.8,-0.037,-0.138,0.031,0.001,-0.054,0.0
2026-10-07T09:21:35.499585,9,51.52,22.39,16.96,-87.4,38.12,-0.0,-785.4,225.8,177.7,1.6,143.4,0.3,-0.053,0.079,-0.013,-0.068,-0.001,0.0
2026-10-07T09:21:36.004199,9,51.52,22.39,16.96,-87.4,38.12,-0.0,-785.4,225.8,177.7,1.6,143.4,-0.3,0.252,0.837,-0.028,0.067,0.001,0.0
2026-10-07T09:21:36.510495,9,51.52,22.39,16.96,-87.4,38.12,-0.0,-785.4,225.8,177.7,1.6,143.4,0.0,-0.146,0.053,-0.029,-0.001,-0.0,0.0
2026-10-07T09:21:37.011402,9,51.52,22.39,16.96,-87.4,38.12,0.05,-785.4,225.8,177.7,1.6,143.4,0.4,0.209,-0.804,0.077,0.07,0.056,0.0
2026-10-07T09:21:37.513575,9,51.52,22.39,16.96,-87.4,38.12,-0.0,-785.4,225.8,177.7,1.6,143.4,-0.0,0.053,-0.021,0.011,0.0,0.0,0.0
2026-10-07T09:21:38.019929,9,51.52,22.39,16.96,-87.4,38.12,-0.05,-785.4,225.8,177.7,1.6,143.4,-0.4,-0.042,0.627,-0.038,-0.069,-0.056,0.0
2026-10-07T09:21:38.520568,9,51.52,22.39,16.96,-87.4,38.12,-0.0,-785.4,225.8,177.7,1.6,143.4,0.0,-0.113,0.166,-0.029,-0.001,0.0,0.0
2026-10-07T09:21:39.030796,9,51.52,22.39,16.96,-87.4,38.12,-0.0,-785.4,225.8,177.7,1.6,143.4,-0.0,0.02,-0.03,0.005,0.0,-0.0,0.0
2026-10-07T09:21:39.533074,9,51.52,22.39,16.96,-87.4,38.12,-0.0,-785.4,225.8,177.7,1.6,143.4,-0.3,-0.068,-0.772,0.053,0.068,0.069,0.0
2026-10-07T09:21:40.041246,9,51.52,22.39,16.96,-87.4,38.12,-0.0,-785.4,225.8,177.7,1.6,143.4,-0.0,0.142,-0.958,0.104,0.003,-0.0,0.0
2026-10-07T09:21:40.541915,9,51.52,22.39,16.96,-87.4,38.12,-0.05,-785.4,225.8,177.7,1.6,143.4,-0.7,-0.21,0.761,-0.076,-0.002,-0.055,0.0
2026-10-07T09:21:41.043085,9,51.52,22.39,16.96,-87.4,38.12,-0.05,-785.4,225.8,177.7,1.6,143.4,-0.7,-0.158,-0.022,0.006,0.001,-0.122,0.0
2026-10-07T09:21:41.560082,9,51.52,22.39,16.96,-87.4,38.12,0.05,-785.4,225.8,177.7,1.6,143.4,1.1,0.175,0.016,0.002,-0.068,0.053,0.0
2026-10-07T09:21:42.071823,9,51.52,22.39,16.96,-87.4,38.12,-0.0,-785.4,225.8,177.7,1.6,143.4,-0.0,0.039,-0.015,0.011,0.001,-0.068,0.0
2026-10-07T09:21:42.574947,9,51.52,22.39,16.96,-87.4,38.12,0.05,-785.4,225.8,177.7,1.6,143.4,1.1,0.135,0.118,-0.011,-0.068,0.053,0.0
2026-10-07T09:21:43.082452,9,51.52,22.39,16.96,-87.4,38.12,-0.05,-785.4,225.8,177.7,1.6,143.4,-0.7,-0.117,0.142,0.002,0.0,-0.054,0.0
2026-10-07T09:21:43.585130,9,51.52,22.39,16.96,-87.4,38.12,-0.0,-785.4,225.8,177.7,1.6,143.4,-0.3,-0.013,-0.938,0.074,0.07,0.001,0.0
2026-10-07T09:21:44.092399,9,51.52,22.39,16.96,-87.4,38.12,-0.05,-785.4,225.8,177.7,1.6,143.4,-1.1,-0.016,0.591,-0.033,0.067,-0.054,0.0
2026-10-07T09:21:44.596391,9,51.52,22.39,16.96,-87.4,38.12,-0.05,-785.4,225.8,177.7,1.6,143.4,-0.7,-0.356,-0.752,0.034,0.001,-0.054,0.0
2026-10-07T09:21:45.102687,9,51.52,22.39,16.96,-87.4,38.12,-0.05,-785.4,225.8,177.7,1.6,143.4,-0.7,-0.111,0.899,-0.065,-0.002,-0.054,0.0
2026-10-07T09:21:45.609151,9,51.52,22.39,16.96,-87.4,38.12,-0.0,-785.4,225.8,177.7,1.6,143.4,0.3,-0.111,0.062,-0.025,-0.07,0.067,0.0
2026-10-07T09:21:46.114149,9,51.52,22.39,16.96,-87.4,38.12,0.05,-785.4,225.8,177.7,1.6,143.4,0.7,0.182,-0.0,-0.0,-0.001,0.122,0.0
2026-10-07T09:21:46.617035,9,51.52,22.39,16.96,-87.4,38.12,0.05,-785.4,225.8,177.7,1.6,143.4,0.7,0.12,0.015,-0.012,-0.001,0.122,0.0
2026-10-07T09:21:47.119596,9,51.52,22.39,16.96,-87.4,38.12,0.05,-785.4,225.8,177.7,1.6,143.4,0.7,0.115,-0.776,0.06,0.002,0.054,0.0
2026-10-07T09:21:47.625989,5,51.52,22.39,16.96,-87.4,38.12,-0.0,-785.4,225.8,177.7,1.6,143.4,-0.0,0.049,0.011,0.008,0.0,0.0,0.0
2026-10-07T09:21:48.129884,5,51.52,22.39,16.96,-87.4,38.12,0.05,-785.4,225.8,177.7,1.6,143.4,0.7,0.235,0.076,0.008,0.0,0.055,0.0
2026-10-07T09:21:48.635306,5,51.52,22.39,16.96,-87.4,38.12,-0.05,-785.4,225.8,177.7,1.6,143.4,-0.4,-0.046,0.909,-0.056,-0.071,0.012,0.0
2026-10-07T09:21:49.140216,5,51.52,22.39,16.96,-87.4,38.12,-0.0,-785.4,225.8,177.7,1.6,143.4,0.0,-0.091,-0.709,0.049,0.002,0.0,0.0
2026-10-07T09:21:49.648662,5,51.52,22.39,16.96,-87.4,38.12,-0.0,-785.4,225.8,177.7,1.6,143.4,-0.0,0.081,0.737,-0.049,-0.001,-0.068,0.0
2026-10-07T09:21:50.151177,5,51.52,22.39,16.96,-87.4,38.12,-0.0,-785.4,225.8,177.7,1.6,143.4,0.3,0.277,0.814,-0.02,-0.069,-0.001,0.0
2026-10-07T09:21:50.652832,8,49.41,26.48,14.97,-87.41,38.57,2.45,-777.2,226.1,177.7,1.6,143.4,30.5,43.495,3.128,0.109,0.02,-0.147,0.0
2026-10-07T09:21:51.157986,8,44.99,34.72,11.08,-87.43,39.77,2.5,-756.2,227.2,177.7,1.6,143.4,30.4,41.3,2.856,-0.075,-0.033,-0.25,0.0
2026-10-07T09:21:51.668162,8,41.32,41.29,8.12,-87.44,41.07,2.67,-734.6,228.3,177.7,1.6,143.4,31.0,41.669,2.306,-0.044,-0.026,-0.064,0.0
2026-10-07T09:21:52.173299,8,38.23,46.63,5.81,-87.45,42.41,2.88,-713.6,229.4,177.7,1.6,143.4,31.9,41.931,-0.504,0.186,0.07,0.103,0.0
2026-10-07T09:21:52.684166,8,35.42,51.31,3.87,-87.46,43.83,2.83,-692.2,230.5,177.7,1.6,143.4,30.0,41.155,3.197,-0.09,-0.026,-0.144,0.0
2026-10-07T09:21:53.191866,8,32.96,55.29,2.28,-87.47,45.29,3.05,-671.5,231.5,177.7,1.6,143.4,30.7,41.652,3.718,-0.162,0.028,0.083,0.0
2026-10-07T09:21:53.698188,8,30.63,58.96,0.87,-87.47,46.87,3.16,-650.0,232.6,177.7,1.6,143.4,30.7,41.516,3.452,-0.104,-0.032,-0.208,0.0
2026-10-07T09:21:54.200454,8,28.53,62.16,-0.31,-87.48,48.49,3.32,-628.9,233.6,177.7,1.6,143.4,30.8,41.966,2.604,0.004,-0.014,-0.106,0.0
2026-10-07T09:21:54.707826,8,26.61,65.01,-1.33,-87.49,50.19,3.43,-607.9,234.7,177.7,1.6,143.4,30.4,41.975,0.03,0.178,0.027,0.007,0.0
2026-10-07T09:21:55.223030,8,24.88,67.51,-2.18,-87.5,51.93,3.75,-587.4,235.7,177.7,1.6,143.4,32.5,42.278,3.843,-0.201,-0.075,0.271,0.0
2026-10-07T09:21:55.730277,8,23.17,69.9,-2.96,-87.51,53.88,3.75,-565.2,236.9,177.7,1.6,143.4,30.7,42.035,1.394,0.082,0.003,0.072,0.0
2026-10-07T09:21:56.239339,8,21.7,71.92,-3.6,-87.52,55.83,4.08,-543.9,237.9,177.7,1.6,143.4,33.0,42.252,0.997,0.099,-0.063,0.131,0.0
2026-10-07T09:21:56.746669,8,20.39,73.66,-4.13,-87.53,57.84,3.16,-523.0,239.0,177.7,1.6,143.4,24.0,32.479,2.057,-0.03,-0.037,0.094,0.0
2026-10-07T09:21:57.254926,5,20.27,73.81,-4.17,-87.53,58.02,0.05,-521.1,239.1,177.7,1.6,143.4,0.2,0.217,0.005,-0.027,0.062,0.054,0.0
2026-10-07T09:21:57.760306,8,20.2,72.66,-2.94,-87.53,57.99,-0.27,-521.2,246.9,177.7,1.6,143.4,-2.9,0.065,52.299,0.145,0.048,-0.065,0.0
2026-10-07T09:21:58.279012,8,20.1,68.61,1.2,-87.54,57.9,-0.22,-521.6,272.9,177.7,1.6,143.4,-2.4,1.336,50.226,0.342,0.063,0.059,0.0
2026-10-07T09:21:58.781560,8,20.3,64.02,5.6,-87.53,57.8,-0.27,-522.1,299.7,177.7,1.6,143.4,-2.1,-1.84,52.299,-0.165,-0.049,-0.06,0.0
2026-10-07T09:21:59.290248,8,20.82,58.97,10.14,-87.52,57.7,-0.33,-522.5,326.3,177.7,1.6,143.4,-2.7,-1.972,50.355,-0.036,0.015,-0.043,0.0
2026-10-07T09:21:59.794952,8,21.65,53.63,14.65,-87.5,57.61,-0.27,-522.9,351.4,177.7,1.6,143.4,-1.5,-1.255,52.075,-0.082,-0.133,0.019,0.0
2026-10-07T09:22:00.295277,8,23.0,47.08,19.86,-87.48,57.5,-0.27,-523.3,378.4,177.7,1.6,143.4,-2.1,-0.417,51.243,0.14,0.046,0.03,0.0
2026-10-07T09:22:00.798308,8,24.93,39.56,25.45,-87.44,57.39,-0.38,-523.8,404.6,177.7,1.6,143.4,-3.0,-0.238,50.788,0.302,0.063,0.004,0.0
2026-10-07T09:22:01.302951,8,27.48,31.17,31.3,-87.39,57.3,-0.11,-524.2,428.1,177.7,1.6,143.4,-0.1,-0.531,15.051,0.12,-0.057,0.002,0.0
2026-10-07T09:22:01.804431,5,27.53,31.02,31.4,-87.39,57.29,-0.05,-524.2,428.5,177.7,1.6,143.4,-0.6,-0.111,0.578,-0.052,-0.02,-0.054,0.0
2026-10-07T09:22:02.308319,5,27.53,31.02,31.4,-87.39,57.29,-0.0,-524.2,428.5,177.7,1.6,143.4,-0.1,0.277,0.41,-0.03,-0.012,-0.0,0.0
2026-10-07T09:22:02.812095,8,27.84,30.39,32.05,-86.88,57.04,-2.56,-524.2,428.5,177.1,1.6,143.4,-1.5,1.185,-0.471,5.314,-3.632,0.042,0.0
2026-10-07T09:22:03.320236,8,29.6,26.93,35.61,-84.24,55.69,-2.39,-524.2,428.5,173.9,1.6,143.4,-1.2,-0.367,-0.451,4.956,-3.495,0.174,0.0
2026-10-07T09:22:03.821256,8,31.59,23.1,39.42,-81.7,54.3,-1.8,-524.2,428.5,170.8,1.6,143.4,0.1,-0.912,1.192,3.538,-2.948,0.119,0.0
2026-10-07T09:22:04.324804,8,31.56,23.16,39.37,-81.74,54.32,1.52,-524.2,428.4,170.8,1.6,143.4,-0.0,0.166,-0.703,-3.172,2.473,-0.024,0.0
2026-10-07T09:22:04.836891,8,29.56,27.03,35.52,-84.31,55.73,2.23,-524.2,428.5,174.0,1.6,143.4,-0.9,-1.096,0.225,-5.029,3.606,-0.27,0.0
2026-10-07T09:22:05.339820,8,27.8,30.48,31.97,-86.95,57.08,2.45,-524.2,428.5,177.2,1.6,143.4,0.5,0.284,1.522,-5.157,3.542,-0.29,0.0
2026-10-07T09:22:05.847311,8,26.23,33.65,28.63,-89.67,58.37,2.39,-524.2,428.5,-179.7,1.6,143.4,-1.0,0.775,-0.339,-4.761,3.684,-0.233,0.0
2026-10-07T09:22:06.354448,8,24.81,36.61,25.49,-92.43,59.6,2.5,-524.2,428.5,-176.5,1.6,143.4,0.4,0.093,-0.291,-4.936,3.534,-0.271,0.0
2026-10-07T09:22:06.861347,8,23.53,39.4,22.49,-95.25,60.77,1.8,-524.1,428.5,-173.4,1.6,143.4,0.5,1.31,0.256,-3.163,2.512,0.122,0.0
2026-10-07T09:22:07.370106,5,23.5,39.46,22.43,-95.31,60.79,-0.0,-524.2,428.5,-173.3,1.6,143.4,-0.2,0.329,0.548,-0.031,-0.015,0.0,0.0
2026-10-07T09:22:07.876241,5,23.5,39.46,22.43,-95.31,60.79,-0.0,-524.2,428.5,-173.3,1.6,143.4,0.3,0.18,-0.23,0.051,-0.051,0.005,0.0
2026-10-07T09:22:08.386009,8,25.53,35.66,25.83,-96.18,61.35,1.25,-524.1,428.5,-173.3,-0.2,143.2,-0.7,-0.314,-1.224,3.892,5.142,-0.69,0.0
2026-10-07T09:22:08.892053,8,29.2,28.73,31.72,-97.51,62.28,-0.0,-524.2,428.5,-173.3,-3.1,142.9,-0.4,0.097,-0.476,0.205,0.175,-0.131,0.0
2026-10-07T09:22:09.412224,5,29.2,28.73,31.71,-97.51,62.28,-0.05,-524.2,428.5,-173.3,-3.1,142.9,-0.5,-0.318,0.067,-0.002,-0.001,-0.054,0.0
2026-10-07T09:22:09.915436,5,29.2,28.73,31.71,-97.51,62.28,-0.0,-524.2,428.5,-173.3,-3.1,142.9,0.3,0.137,-0.081,0.024,-0.064,-0.067,0.0
2026-10-07T09:22:10.420209,8,26.06,34.67,26.69,-96.39,61.49,-1.31,-524.2,428.5,-173.3,-0.7,143.1,-0.2,0.795,-0.678,-3.453,-4.96,0.749,0.0
2026-10-07T09:22:10.926150,8,22.55,41.24,20.8,-94.86,60.52,-1.41,-524.1,428.5,-173.3,2.5,143.5,0.8,-2.308,0.34,-3.99,-5.162,0.608,0.0
2026-10-07T09:22:11.435924,8,19.39,47.11,15.27,-93.21,59.56,-1.47,-524.2,428.5,-173.3,5.6,143.9,-0.7,1.446,0.585,-3.614,-4.927,0.797,0.0
2026-10-07T09:22:11.937103,5,18.17,49.37,13.07,-92.5,59.18,-0.0,-524.1,428.5,-173.3,7.0,144.0,-0.0,0.069,0.103,0.007,-0.009,-0.067,0.0
2026-10-07T09:22:12.437830,5,18.17,49.37,13.07,-92.5,59.18,0.05,-524.1,428.5,-173.3,7.0,144.0,0.5,0.333,0.07,-0.005,-0.014,-0.012,0.0
2026-10-07T09:22:12.945034,8,18.17,49.37,13.07,-92.5,59.04,-0.0,-524.2,428.5,-173.3,6.9,144.2,-0.2,0.363,0.413,-0.134,0.665,4.014,0.0
2026-10-07T09:22:13.452422,8,18.17,49.37,13.07,-92.5,55.86,-0.0,-524.2,428.5,-172.9,6.6,147.4,0.3,0.14,-0.008,-0.147,0.948,6.031,0.0
2026-10-07T09:22:13.955029,8,18.17,49.37,13.07,-92.5,52.69,-0.0,-524.2,428.5,-172.5,6.2,150.5,0.4,-0.064,-0.565,-0.096,0.994,6.165,0.0
2026-10-07T09:22:14.455312,8,18.17,49.37,13.07,-92.5,49.57,-0.0,-524.2,428.5,-172.2,5.7,153.6,-0.4,0.069,0.468,-0.254,1.072,6.143,0.0
2026-10-07T09:22:14.961469,8,18.17,49.37,13.07,-92.5,46.42,0.05,-524.2,428.5,-171.9,5.3,156.8,0.6,0.019,-0.563,-0.147,1.057,6.275,0.0
2026-10-07T09:22:15.463400,8,18.17,49.37,13.07,-92.5,43.35,-0.0,-524.2,428.5,-171.7,4.9,159.8,0.0,-0.007,0.143,-0.12,0.623,3.746,0.0
2026-10-07T09:22:15.966915,5,18.17,49.37,13.07,-92.5,43.3,0.05,-524.2,428.5,-171.6,4.9,159.9,0.9,0.215,-0.54,0.069,-0.043,0.066,0.0
2026-10-07T09:22:16.468549,5,18.17,49.37,13.07,-92.5,43.3,-0.0,-524.2,428.5,-171.6,4.9,159.9,-0.5,0.221,0.577,-0.054,0.037,-0.078,0.0
2026-10-07T09:22:16.972451,5,18.17,49.37,13.07,-92.5,43.3,-0.05,-524.2,428.5,-171.6,4.9,159.9,-0.6,-0.195,-0.139,0.035,0.015,-0.054,0.0
2026-10-07T09:22:17.477244,8,16.57,51.77,12.24,-92.39,42.5,-3.75,-520.3,427.5,-171.7,4.9,159.9,-47.4,16.283,-10.066,0.547,0.135,-0.093,0.0
2026-10-07T09:22:17.983606,8,13.04,56.87,10.6,-92.1,40.54,-4.03,-511.4,425.3,-171.6,4.9,159.9,-48.5,17.563,-5.556,0.053,0.073,-0.03,0.0
2026-10-07T09:22:18.487458,5,11.86,58.52,10.11,-91.99,39.82,-0.0,-508.3,424.6,-171.6,4.9,159.9,-0.3,-0.026,0.086,-0.012,0.067,-0.011,0.0
2026-10-07T09:22:18.989234,8,10.32,60.64,9.52,-91.84,38.82,-4.3,-504.1,423.5,-171.6,4.9,159.9,-48.5,17.27,-5.124,0.053,0.069,0.052,0.0
2026-10-07T09:22:19.499823,8,7.09,64.89,8.44,-91.49,36.54,-4.52,-494.9,421.3,-171.6,4.9,159.9,-47.2,16.976,-6.103,0.132,0.112,0.323,0.0
2026-10-07T09:22:20.010926,8,4.12,68.62,7.65,-91.12,34.16,-5.12,-486.1,419.1,-171.6,4.9,159.9,-49.8,17.73,-2.473,-0.209,-0.032,-0.19,0.0
2026-10-07T09:22:20.526702,8,1.17,72.14,7.06,-90.7,31.51,-5.5,-476.9,416.8,-171.6,4.9,159.9,-49.7,17.937,-5.395,0.118,0.038,-0.218,0.0
2026-10-07T09:22:21.030275,8,-0.63,74.2,6.79,-90.42,29.72,0.05,-471.0,415.4,-171.6,4.9,159.9,0.8,0.252,0.03,0.007,-0.067,0.066,0.0
2026-10-07T09:22:21.536249,5,-0.63,74.2,6.79,-90.42,29.72,-0.0,-471.0,415.4,-171.6,4.9,159.9,0.0,-0.129,-0.74,0.089,0.026,0.067,0.0
2026-10-07T09:22:22.039080,5,-0.63,74.2,6.79,-90.42,29.72,-0.0,-471.0,415.4,-171.6,4.9,159.9,0.0,-0.098,0.316,-0.035,-0.006,-0.0,0.0
2026-10-07T09:22:22.541469,5,-0.63,74.2,6.79,-90.42,29.72,-0.0,-471.0,415.4,-171.6,4.9,159.9,0.3,0.121,-0.215,0.035,-0.062,0.011,0.0
2026-10-07T09:22:23.055882,5,-0.63,74.2,6.79,-90.42,29.72,0.05,-471.0,415.4,-171.6,4.9,159.9,0.5,0.148,0.191,-0.02,-0.015,-0.012,0.0
2026-10-07T09:22:23.586169,8,-0.64,74.21,6.79,-90.42,29.72,0.16,-471.0,415.3,-171.6,4.9,159.9,0.6,2.792,-1.114,0.092,0.068,0.085,0.0
2026-10-07T09:22:24.070228,8,-2.79,76.82,6.33,-90.69,31.16,3.65,-450.5,412.1,-171.6,4.9,159.9,19.1,47.643,-9.629,0.259,0.02,0.127,0.0
2026-10-07T09:22:24.620134,8,-5.22,79.69,5.91,-91.03,33.04,3.97,-426.1,408.3,-171.6,4.9,159.9,18.4,48.424,-6.671,-0.13,0.035,0.167,0.0
2026-10-07T09:22:25.122707,8,-7.67,82.49,5.59,-91.43,35.24,4.41,-399.9,404.2,-171.6,4.9,159.9,19.0,48.617,-7.692,0.035,-0.037,-0.063,0.0
2026-10-07T09:22:25.628667,8,-9.79,84.83,5.4,-91.83,37.49,4.63,-375.7,400.4,-171.6,4.9,159.9,18.2,47.114,-7.181,-0.02,-0.081,-0.043,0.0
2026-10-07T09:22:26.138660,8,-10.15,85.23,5.38,-91.91,37.92,1.25,-371.3,399.7,-171.6,4.9,159.9,4.9,12.189,-2.015,0.019,-0.007,0.015,0.0
2026-10-07T09:22:26.639542,8,-11.91,87.13,5.29,-92.31,40.19,5.06,-349.2,396.3,-171.6,4.9,159.9,17.4,46.6,-7.939,0.054,0.085,-0.106,0.0
2026-10-07T09:22:27.143981,8,-12.9,88.19,5.26,-92.56,41.64,-0.0,-336.0,394.2,-171.6,4.9,159.9,-0.3,-0.093,-0.078,-0.017,0.077,0.056,0.0
2026-10-07T09:22:27.644473,5,-12.9,88.19,5.26,-92.56,41.64,-0.05,-336.0,394.2,-171.6,4.9,159.9,-0.3,-0.198,-0.188,0.02,0.008,-0.054,0.0
2026-10-07T09:22:28.148009,8,-12.76,88.04,5.27,-92.52,41.43,-3.48,-337.9,394.5,-171.6,4.9,159.9,-12.0,-30.877,5.079,-0.039,0.021,-0.121,0.0
2026-10-07T09:22:28.653413,8,-11.03,86.17,5.33,-92.1,39.0,-4.9,-360.5,398.1,-171.6,4.9,159.9,-17.5,-47.961,6.552,0.094,0.033,0.192,0.0
2026-10-07T09:22:29.153529,5,-10.66,85.78,5.35,-92.02,38.53,-0.0,-365.1,398.8,-171.6,4.9,159.9,0.0,-0.044,0.031,-0.01,-0.003,-0.0,0.0
2026-10-07T09:22:29.658562,5,-10.66,85.78,5.35,-92.02,38.53,-0.0,-365.1,398.8,-171.6,4.9,159.9,0.3,0.142,-0.033,0.029,-0.061,0.011,0.0
2026-10-07T09:22:30.163423,5,-10.66,85.78,5.35,-92.02,38.53,-0.0,-365.1,398.8,-171.6,4.9,159.9,-0.1,0.359,0.341,-0.025,0.003,0.067,0.0
2026-10-07T09:22:30.670742,5,-10.66,85.78,5.35,-92.02,38.53,-0.0,-365.1,398.8,-171.6,4.9,159.9,0.2,0.401,0.174,-0.007,-0.073,0.011,0.0
2026-10-07T09:22:31.175731,5,-10.66,85.78,5.35,-92.02,38.53,-0.0,-365.1,398.8,-171.6,4.9,159.9,-0.0,0.128,0.47,-0.073,-0.025,-0.0,0.0
2026-10-07T09:22:31.677652,5,-10.66,85.78,5.35,-92.02,38.53,-0.0,-365.1,398.8,-171.6,4.9,159.9,-0.0,0.106,-0.238,0.029,0.021,0.067,0.0
2026-10-07T09:22:32.179820,5,-10.66,85.78,5.35,-92.02,38.53,-0.05,-365.1,398.8,-171.6,4.9,159.9,-0.3,-0.294,-0.144,-0.002,-0.001,-0.055,0.0
2026-10-07T09:22:32.684461,5,-10.66,85.78,5.35,-92.02,38.53,-0.0,-365.1,398.8,-171.6,4.9,159.9,-0.3,-0.032,-0.336,0.011,0.062,-0.078,0.0
2026-10-07T09:22:33.187021,5,-10.66,85.78,5.35,-92.02,38.53,-0.05,-365.1,398.8,-171.6,4.9,159.9,-0.6,-0.422,-0.538,0.066,0.093,-0.065,0.0
2026-10-07T09:22:33.690967,5,-10.66,85.78,5.35,-92.02,38.53,0.05,-365.1,398.8,-171.6,4.9,159.9,0.2,0.723,-0.051,0.019,-0.006,-0.012,0.0
2026-10-07T09:22:34.198982,8,-10.78,87.49,3.75,-92.01,38.49,-0.22,-366.8,389.0,-171.6,4.9,159.9,0.8,-7.748,-52.586,0.239,0.091,-0.085,0.0
2026-10-07T09:22:34.708726,8,-10.92,91.87,-0.49,-92.0,38.36,-0.16,-371.1,362.9,-171.6,4.9,159.9,1.2,-7.88,-52.379,0.111,0.071,0.033,0.0
2026-10-07T09:22:35.213370,8,-10.8,96.02,-4.77,-91.98,38.23,-0.16,-375.5,336.7,-171.6,4.9,159.9,1.4,-8.649,-51.262,-0.044,0.032,0.03,0.0
2026-10-07T09:22:35.714145,8,-10.42,99.84,-8.97,-91.96,38.1,-0.11,-379.8,311.1,-171.6,4.9,159.9,2.0,-9.313,-50.444,-0.207,-0.009,0.081,0.0
2026-10-07T09:22:36.225884,8,-9.78,103.45,-13.22,-91.93,37.98,-0.16,-384.1,285.4,-171.6,4.9,159.9,1.3,-6.344,-54.186,0.49,0.084,0.053,0.0
2026-10-07T09:22:36.729500,8,-8.84,106.92,-17.64,-91.9,37.85,-0.22,-388.5,259.2,-171.6,4.9,159.9,0.9,-8.845,-51.488,0.072,0.104,-0.027,0.0
2026-10-07T09:22:37.235939,8,-7.61,110.15,-22.1,-91.86,37.72,-0.16,-392.9,233.1,-171.6,4.9,159.9,1.9,-9.858,-51.814,-0.239,-0.051,0.032,0.0
2026-10-07T09:22:37.742838,8,-6.1,113.15,-26.61,-91.81,37.6,-0.16,-397.2,207.3,-171.6,4.9,159.9,1.6,-8.995,-50.767,-0.149,-0.023,-0.031,0.0
2026-10-07T09:22:38.250133,8,-4.27,115.94,-31.24,-91.76,37.48,-0.16,-401.6,181.3,-171.6,4.9,159.9,1.7,-8.683,-52.559,0.129,0.021,0.049,0.0
2026-10-07T09:22:38.753913,8,-2.2,118.41,-35.77,-91.7,37.36,-0.11,-405.8,156.3,-171.6,4.9,159.9,0.9,-5.303,-29.755,-0.126,-0.047,-0.076,0.0
2026-10-07T09:22:39.256136,8,-1.91,118.72,-36.38,-91.69,37.35,-0.11,-406.3,152.9,-171.6,4.9,159.9,1.0,-4.746,-32.209,0.166,-0.023,-0.064,0.0
2026-10-07T09:22:39.757933,8,0.51,120.94,-41.02,-91.63,37.24,-0.22,-410.5,127.8,-171.6,4.9,159.9,0.6,-8.293,-53.052,0.219,0.135,-0.076,0.0
2026-10-07T09:22:40.258027,5,1.23,121.52,-42.31,-91.61,37.21,-0.0,-411.7,120.9,-171.6,4.9,159.9,0.0,-0.052,0.055,-0.007,-0.002,-0.0,0.0
2026-10-07T09:22:40.759148,5,1.23,121.52,-42.31,-91.61,37.21,-0.0,-411.7,120.9,-171.6,4.9,159.9,0.4,-0.189,0.256,-0.026,-0.078,0.011,0.0
2026-10-07T09:22:41.261946,5,1.23,121.52,-42.31,-91.61,37.21,-0.0,-411.7,120.9,-171.6,4.9,159.9,-0.3,-0.092,0.004,-0.018,0.064,-0.011,0.0
2026-10-07T09:22:41.771108,5,1.23,121.52,-42.31,-91.61,37.21,-0.0,-411.7,120.9,-171.6,4.9,159.9,0.0,-0.12,0.512,-0.073,-0.023,-0.0,0.0
2026-10-07T09:22:42.272374,5,1.23,121.52,-42.31,-91.61,37.21,0.05,-411.7,120.9,-171.6,4.9,159.9,0.7,0.314,-0.392,0.066,-0.061,-0.001,0.0
2026-10-07T09:22:42.785944,5,1.23,121.52,-42.31,-91.61,37.21,-0.0,-411.7,120.9,-171.6,4.9,159.9,0.0,-0.006,0.413,-0.055,-0.006,0.067,0.0
2026-10-07T09:22:43.293245,5,1.23,121.52,-42.31,-91.61,37.21,-0.0,-411.7,120.9,-171.6,4.9,159.9,0.0,-0.11,0.124,-0.015,0.007,0.067,0.0
2026-10-07T09:22:43.796440,5,1.23,121.52,-42.31,-91.61,37.21,-0.05,-411.7,120.9,-171.6,4.9,159.9,-0.5,-0.05,-0.215,0.028,-0.003,-0.121,0.0
2026-10-07T09:22:44.298484,5,1.23,121.52,-42.31,-91.61,37.21,-0.0,-411.7,120.9,-171.6,4.9,159.9,0.0,-0.042,0.064,0.001,-0.012,-0.067,0.0
2026-10-07T09:22:44.800881,5,1.23,121.52,-42.31,-91.61,37.21,-0.05,-411.7,120.9,-171.6,4.9,159.9,-0.1,-0.026,-0.134,0.037,-0.047,0.024,0.0
2026-10-07T09:22:45.304172,5,1.23,121.52,-42.31,-91.61,37.21,-0.0,-411.7,120.9,-171.6,4.9,159.9,0.0,-0.115,-0.301,0.034,0.011,0.0,0.0
2026-10-07T09:22:45.809856,5,1.23,121.52,-42.31,-91.61,37.21,-0.0,-411.7,120.9,-171.6,4.9,159.9,0.3,0.057,-0.39,0.063,-0.05,0.011,0.0
2026-10-07T09:22:46.314160,5,1.23,121.52,-42.31,-91.61,37.21,-0.0,-411.7,120.9,-171.6,4.9,159.9,-0.3,-0.234,0.537,-0.094,0.04,-0.011,0.0
2026-10-07T09:22:46.819262,5,1.23,121.52,-42.31,-91.61,37.21,0.05,-411.7,120.9,-171.6,4.9,159.9,0.1,0.038,0.557,-0.083,0.044,0.043,0.0
2026-10-07T09:22:47.351469,5,1.23,121.52,-42.31,-91.61,37.21,-0.0,-411.7,120.9,-171.6,4.9,159.9,0.1,-0.179,0.62,-0.071,-0.022,-0.0,0.0
2026-10-07T09:22:47.855626,5,1.23,121.52,-42.31,-91.61,37.21,-0.0,-411.7,120.9,-171.6,4.9,159.9,-0.4,-0.0,-0.057,0.001,0.07,-0.011,0.0
2026-10-07T09:22:48.368518,5,1.23,121.52,-42.31,-91.61,37.21,-0.0,-411.7,120.9,-171.6,4.9,159.9,-0.0,0.096,-0.121,0.01,-0.009,-0.067,0.0
2026-10-07T09:22:48.877838,5,1.23,121.52,-42.31,-91.61,37.21,-0.0,-411.7,120.9,-171.6,4.9,159.9,0.3,0.297,-0.197,0.05,-0.055,0.011,0.0
2026-10-07T09:22:49.391989,5,1.23,121.52,-42.31,-91.61,37.21,0.05,-411.7,120.9,-171.6,4.9,159.9,0.1,0.112,0.031,-0.03,0.061,0.043,0.0
2026-10-07T09:22:49.898852,5,1.23,121.52,-42.31,-91.61,37.21,-0.0,-411.7,120.9,-171.6,4.9,159.9,0.4,-0.003,0.491,-0.047,-0.097,-0.056,0.0
2026-10-07T09:22:50.400777,5,1.23,121.52,-42.31,-91.61,37.21,-0.0,-411.7,120.9,-171.6,4.9,159.9,-0.0,0.136,-0.088,0.03,0.009,0.0,0.0
2026-10-07T09:22:50.906829,5,1.23,121.52,-42.31,-91.61,37.21,0.05,-411.7,120.9,-171.6,4.9,159.9,0.1,0.162,-0.472,0.019,0.077,0.043,0.0
2026-10-07T09:22:51.409264,5,1.23,121.52,-42.31,-91.61,37.21,0.05,-411.7,120.9,-171.6,4.9,159.9,0.3,0.43,-0.573,0.082,0.014,-0.012,0.0
2026-10-07T09:22:51.921834,5,1.23,121.52,-42.31,-91.61,37.21,-0.05,-411.7,120.9,-171.6,4.9,159.9,-0.4,-0.236,-0.443,0.051,0.016,-0.054,0.0
2026-10-07T09:22:52.423159,5,1.23,121.52,-42.31,-91.61,37.21,-0.05,-411.7,120.9,-171.6,4.9,159.9,-0.4,-0.165,-0.519,0.058,0.03,0.013,0.0
2026-10-07T09:22:52.934907,5,1.23,121.52,-42.31,-91.61,37.21,-0.0,-411.7,120.9,-171.6,4.9,159.9,0.0,-0.092,0.098,-0.01,-0.015,-0.067,0.0
2026-10-07T09:22:53.443225,5,1.23,121.52,-42.31,-91.61,37.21,-0.0,-411.7,120.9,-171.6,4.9,159.9,-0.0,0.112,-0.125,0.011,0.015,0.067,0.0
2026-10-07T09:22:53.954592,5,1.23,121.52,-42.31,-91.61,37.21,-0.0,-411.7,120.9,-171.6,4.9,159.9,-0.0,0.157,-0.594,0.068,0.022,0.0,0.0
2026-10-07T09:22:54.455550,5,1.23,121.52,-42.31,-91.61,37.21,-0.0,-411.7,120.9,-171.6,4.9,159.9,0.2,0.446,-0.804,0.111,-0.024,0.078,0.0
2026-10-07T09:22:54.956373,5,1.23,121.52,-42.31,-91.61,37.21,-0.0,-411.7,120.9,-171.6,4.9,159.9,-0.2,-0.36,0.707,-0.103,0.038,-0.011,0.0
2026-10-07T09:22:55.457779,5,1.23,121.52,-42.31,-91.61,37.21,-0.0,-411.7,120.9,-171.6,4.9,159.9,0.0,-0.163,0.539,-0.082,-0.026,-0.0,0.0
2026-10-07T09:22:55.958323,5,1.23,121.52,-42.31,-91.61,37.21,-0.0,-411.7,120.9,-171.6,4.9,159.9,-0.3,-0.106,0.446,-0.07,0.06,0.056,0.0
2026-10-07T09:22:56.461297,5,1.23,121.52,-42.31,-91.61,37.21,0.05,-411.7,120.9,-171.6,4.9,159.9,0.0,0.332,-0.599,0.055,0.076,-0.024,0.0
2026-10-07T09:22:56.972145,5,1.23,121.52,-42.31,-91.61,37.21,0.05,-411.7,120.9,-171.6,4.9,159.9,0.7,0.237,0.542,-0.043,-0.084,0.066,0.0
2026-10-07T09:22:57.479924,5,1.23,121.52,-42.31,-91.61,37.21,-0.0,-411.7,120.9,-171.6,4.9,159.9,-0.1,0.248,-0.209,0.044,0.013,0.0,0.0
2026-10-07T09:22:57.980018,5,1.23,121.52,-42.31,-91.61,37.21,-0.0,-411.7,120.9,-171.6,4.9,159.9,-0.1,0.255,-0.216,0.044,0.014,0.0,0.0
2026-10-07T09:22:58.481667,5,1.23,121.52,-42.31,-91.61,37.21,-0.0,-411.7,120.9,-171.6,4.9,159.9,0.0,-0.128,0.099,-0.024,-0.007,-0.0,0.0
2026-10-07T09:34:46.767279,4,5.71,66.3,14.15,-88.73,19.48,0.05,-520.1,407.4,-176.9,2.9,159.5,0.5,0.077,0.179,-0.02,0.0,0.054,0.0
2026-10-07T09:34:47.252627,4,5.71,66.3,14.15,-88.73,19.48,-0.0,-520.1,407.4,-176.9,2.9,159.5,0.0,0.014,-0.12,0.01,-0.0,-0.0,0.0
2026-10-07T09:34:47.754256,4,5.71,66.3,14.15,-88.73,19.48,-0.0,-520.1,407.4,-176.9,2.9,159.5,0.0,0.251,0.49,-0.054,0.001,-0.0,0.0
2026-10-07T09:34:48.258245,4,5.71,66.3,14.15,-88.73,19.48,-0.0,-520.1,407.4,-176.9,2.9,159.5,-0.3,0.209,-0.239,0.051,0.067,-0.004,0.0
2026-10-07T09:34:48.764276,4,5.71,66.3,14.15,-88.73,19.48,-0.0,-520.1,407.4,-176.9,2.9,159.5,0.3,-0.023,-0.205,0.008,-0.068,0.004,0.0
2026-10-07T09:34:49.267720,4,5.71,66.3,14.15,-88.73,19.48,-0.05,-520.1,407.4,-176.9,2.9,159.5,-0.5,-0.446,-0.296,0.033,-0.005,-0.122,0.0
2026-10-07T09:34:49.775040,4,5.71,66.3,14.15,-88.73,19.48,-0.0,-520.1,407.4,-176.9,2.9,159.5,-0.0,-0.335,-0.3,0.027,-0.0,-0.0,0.0
2026-10-07T09:34:50.281612,4,5.71,66.3,14.15,-88.73,19.48,-0.0,-520.1,407.4,-176.9,2.9,159.5,0.3,0.017,0.291,-0.012,-0.072,-0.063,0.0
2026-10-07T09:34:50.791043,4,5.71,66.3,14.15,-88.73,19.48,-0.0,-520.1,407.4,-176.9,2.9,159.5,-0.0,-0.204,-0.603,0.069,-0.001,0.0,0.0
2026-10-07T09:34:51.300145,4,5.71,66.3,14.15,-88.73,19.48,-0.0,-520.1,407.4,-176.9,2.9,159.5,0.0,0.309,0.342,-0.033,-0.004,-0.068,0.0
2026-10-07T09:34:51.801767,4,5.71,66.3,14.15,-88.73,19.48,-0.0,-520.1,407.4,-176.9,2.9,159.5,0.0,0.025,-0.069,0.009,-0.0,-0.0,0.0
2026-10-07T09:34:52.302021,4,5.71,66.3,14.15,-88.73,19.48,-0.0,-520.1,407.4,-176.9,2.9,159.5,0.0,-0.001,0.078,-0.005,0.0,0.0,0.0
2026-10-07T09:34:52.804923,4,5.71,66.3,14.15,-88.73,19.48,-0.0,-520.1,407.4,-176.9,2.9,159.5,-0.0,-0.11,0.054,-0.025,0.005,0.067,0.0
2026-10-07T09:34:53.308534,4,5.71,66.3,14.15,-88.73,19.48,0.05,-520.1,407.4,-176.9,2.9,159.5,0.5,0.539,0.372,-0.019,-0.0,0.055,0.0
2026-10-07T09:34:53.813497,4,5.71,66.3,14.15,-88.73,19.48,-0.0,-520.1,407.4,-176.9,2.9,159.5,-0.3,-0.038,0.006,-0.009,0.072,0.063,0.0
2026-10-07T09:34:54.317413,4,5.71,66.3,14.15,-88.73,19.48,-0.0,-520.1,407.4,-176.9,2.9,159.5,-0.3,-0.044,0.141,-0.016,0.068,-0.005,0.0
2026-10-07T09:34:54.825868,4,5.71,66.3,14.15,-88.73,19.48,0.05,-520.1,407.4,-176.9,2.9,159.5,0.5,0.102,0.051,-0.01,0.005,0.122,0.0
2026-10-07T09:34:55.344530,4,5.71,66.3,14.15,-88.73,19.48,0.05,-520.1,407.4,-176.9,2.9,159.5,0.5,0.375,0.494,-0.055,0.001,0.054,0.0
2026-10-07T09:34:55.850987,4,5.71,66.3,14.15,-88.73,19.48,-0.05,-520.1,407.4,-176.9,2.9,159.5,-0.8,-0.133,-0.024,0.003,0.063,-0.127,0.0
2026-10-07T09:34:56.352761,4,5.71,66.3,14.15,-88.73,19.48,-0.0,-520.1,407.4,-176.9,2.9,159.5,-0.3,-0.144,0.195,-0.036,0.064,-0.072,0.0
2026-10-07T09:34:56.856643,4,5.71,66.3,14.15,-88.73,19.48,0.05,-520.1,407.4,-176.9,2.9,159.5,0.5,0.102,0.086,-0.01,0.0,0.054,0.0
2026-10-07T09:34:57.362669,4,5.71,66.3,14.15,-88.73,19.48,-0.05,-520.1,407.4,-176.9,2.9,159.5,-0.5,-0.133,0.005,-0.001,0.0,-0.054,0.0
2026-10-07T09:34:57.864113,4,5.71,66.3,14.15,-88.73,19.48,-0.0,-520.1,407.4,-176.9,2.9,159.5,-0.0,-0.104,0.325,-0.038,0.001,0.0,0.0
2026-10-07T09:34:58.365371,4,5.71,66.3,14.15,-88.73,19.48,-0.0,-520.1,407.4,-176.9,2.9,159.5,0.3,-0.007,0.01,-0.002,-0.068,0.005,0.0
2026-10-07T09:34:58.869005,4,5.71,66.3,14.15,-88.73,19.48,-0.0,-520.1,407.4,-176.9,2.9,159.5,0.0,0.327,0.338,-0.031,0.0,0.0,0.0
2026-10-07T09:34:59.370538,4,5.71,66.3,14.15,-88.73,19.48,-0.05,-520.1,407.4,-176.9,2.9,159.5,-0.5,-0.049,-0.16,0.022,0.004,0.013,0.0
2026-10-07T09:34:59.872890,4,5.71,66.3,14.15,-88.73,19.48,-0.05,-520.1,407.4,-176.9,2.9,159.5,-0.8,0.035,-0.094,0.037,0.062,-0.126,0.0
2026-10-07T09:35:00.375672,4,5.71,66.3,14.15,-88.73,19.48,-0.0,-520.1,407.4,-176.9,2.9,159.5,-0.3,-0.198,-0.486,0.063,0.067,-0.004,0.0
2026-10-07T09:35:00.895114,4,5.71,66.3,14.15,-88.73,19.48,0.05,-520.1,407.4,-176.9,2.9,159.5,0.5,0.197,0.688,-0.096,-0.003,-0.013,0.0
2026-10-07T09:35:01.401965,4,5.71,66.3,14.15,-88.73,19.48,-0.0,-520.1,407.4,-176.9,2.9,159.5,-0.0,-0.036,0.094,-0.012,0.0,-0.0,0.0
2026-10-07T09:35:01.905392,4,5.71,66.3,14.15,-88.73,19.48,-0.0,-520.1,407.4,-176.9,2.9,159.5,-0.3,0.103,-0.182,0.029,0.067,-0.004,0.0
2026-10-07T09:35:02.412852,4,5.71,66.3,14.15,-88.73,19.48,-0.0,-520.1,407.4,-176.9,2.9,159.5,0.3,0.473,0.148,0.008,-0.073,-0.063,0.0
2026-10-07T09:35:02.914733,4,5.71,66.3,14.15,-88.73,19.48,-0.0,-520.1,407.4,-176.9,2.9,159.5,0.3,-0.006,0.01,-0.001,-0.068,0.005,0.0
2026-10-07T09:35:03.416878,4,5.71,66.3,14.15,-88.73,19.48,-0.05,-520.1,407.4,-176.9,2.9,159.5,-0.5,-0.207,-0.019,-0.012,0.0,-0.055,0.0
2026-10-07T09:35:03.917240,4,5.71,66.3,14.15,-88.73,19.48,-0.05,-520.1,407.4,-176.9,2.9,159.5,-0.5,-0.491,-0.421,0.03,-0.0,-0.055,0.0
2026-10-07T09:35:04.418993,4,5.71,66.3,14.15,-88.73,19.48,-0.0,-520.1,407.4,-176.9,2.9,159.5,0.0,0.477,0.096,0.01,-0.001,0.0,0.0
2026-10-07T09:35:04.919107,4,5.71,66.3,14.15,-88.73,19.48,0.05,-520.1,407.4,-176.9,2.9,159.5,0.5,0.081,0.154,-0.018,0.0,0.054,0.0
2026-10-07T09:35:05.420277,4,5.71,66.3,14.15,-88.73,19.48,-0.0,-520.1,407.4,-176.9,2.9,159.5,0.0,0.271,0.428,-0.046,0.001,-0.0,0.0
2026-10-07T09:35:05.920434,4,5.71,66.3,14.15,-88.73,19.48,-0.0,-520.1,407.4,-176.9,2.9,159.5,-0.0,-0.005,-0.054,0.0,0.005,0.068,0.0
2026-10-07T09:35:06.421891,4,5.71,66.3,14.15,-88.73,19.48,-0.0,-520.1,407.4,-176.9,2.9,159.5,0.3,-0.005,0.007,-0.001,-0.068,0.005,0.0
2026-10-07T09:35:06.922072,4,5.71,66.3,14.15,-88.73,19.48,-0.0,-520.1,407.4,-176.9,2.9,159.5,0.0,0.24,0.608,-0.064,0.005,0.068,0.0
2026-10-07T09:35:07.423069,4,5.71,66.3,14.15,-88.73,19.48,-0.0,-520.1,407.4,-176.9,2.9,159.5,0.0,0.305,0.441,-0.041,0.0,0.0,0.0
2026-10-07T09:35:07.924798,4,5.71,66.3,14.15,-88.73,19.48,-0.0,-520.1,407.4,-176.9,2.9,159.5,0.0,0.056,0.103,0.002,0.005,0.068,0.0
2026-10-07T09:35:08.425020,4,5.71,66.3,14.15,-88.73,19.48,-0.0,-520.1,407.4,-176.9,2.9,159.5,0.0,0.118,-0.04,0.022,0.004,0.068,0.0
2026-10-07T09:35:08.926070,4,5.71,66.3,14.15,-88.73,19.48,-0.05,-520.1,407.4,-176.9,2.9,159.5,-0.8,-0.084,0.1,0.002,0.068,-0.059,0.0
2026-10-07T09:35:09.428007,4,5.71,66.3,14.15,-88.73,19.48,-0.0,-520.1,407.4,-176.9,2.9,159.5,0.0,0.225,0.557,-0.062,0.001,-0.0,0.0
2026-10-07T09:35:09.930371,4,5.71,66.3,14.15,-88.73,19.48,-0.05,-520.1,407.4,-176.9,2.9,159.5,-0.5,-0.024,0.511,-0.082,0.006,0.013,0.0
2026-10-07T09:35:10.434085,4,5.71,66.3,14.15,-88.73,19.48,-0.0,-520.1,407.4,-176.9,2.9,159.5,-0.0,-0.018,0.051,-0.006,0.0,0.0,0.0
2026-10-07T09:35:10.944980,4,5.71,66.3,14.15,-88.73,19.48,-0.05,-520.1,407.4,-176.9,2.9,159.5,-0.5,-0.056,0.128,0.004,0.005,0.013,0.0
2026-10-07T09:35:11.450874,4,5.71,66.3,14.15,-88.73,19.48,-0.11,-520.1,407.4,-176.9,2.9,159.5,-1.0,-0.385,-0.6,0.083,-0.001,-0.109,0.0
2026-10-07T09:35:11.954551,4,5.71,66.3,14.15,-88.73,19.48,0.05,-520.1,407.4,-176.9,2.9,159.5,0.5,-0.093,-0.558,0.064,-0.005,-0.013,0.0
2026-10-07T09:35:12.461331,4,5.71,66.3,14.15,-88.73,19.48,-0.0,-520.1,407.4,-176.9,2.9,159.5,-0.0,-0.015,0.009,-0.005,0.005,0.068,0.0
2026-10-07T09:35:12.963028,4,5.71,66.3,14.15,-88.73,19.48,-0.0,-520.1,407.4,-176.9,2.9,159.5,0.0,0.272,0.503,-0.051,0.001,0.0,0.0
2026-10-07T09:35:13.464055,4,5.71,66.3,14.15,-88.73,19.48,-0.0,-520.1,407.4,-176.9,2.9,159.5,-0.3,0.083,0.114,0.008,0.068,-0.004,0.0
2026-10-07T09:35:13.964875,4,5.71,66.3,14.15,-88.73,19.48,-0.0,-520.1,407.4,-176.9,2.9,159.5,0.3,0.257,0.488,-0.05,-0.072,-0.063,0.0
2026-10-07T09:35:14.475855,4,5.71,66.3,14.15,-88.73,19.48,-0.0,-520.1,407.4,-176.9,2.9,159.5,-0.3,0.24,0.405,-0.051,0.068,-0.005,0.0
2026-10-07T09:35:14.983053,4,5.71,66.3,14.15,-88.73,19.48,-0.0,-520.1,407.4,-176.9,2.9,159.5,-0.0,-0.33,-0.508,0.041,-0.0,-0.0,0.0
2026-10-07T09:35:15.486275,4,5.71,66.3,14.15,-88.73,19.48,-0.05,-520.1,407.4,-176.9,2.9,159.5,-0.5,0.077,0.606,-0.07,0.006,0.013,0.0
2026-10-07T09:35:15.994414,4,5.71,66.3,14.15,-88.73,19.48,-0.0,-520.1,407.4,-176.9,2.9,159.5,-0.3,0.018,-0.009,0.005,0.063,-0.072,0.0
2026-10-07T09:35:16.500955,4,5.71,66.3,14.15,-88.73,19.48,-0.05,-520.1,407.4,-176.9,2.9,159.5,-0.5,-0.051,0.033,0.012,-0.0,-0.054,0.0
2026-10-07T09:35:17.002271,4,5.71,66.3,14.15,-88.73,19.48,-0.0,-520.1,407.4,-176.9,2.9,159.5,0.3,0.043,-0.019,0.009,-0.068,0.005,0.0
2026-10-07T09:35:17.508357,4,5.71,66.3,14.15,-88.73,19.48,-0.0,-520.1,407.4,-176.9,2.9,159.5,-0.3,0.057,0.092,0.005,0.068,-0.004,0.0
2026-10-07T09:35:18.011071,4,5.71,66.3,14.15,-88.73,19.48,-0.05,-520.1,407.4,-176.9,2.9,159.5,-0.5,-0.008,-0.101,0.028,-0.001,-0.054,0.0
2026-10-07T09:35:18.511684,4,5.71,66.3,14.15,-88.73,19.48,-0.05,-520.1,407.4,-176.9,2.9,159.5,-0.5,-0.08,-0.035,0.011,-0.0,-0.054,0.0
2026-10-07T09:35:19.018177,4,5.71,66.3,14.15,-88.73,19.48,0.05,-520.1,407.4,-176.9,2.9,159.5,0.2,-0.242,-0.424,0.028,0.068,0.05,0.0
2026-10-07T09:35:19.525203,4,5.71,66.3,14.15,-88.73,19.48,-0.0,-520.1,407.4,-176.9,2.9,159.5,0.0,0.378,0.428,-0.027,0.0,0.0,0.0
2026-10-07T09:35:20.026373,4,5.71,66.3,14.15,-88.73,19.48,0.05,-520.1,407.4,-176.9,2.9,159.5,0.2,-0.147,-0.361,0.041,0.067,0.05,0.0
2026-10-07T09:35:20.534946,4,5.71,66.3,14.15,-88.73,19.48,-0.0,-520.1,407.4,-176.9,2.9,159.5,-0.3,-0.036,-0.002,-0.007,0.068,-0.005,0.0
2026-10-07T09:35:21.042963,4,5.71,66.3,14.15,-88.73,19.48,-0.0,-520.1,407.4,-176.9,2.9,159.5,0.0,0.083,0.013,0.016,-0.005,-0.067,0.0
2026-10-07T09:35:21.556167,4,5.71,66.3,14.15,-88.73,19.48,0.05,-520.1,407.4,-176.9,2.9,159.5,0.8,0.228,0.568,-0.085,-0.066,0.059,0.0
2026-10-07T09:35:22.060390,4,5.71,66.3,14.15,-88.73,19.48,-0.0,-520.1,407.4,-176.9,2.9,159.5,0.3,0.107,0.026,0.016,-0.063,0.072,0.0
2026-10-07T09:35:22.568210,4,5.71,66.3,14.15,-88.73,19.48,0.05,-520.1,407.4,-176.9,2.9,159.5,0.5,0.105,0.064,-0.008,0.0,0.054,0.0
2026-10-07T09:35:23.070993,4,5.71,66.3,14.15,-88.73,19.48,-0.05,-520.1,407.4,-176.9,2.9,159.5,-0.5,-0.305,0.225,-0.044,0.001,-0.055,0.0
2026-10-07T09:35:23.577001,4,5.71,66.3,14.15,-88.73,19.48,-0.0,-520.1,407.4,-176.9,2.9,159.5,0.0,0.019,0.026,0.002,-0.0,0.0,0.0
2026-10-07T09:35:24.083006,4,5.71,66.3,14.15,-88.73,19.48,-0.0,-520.1,407.4,-176.9,2.9,159.5,-0.0,-0.246,-0.497,0.053,0.004,0.068,0.0
2026-10-07T09:35:24.584816,4,5.71,66.3,14.15,-88.73,19.48,-0.0,-520.1,407.4,-176.9,2.9,159.5,0.0,0.288,0.412,-0.042,0.0,-0.0,0.0
2026-10-07T09:35:25.084966,4,5.71,66.3,14.15,-88.73,19.48,0.05,-520.1,407.4,-176.9,2.9,159.5,0.5,0.332,-0.263,0.053,-0.006,-0.013,0.0
2026-10-07T09:35:25.585261,4,5.71,66.3,14.15,-88.73,19.48,-0.0,-520.1,407.4,-176.9,2.9,159.5,0.0,0.149,-0.275,0.043,-0.001,0.0,0.0
2026-10-07T09:35:26.086804,4,5.71,66.3,14.15,-88.73,19.48,-0.0,-520.1,407.4,-176.9,2.9,159.5,0.0,0.098,-0.159,0.027,-0.001,0.0,0.0
2026-10-07T09:35:26.593337,4,5.71,66.3,14.15,-88.73,19.48,-0.0,-520.1,407.4,-176.9,2.9,159.5,-0.3,-0.194,-0.525,0.066,0.067,-0.004,0.0
2026-10-07T09:35:27.093858,4,5.71,66.3,14.15,-88.73,19.48,0.05,-520.1,407.4,-176.9,2.9,159.5,0.8,0.108,0.142,-0.012,-0.067,0.059,0.0
2026-10-07T09:35:27.601729,4,5.71,66.3,14.15,-88.73,19.48,0.05,-520.1,407.4,-176.9,2.9,159.5,0.8,0.171,0.028,0.008,-0.072,-0.009,0.0
2026-10-07T09:35:28.111171,4,5.71,66.3,14.15,-88.73,19.48,-0.0,-520.1,407.4,-176.9,2.9,159.5,-0.0,-0.044,0.016,-0.009,0.0,-0.0,0.0
2026-10-07T09:35:28.617045,4,5.71,66.3,14.15,-88.73,19.48,0.05,-520.1,407.4,-176.9,2.9,159.5,0.8,-0.546,-0.818,0.069,-0.073,-0.009,0.0
2026-10-07T09:35:29.118972,4,5.71,66.3,14.15,-88.73,19.48,-0.0,-520.1,407.4,-176.9,2.9,159.5,-0.3,0.376,0.405,-0.025,0.063,-0.072,0.0
2026-10-07T09:35:29.625400,4,5.71,66.3,14.15,-88.73,19.48,-0.0,-520.1,407.4,-176.9,2.9,159.5,-0.0,-0.148,-0.554,0.074,0.003,0.068,0.0
2026-10-07T09:35:30.125920,4,5.71,66.3,14.15,-88.73,19.48,-0.0,-520.1,407.4,-176.9,2.9,159.5,0.3,-0.181,0.167,-0.042,-0.067,0.004,0.0
2026-10-07T09:35:30.633937,4,5.71,66.3,14.15,-88.73,19.48,-0.0,-520.1,407.4,-176.9,2.9,159.5,0.3,-0.005,0.009,-0.003,-0.063,0.072,0.0
2026-10-07T09:35:31.141082,4,5.71,66.3,14.15,-88.73,19.48,-0.05,-520.1,407.4,-176.9,2.9,159.5,-0.5,0.091,0.574,-0.066,0.005,0.013,0.0
2026-10-07T09:35:31.641111,4,5.71,66.3,14.15,-88.73,19.48,0.05,-520.1,407.4,-176.9,2.9,159.5,0.5,-0.209,-0.488,0.039,-0.005,-0.013,0.0
2026-10-07T09:35:32.156282,4,5.71,66.3,14.15,-88.73,19.48,-0.0,-520.1,407.4,-176.9,2.9,159.5,-0.0,-0.107,0.072,-0.021,-0.004,-0.068,0.0
2026-10-07T09:35:32.657170,4,5.71,66.3,14.15,-88.73,19.48,-0.0,-520.1,407.4,-176.9,2.9,159.5,-0.0,-0.128,0.188,-0.032,-0.004,-0.068,0.0
2026-10-07T09:35:33.157293,4,5.71,66.3,14.15,-88.73,19.48,-0.0,-520.1,407.4,-176.9,2.9,159.5,-0.0,-0.039,0.002,-0.007,0.0,-0.0,0.0
2026-10-07T09:35:33.666180,4,5.71,66.3,14.15,-88.73,19.48,0.05,-520.1,407.4,-176.9,2.9,159.5,0.5,-0.214,-0.498,0.037,-0.0,0.054,0.0
2026-10-07T09:35:34.171357,4,5.71,66.3,14.15,-88.73,19.48,0.05,-520.1,407.4,-176.9,2.9,159.5,0.5,0.091,0.092,-0.013,0.0,0.054,0.0
2026-10-07T09:35:34.674030,4,5.71,66.3,14.15,-88.73,19.48,-0.0,-520.1,407.4,-176.9,2.9,159.5,0.0,0.194,-0.207,0.047,-0.001,0.0,0.0
2026-10-07T09:35:35.177849,4,5.71,66.3,14.15,-88.73,19.48,0.05,-520.1,407.4,-176.9,2.9,159.5,0.5,0.013,0.017,-0.02,-0.004,-0.013,0.0
2026-10-07T09:35:35.677943,4,5.71,66.3,14.15,-88.73,19.48,-0.0,-520.1,407.4,-176.9,2.9,159.5,-0.0,-0.337,-0.268,0.025,-0.0,0.0,0.0
2026-10-07T09:35:36.184482,4,5.71,66.3,14.15,-88.73,19.48,-0.0,-520.1,407.4,-176.9,2.9,159.5,0.0,-0.002,0.167,-0.01,0.0,0.0,0.0
2026-10-07T09:35:36.704903,4,5.71,66.3,14.15,-88.73,19.48,-0.0,-520.1,407.4,-176.9,2.9,159.5,-0.0,-0.145,0.059,-0.031,0.005,0.067,0.0
2026-10-07T09:35:37.210219,4,5.71,66.3,14.15,-88.73,19.48,-0.05,-520.1,407.4,-176.9,2.9,159.5,-0.2,-0.135,-0.107,0.006,-0.068,-0.05,0.0
2026-10-07T09:35:37.712793,4,5.71,66.3,14.15,-88.73,19.48,-0.0,-520.1,407.4,-176.9,2.9,159.5,-0.0,-0.192,-0.389,0.056,0.004,0.068,0.0
2026-10-07T09:35:38.216352,4,5.71,66.3,14.15,-88.73,19.48,-0.0,-520.1,407.4,-176.9,2.9,159.5,-0.0,-0.204,0.212,-0.049,0.001,-0.0,0.0
2026-10-07T09:35:38.717013,4,5.71,66.3,14.15,-88.73,19.48,-0.0,-520.1,407.4,-176.9,2.9,159.5,0.0,0.321,0.283,-0.029,0.0,-0.0,0.0
2026-10-07T09:35:39.217876,4,5.71,66.3,14.15,-88.73,19.48,-0.0,-520.1,407.4,-176.9,2.9,159.5,-0.0,-0.033,-0.096,-0.0,-0.0,-0.0,0.0
2026-10-07T09:35:39.720489,4,5.71,66.3,14.15,-88.73,19.48,-0.0,-520.1,407.4,-176.9,2.9,159.5,0.3,-0.008,0.015,-0.002,-0.068,0.005,0.0
2026-10-07T09:35:40.227165,4,5.71,66.3,14.15,-88.73,19.48,0.05,-520.1,407.4,-176.9,2.9,159.5,0.8,0.174,0.114,-0.001,-0.063,0.127,0.0
2026-10-07T09:35:40.729333,4,5.71,66.3,14.15,-88.73,19.48,-0.0,-520.1,407.4,-176.9,2.9,159.5,0.0,0.011,-0.005,0.002,-0.0,0.0,0.0
2026-10-07T09:35:41.229656,4,5.71,66.3,14.15,-88.73,19.48,0.05,-520.1,407.4,-176.9,2.9,159.5,0.8,0.065,0.068,-0.015,-0.067,0.059,0.0
2026-10-07T09:35:41.734628,4,5.71,66.3,14.15,-88.73,19.48,-0.0,-520.1,407.4,-176.9,2.9,159.5,0.0,0.074,0.125,0.006,-0.0,0.0,0.0
2026-10-07T09:35:42.239404,4,5.71,66.3,14.15,-88.73,19.48,-0.0,-520.1,407.4,-176.9,2.9,159.5,-0.0,-0.123,0.083,-0.027,0.001,-0.0,0.0
2026-10-07T09:35:42.741549,4,5.71,66.3,14.15,-88.73,19.48,-0.0,-520.1,407.4,-176.9,2.9,159.5,-0.0,-0.026,-0.163,0.003,0.004,0.067,0.0
2026-10-07T09:35:43.244075,4,5.71,66.3,14.15,-88.73,19.48,-0.0,-520.1,407.4,-176.9,2.9,159.5,0.3,-0.232,-0.31,0.049,-0.073,-0.063,0.0
2026-10-07T09:35:43.752919,4,5.71,66.3,14.15,-88.73,19.48,0.05,-520.1,407.4,-176.9,2.9,159.5,0.5,0.317,0.695,-0.077,0.001,0.054,0.0
2026-10-07T09:35:44.258249,4,5.71,66.3,14.15,-88.73,19.48,-0.0,-520.1,407.4,-176.9,2.9,159.5,0.0,0.04,-0.03,0.007,0.004,0.068,0.0
2026-10-07T09:35:44.758449,4,5.72,66.31,14.16,-88.73,19.48,0.05,-520.1,407.3,-177.0,2.9,159.5,0.8,-0.554,0.874,-0.173,-0.064,0.058,0.0
2026-10-07T09:35:45.260802,4,5.72,66.3,14.15,-88.73,19.48,-0.0,-520.1,407.4,-176.9,2.9,159.5,0.0,0.011,0.0,0.0,0.005,0.068,0.0
2026-10-07T09:35:45.770125,5,5.71,66.3,14.15,-88.73,19.48,-0.0,-520.1,407.4,-176.9,2.9,159.5,0.0,0.01,-0.016,0.003,-0.0,0.0,0.0
2026-10-07T09:35:46.277912,5,5.71,66.3,14.15,-88.73,19.48,-0.0,-520.1,407.4,-176.9,2.9,159.5,0.3,0.063,-0.189,0.021,-0.064,0.072,0.0
2026-10-07T09:35:46.787364,5,5.71,66.3,14.15,-88.73,19.48,-0.05,-520.1,407.4,-176.9,2.9,159.5,-0.5,-0.181,0.078,-0.011,-0.004,-0.122,0.0
2026-10-07T09:35:47.293496,5,5.71,66.3,14.15,-88.73,19.48,0.05,-520.1,407.4,-176.9,2.9,159.5,0.2,0.225,0.087,0.009,0.072,0.118,0.0
2026-10-07T09:35:47.820075,5,5.71,66.3,14.15,-88.73,19.48,-0.0,-520.1,407.4,-176.9,2.9,159.5,-0.0,-0.116,-0.021,-0.021,0.005,0.067,0.0
2026-10-07T09:35:48.323425,5,5.71,66.3,14.15,-88.73,19.48,0.05,-520.1,407.4,-176.9,2.9,159.5,0.8,0.244,-0.093,0.026,-0.068,0.059,0.0
2026-10-07T09:35:48.835167,5,5.71,66.3,14.15,-88.73,19.48,-0.0,-520.1,407.4,-176.9,2.9,159.5,-0.0,-0.162,-0.501,0.07,-0.001,0.0,0.0
2026-10-07T09:35:49.335771,5,5.71,66.3,14.15,-88.73,19.48,0.05,-520.1,407.4,-176.9,2.9,159.5,0.2,-0.034,-0.719,0.082,0.066,0.05,0.0
2026-10-07T09:35:49.839238,5,5.71,66.3,14.15,-88.73,19.48,-0.05,-520.1,407.4,-176.9,2.9,159.5,-0.5,-0.261,0.015,-0.022,-0.004,-0.122,0.0
2026-10-07T09:35:50.344695,5,5.71,66.3,14.15,-88.73,19.48,-0.0,-520.1,407.4,-176.9,2.9,159.5,0.0,0.001,-0.002,-0.002,0.005,0.068,0.0
2026-10-07T09:35:50.854671,5,5.71,66.3,14.15,-88.73,19.48,-0.05,-520.1,407.4,-176.9,2.9,159.5,-0.5,-0.025,-0.18,0.031,-0.005,-0.122,0.0
2026-10-07T09:35:51.358785,5,5.71,66.3,14.15,-88.73,19.48,0.05,-520.1,407.4,-176.9,2.9,159.5,0.5,0.131,0.0,0.002,-0.005,-0.013,0.0
2026-10-07T09:35:51.865239,5,5.71,66.3,14.15,-88.73,19.48,-0.0,-520.1,407.4,-176.9,2.9,159.5,-0.0,-0.061,-0.06,-0.007,0.0,-0.0,0.0
2026-10-07T09:35:52.371413,5,5.71,66.3,14.15,-88.73,19.48,-0.0,-520.1,407.4,-176.9,2.9,159.5,0.0,0.301,0.577,-0.05,0.001,0.0,0.0
2026-10-07T09:35:52.871832,5,5.71,66.3,14.15,-88.73,19.48,-0.0,-520.1,407.4,-176.9,2.9,159.5,0.3,-0.143,-0.532,0.072,-0.06,0.14,0.0
2026-10-07T09:35:53.376314,5,5.71,66.3,14.15,-88.73,19.48,-0.0,-520.1,407.4,-176.9,2.9,159.5,-0.0,-0.151,0.198,-0.039,0.001,-0.0,0.0
2026-10-07T09:35:53.892289,5,5.71,66.3,14.15,-88.73,19.48,0.05,-520.1,407.4,-176.9,2.9,159.5,0.5,-0.049,-0.561,0.068,0.004,0.122,0.0
2026-10-07T09:35:54.402425,5,5.71,66.3,14.15,-88.73,19.48,-0.05,-520.1,407.4,-176.9,2.9,159.5,-0.2,0.127,-0.233,0.062,-0.074,-0.117,0.0
2026-10-07T09:35:54.908228,5,5.71,66.3,14.15,-88.73,19.48,0.11,-520.1,407.4,-176.9,2.9,159.5,1.0,0.364,-0.191,0.029,-0.001,0.109,0.0
2026-10-07T09:35:55.408622,5,5.71,66.3,14.15,-88.73,19.48,0.05,-520.1,407.4,-176.9,2.9,159.5,0.5,0.109,0.102,-0.01,0.0,0.054,0.0
2026-10-07T09:35:55.919263,5,5.71,66.3,14.15,-88.73,19.48,-0.0,-520.1,407.4,-176.9,2.9,159.5,-0.0,-0.215,-0.485,0.06,-0.001,0.0,0.0
2026-10-07T09:35:56.424073,5,5.71,66.3,14.15,-88.73,19.48,-0.0,-520.1,407.4,-176.9,2.9,159.5,-0.0,-0.083,0.006,-0.017,0.005,0.068,0.0
2026-10-07T09:35:56.925668,5,5.71,66.3,14.15,-88.73,19.48,-0.0,-520.1,407.4,-176.9,2.9,159.5,-0.0,-0.02,-0.153,0.007,-0.005,-0.068,0.0
2026-10-07T09:35:57.436016,5,5.71,66.3,14.15,-88.73,19.48,-0.0,-520.1,407.4,-176.9,2.9,159.5,0.0,-0.121,-0.591,0.083,-0.001,0.0,0.0
2026-10-07T09:35:57.942200,5,5.71,66.3,14.15,-88.73,19.48,-0.0,-520.1,407.4,-176.9,2.9,159.5,-0.0,-0.257,-0.488,0.05,0.004,0.068,0.0
2026-10-07T09:35:58.451389,5,5.71,66.3,14.15,-88.73,19.48,-0.0,-520.1,407.4,-176.9,2.9,159.5,-0.3,-0.303,-0.321,0.034,0.067,-0.004,0.0
2026-10-07T09:35:58.967757,5,5.71,66.3,14.15,-88.73,19.48,0.05,-520.1,407.4,-176.9,2.9,159.5,0.5,-0.071,-0.621,0.068,0.004,0.122,0.0
2026-10-07T09:35:59.475099,5,5.71,66.3,14.15,-88.73,19.48,-0.0,-520.1,407.4,-176.9,2.9,159.5,0.3,0.092,0.088,0.012,-0.068,0.005,0.0
2026-10-07T09:35:59.980241,5,5.71,66.3,14.15,-88.73,19.48,-0.05,-520.1,407.4,-176.9,2.9,159.5,-0.5,0.207,0.572,-0.043,0.001,-0.054,0.0
2026-10-07T09:36:00.488861,5,5.71,66.3,14.15,-88.73,19.48,-0.0,-520.1,407.4,-176.9,2.9,159.5,-0.0,-0.075,0.042,-0.016,0.0,-0.0,0.0
2026-10-07T09:36:00.991043,5,5.71,66.3,14.15,-88.73,19.48,0.05,-520.1,407.4,-176.9,2.9,159.5,0.5,0.021,0.058,-0.023,0.0,0.054,0.0
2026-10-07T09:36:01.499649,5,5.71,66.3,14.15,-88.73,19.48,0.05,-520.1,407.4,-176.9,2.9,159.5,0.5,-0.356,-0.983,0.108,0.003,0.122,0.0
2026-10-07T09:36:02.005434,5,5.71,66.3,14.15,-88.73,19.48,-0.0,-520.1,407.4,-176.9,2.9,159.5,0.0,0.023,0.03,0.002,-0.0,0.0,0.0
2026-10-07T09:36:02.507256,5,5.71,66.3,14.15,-88.73,19.48,-0.0,-520.1,407.4,-176.9,2.9,159.5,-0.3,-0.207,0.267,-0.053,0.069,-0.005,0.0
2026-10-07T09:36:03.017578,5,5.71,66.3,14.15,-88.73,19.48,-0.0,-520.1,407.4,-176.9,2.9,159.5,-0.0,-0.234,-0.628,0.065,-0.001,-0.0,0.0
2026-10-07T09:36:03.524753,5,5.71,66.3,14.15,-88.73,19.48,-0.0,-520.1,407.4,-176.9,2.9,159.5,-0.0,-0.232,-0.626,0.065,-0.001,-0.0,0.0
2026-10-07T09:36:04.029197,5,5.71,66.3,14.15,-88.73,19.48,-0.0,-520.1,407.4,-176.9,2.9,159.5,-0.0,-0.025,-0.117,0.004,-0.005,-0.068,0.0
2026-10-07T09:36:04.535873,5,5.71,66.3,14.15,-88.73,19.48,-0.0,-520.1,407.4,-176.9,2.9,159.5,0.0,0.394,0.306,-0.017,-0.0,0.0,0.0
2026-10-07T09:36:05.037767,5,5.71,66.3,14.15,-88.73,19.48,-0.05,-520.1,407.4,-176.9,2.9,159.5,-0.5,0.073,-0.261,0.05,0.004,0.013,0.0
2026-10-07T09:36:05.538258,5,5.71,66.3,14.15,-88.73,19.48,-0.0,-520.1,407.4,-176.9,2.9,159.5,-0.0,-0.18,-0.411,0.06,0.004,0.068,0.0
2026-10-07T09:36:06.046278,5,5.71,66.3,14.15,-88.73,19.48,-0.0,-520.1,407.4,-176.9,2.9,159.5,-0.0,-0.011,-0.044,0.003,-0.005,-0.068,0.0
2026-10-07T09:36:06.551908,5,5.71,66.3,14.15,-88.73,19.48,-0.0,-520.1,407.4,-176.9,2.9,159.5,0.0,0.095,-0.046,0.018,0.004,0.068,0.0
2026-10-07T09:36:07.052455,5,5.71,66.3,14.15,-88.73,19.48,0.05,-520.1,407.4,-176.9,2.9,159.5,0.5,0.21,0.124,0.007,-0.0,0.055,0.0
2026-10-07T09:36:07.562107,5,5.71,66.3,14.15,-88.73,19.48,-0.0,-520.1,407.4,-176.9,2.9,159.5,0.5,0.162,-0.092,0.011,-0.0,0.054,0.0
2026-10-07T09:36:08.068173,5,5.71,66.3,14.15,-88.73,19.48,0.05,-520.1,407.4,-176.9,2.9,159.5,0.5,-0.019,-0.547,0.075,-0.001,0.055,0.0
2026-10-07T09:36:08.570437,5,5.71,66.3,14.15,-88.73,19.48,0.05,-520.1,407.4,-176.9,2.9,159.5,0.5,0.293,-0.079,0.034,-0.001,0.055,0.0
2026-10-07T09:36:09.077006,5,5.71,66.3,14.15,-88.73,19.48,-0.05,-520.1,407.4,-176.9,2.9,159.5,-0.5,-0.034,-0.215,0.03,-0.001,-0.054,0.0
2026-10-07T09:36:09.578835,5,5.71,66.3,14.15,-88.73,19.48,-0.0,-520.1,407.4,-176.9,2.9,159.5,-0.0,-0.103,0.297,-0.036,0.001,0.0,0.0
2026-10-07T09:36:10.089472,5,5.71,66.3,14.15,-88.73,19.48,-0.05,-520.1,407.4,-176.9,2.9,159.5,-0.5,-0.119,-0.115,0.007,0.004,0.013,0.0
2026-10-07T09:36:10.606895,5,5.71,66.3,14.15,-88.73,19.48,-0.0,-520.1,407.4,-176.9,2.9,159.5,0.0,0.288,0.46,-0.043,-0.004,-0.068,0.0
2026-10-07T09:36:11.111907,5,5.71,66.3,14.15,-88.73,19.48,0.05,-520.1,407.4,-176.9,2.9,159.5,0.8,0.194,-0.037,0.014,-0.068,0.059,0.0
2026-10-07T09:36:11.619668,5,5.71,66.3,14.15,-88.73,19.48,0.05,-520.1,407.4,-176.9,2.9,159.5,0.5,0.204,-0.219,0.024,0.004,0.122,0.0
2026-10-07T09:36:12.121868,5,5.71,66.3,14.15,-88.73,19.48,-0.0,-520.1,407.4,-176.9,2.9,159.5,-0.3,-0.053,0.036,-0.01,0.063,-0.072,0.0
2026-10-07T09:36:12.622990,5,5.71,66.3,14.15,-88.73,19.48,-0.0,-520.1,407.4,-176.9,2.9,159.5,0.0,0.274,0.367,-0.042,0.0,-0.0,0.0
2026-10-07T09:36:13.128189,5,5.71,66.3,14.15,-88.73,19.48,0.05,-520.1,407.4,-176.9,2.9,159.5,0.5,0.09,0.008,-0.01,0.005,0.122,0.0
2026-10-07T09:36:13.634595,5,5.71,66.3,14.15,-88.73,19.48,-0.05,-520.1,407.4,-176.9,2.9,159.5,-0.5,-0.136,-0.011,-0.0,-0.0,-0.054,0.0
2026-10-07T09:36:14.143073,5,5.71,66.3,14.15,-88.73,19.48,-0.0,-520.1,407.4,-176.9,2.9,159.5,-0.3,0.017,-0.159,0.01,0.072,0.063,0.0
2026-10-07T09:36:14.647051,5,5.71,66.3,14.15,-88.73,19.48,0.05,-520.1,407.4,-176.9,2.9,159.5,0.5,-0.188,-0.288,0.029,-0.0,0.054,0.0
2026-10-07T09:36:15.152898,5,5.71,66.3,14.15,-88.73,19.48,-0.05,-520.1,407.4,-176.9,2.9,159.5,-0.5,-0.076,-0.151,0.019,-0.0,-0.054,0.0
2026-10-07T09:36:15.656003,5,5.71,66.3,14.15,-88.73,19.48,-0.0,-520.1,407.4,-176.9,2.9,159.5,0.3,-0.161,0.192,-0.04,-0.067,0.004,0.0
2026-10-07T09:36:16.157025,5,5.71,66.3,14.15,-88.73,19.48,-0.0,-520.1,407.4,-176.9,2.9,159.5,-0.0,-0.166,0.206,-0.042,0.001,-0.0,0.0
2026-10-07T09:36:16.676062,5,5.71,66.3,14.15,-88.73,19.48,-0.0,-520.1,407.4,-176.9,2.9,159.5,-0.0,-0.034,0.015,-0.007,0.0,-0.0,0.0
2026-10-07T09:36:17.176259,5,5.71,66.3,14.15,-88.73,19.48,-0.0,-520.1,407.4,-176.9,2.9,159.5,-0.0,-0.043,0.133,-0.016,0.0,0.0,0.0
2026-10-07T09:36:17.688152,5,5.71,66.3,14.15,-88.73,19.48,-0.05,-520.1,407.4,-176.9,2.9,159.5,-0.8,-0.326,-0.645,0.072,0.067,-0.059,0.0
2026-10-07T09:36:18.191204,5,5.71,66.3,14.15,-88.73,19.48,-0.05,-520.1,407.4,-176.9,2.9,159.5,-0.8,-0.389,-0.536,0.055,0.067,-0.059,0.0
2026-10-07T09:36:18.708563,5,5.71,66.3,14.15,-88.73,19.48,-0.0,-520.1,407.4,-176.9,2.9,159.5,0.0,0.323,0.377,-0.034,0.0,0.0,0.0
2026-10-07T09:36:19.222009,5,5.71,66.3,14.15,-88.73,19.48,-0.0,-520.1,407.4,-176.9,2.9,159.5,-0.0,-0.024,0.144,-0.011,-0.004,-0.068,0.0
2026-10-07T09:36:19.727255,5,5.71,66.3,14.15,-88.73,19.48,-0.05,-520.1,407.4,-176.9,2.9,159.5,-0.5,0.026,-0.102,0.034,-0.001,-0.054,0.0
2026-10-07T09:36:20.228149,5,5.71,66.3,14.15,-88.73,19.48,-0.05,-520.1,407.4,-176.9,2.9,159.5,-0.8,-0.208,-0.113,-0.007,0.068,-0.059,0.0
2026-10-07T09:36:20.736369,5,5.71,66.3,14.15,-88.73,19.48,-0.0,-520.1,407.4,-176.9,2.9,159.5,-0.3,-0.179,0.25,-0.049,0.073,0.063,0.0
2026-10-07T09:36:21.238841,5,5.71,66.3,14.15,-88.73,19.48,-0.0,-520.1,407.4,-176.9,2.9,159.5,-0.3,-0.102,0.039,-0.021,0.068,-0.005,0.0
2026-10-07T09:36:21.738985,5,5.71,66.3,14.15,-88.73,19.48,-0.0,-520.1,407.4,-176.9,2.9,159.5,0.3,0.191,-0.218,0.045,-0.064,0.072,0.0
2026-10-07T09:36:22.240393,5,5.71,66.3,14.15,-88.73,19.48,-0.0,-520.1,407.4,-176.9,2.9,159.5,0.0,0.284,0.464,-0.046,0.001,0.0,0.0
2026-10-07T09:36:22.740500,5,5.71,66.3,14.15,-88.73,19.48,0.05,-520.1,407.4,-176.9,2.9,159.5,0.5,-0.051,0.223,-0.048,0.006,0.122,0.0
2026-10-07T09:36:23.240768,5,5.71,66.3,14.15,-88.73,19.48,-0.0,-520.1,407.4,-176.9,2.9,159.5,-0.0,-0.182,-0.679,0.075,0.003,0.068,0.0
2026-10-07T09:36:23.748394,5,5.71,66.3,14.15,-88.73,19.48,-0.0,-520.1,407.4,-176.9,2.9,159.5,0.0,0.046,-0.027,0.01,-0.0,0.0,0.0
2026-10-07T09:36:24.253696,5,5.71,66.3,14.15,-88.73,19.48,-0.0,-520.1,407.4,-176.9,2.9,159.5,0.3,-0.05,0.171,-0.021,-0.063,0.072,0.0
2026-10-07T09:36:24.754238,5,5.71,66.3,14.15,-88.73,19.48,-0.05,-520.1,407.4,-176.9,2.9,159.5,-0.5,-0.316,-0.635,0.076,-0.006,-0.122,0.0
2026-10-07T09:36:25.255605,5,5.71,66.3,14.15,-88.73,19.48,-0.05,-520.1,407.4,-176.9,2.9,159.5,-0.5,0.149,0.4,-0.043,0.0,-0.054,0.0
2026-10-07T09:36:25.759831,5,5.71,66.3,14.15,-88.73,19.48,-0.0,-520.1,407.4,-176.9,2.9,159.5,0.3,-0.082,-0.102,-0.008,-0.068,0.004,0.0
2026-10-07T09:36:26.268588,5,5.71,66.3,14.15,-88.73,19.48,-0.05,-520.1,407.4,-176.9,2.9,159.5,-0.2,-0.085,-0.178,0.017,-0.064,0.018,0.0
2026-10-07T09:36:26.771962,5,5.71,66.3,14.15,-88.73,19.48,0.05,-520.1,407.4,-176.9,2.9,159.5,0.5,0.311,0.413,-0.062,0.001,0.054,0.0
2026-10-07T09:46:07.619888,7,4.73,74.41,7.05,-88.77,19.59,0.11,-523.5,365.2,-177.0,2.9,159.5,0.8,-1.693,-34.251,-0.155,-0.019,-0.01,0.0
2026-10-07T09:46:08.104035,5,4.55,75.87,5.76,-88.77,19.61,-0.0,-523.6,357.4,-177.0,2.9,159.5,-0.0,-0.062,0.141,-0.016,0.0,0.0,0.0
2026-10-07T09:46:08.608590,5,4.55,75.87,5.76,-88.77,19.61,-0.0,-523.6,357.4,-177.0,2.9,159.5,0.0,0.061,-0.221,0.017,0.004,0.068,0.0
2026-10-07T09:46:09.116600,5,4.55,75.87,5.76,-88.77,19.61,-0.05,-523.6,357.4,-177.0,2.9,159.5,-0.5,-0.212,0.16,-0.018,-0.004,-0.122,0.0
2026-10-07T09:46:09.620929,7,4.55,75.86,5.77,-88.77,19.61,-0.0,-523.6,357.5,-177.0,2.9,159.5,-0.3,0.203,2.906,0.019,0.069,-0.0,0.0
2026-10-07T09:46:10.123612,7,4.93,72.8,8.45,-88.76,19.57,-0.16,-523.3,373.6,-177.0,2.9,159.5,-1.0,1.318,33.217,0.059,-0.05,-0.11,0.0
2026-10-07T09:46:10.627827,7,5.33,69.54,11.31,-88.75,19.53,-0.11,-522.2,390.6,-177.0,2.9,159.5,-0.8,4.148,33.763,0.122,0.018,-0.059,0.0
2026-10-07T09:46:11.131192,7,5.72,66.37,14.09,-88.74,19.48,-0.05,-520.2,406.9,-177.0,2.9,159.5,-0.1,1.754,16.478,-0.069,-0.05,0.041,0.0
2026-10-07T09:46:11.640415,5,5.73,66.3,14.15,-88.74,19.48,0.05,-520.2,407.3,-177.0,2.9,159.5,0.5,0.287,-0.134,0.036,-0.001,0.055,0.0
2026-10-07T09:46:12.144843,5,5.73,66.3,14.15,-88.74,19.48,-0.05,-520.2,407.3,-177.0,2.9,159.5,-0.5,-0.293,-0.384,0.065,-0.005,-0.122,0.0
2026-10-07T09:46:12.651067,5,5.73,66.3,14.15,-88.74,19.48,-0.0,-520.2,407.3,-177.0,2.9,159.5,0.0,0.301,0.338,-0.038,0.005,0.068,0.0
2026-10-07T09:46:13.154673,7,5.58,67.57,13.04,-88.74,19.5,0.16,-521.1,400.7,-177.0,2.9,159.5,1.3,-3.019,-33.76,0.194,-0.031,0.049,0.0
2026-10-07T09:46:13.655124,7,5.19,70.7,10.29,-88.75,19.54,0.16,-522.7,384.6,-177.0,2.9,159.5,1.0,-2.167,-34.044,0.042,0.033,-0.093,0.0
2026-10-07T09:46:14.157268,7,4.77,74.12,7.3,-88.77,19.59,0.16,-523.5,366.7,-177.0,2.9,159.5,1.0,0.097,-35.195,0.147,0.047,0.11,0.0
2026-10-07T09:46:14.657979,7,4.55,75.87,5.76,-88.77,19.61,-0.0,-523.6,357.4,-177.0,2.9,159.5,-0.0,-0.028,0.176,-0.013,0.005,0.068,0.0
2026-10-07T09:46:15.159429,5,4.55,75.87,5.76,-88.77,19.61,-0.0,-523.6,357.4,-177.0,2.9,159.5,-0.3,0.14,-0.062,0.029,0.067,-0.004,0.0
2026-10-07T09:46:15.669401,5,4.55,75.87,5.76,-88.77,19.61,-0.0,-523.6,357.4,-177.0,2.9,159.5,0.3,-0.051,0.029,-0.011,-0.068,0.004,0.0
2026-10-07T09:46:16.175158,7,4.55,75.87,5.76,-88.77,19.61,-0.05,-523.6,357.4,-177.0,2.9,159.5,-0.5,0.026,0.586,-0.065,0.001,-0.054,0.0
2026-10-07T09:46:16.679111,7,4.89,73.14,8.16,-88.76,19.58,-0.16,-523.4,371.8,-177.0,2.9,159.5,-1.0,0.517,34.86,-0.125,-0.042,-0.042,0.0
2026-10-07T09:46:17.186360,7,5.29,69.83,11.06,-88.75,19.53,-0.16,-522.3,389.1,-177.0,2.9,159.5,-1.3,2.719,32.883,0.024,0.034,0.088,0.0
2026-10-07T09:46:17.686954,7,5.69,66.58,13.91,-88.74,19.49,-0.11,-520.4,405.8,-177.0,2.9,159.5,-0.8,3.932,31.161,-0.218,0.034,0.069,0.0
2026-10-07T09:46:18.195306,5,5.73,66.3,14.15,-88.74,19.48,-0.0,-520.2,407.3,-177.0,2.9,159.5,0.0,0.102,-0.216,0.031,-0.001,0.0,0.0
2026-10-07T09:46:18.702932,5,5.73,66.3,14.15,-88.74,19.48,0.05,-520.2,407.3,-177.0,2.9,159.5,0.5,0.147,-0.079,0.007,-0.0,0.054,0.0
2026-10-07T09:46:19.207397,5,5.73,66.3,14.15,-88.74,19.48,0.05,-520.2,407.3,-177.0,2.9,159.5,0.5,-0.079,-0.586,0.065,0.004,0.122,0.0
2026-10-07T09:46:19.712391,7,5.61,67.29,13.29,-88.74,19.5,0.11,-520.9,402.2,-177.0,2.9,159.5,0.8,-4.695,-32.758,-0.11,-0.025,-0.008,0.0
2026-10-07T09:46:20.216410,7,5.2,70.6,10.39,-88.75,19.54,0.11,-522.6,385.1,-177.0,2.9,159.5,0.8,-2.867,-33.926,-0.06,-0.024,-0.009,0.0
2026-10-07T09:46:20.719214,7,4.8,73.86,7.53,-88.77,19.58,0.11,-523.5,368.0,-177.0,2.9,159.5,0.8,-1.338,-35.079,0.003,-0.027,-0.077,0.0
2026-10-07T09:46:21.219945,7,4.55,75.87,5.76,-88.77,19.61,-0.0,-523.6,357.4,-177.0,2.9,159.5,-0.0,-0.355,-0.405,0.022,0.0,-0.0,0.0
2026-10-07T09:46:21.726786,5,4.55,75.87,5.76,-88.77,19.61,-0.05,-523.6,357.4,-177.0,2.9,159.5,-0.8,-0.317,-0.528,0.06,0.063,-0.127,0.0
2026-10-07T09:46:22.236656,5,4.55,75.87,5.76,-88.77,19.61,-0.05,-523.6,357.4,-177.0,2.9,159.5,-0.5,-0.147,0.011,-0.003,0.0,-0.054,0.0
2026-10-07T09:46:22.741002,7,4.55,75.87,5.76,-88.77,19.61,-0.0,-523.6,357.4,-177.0,2.9,159.5,-0.0,-0.149,-0.668,0.068,0.004,0.068,0.0
2026-10-07T09:46:23.243642,7,4.86,73.38,7.95,-88.76,19.58,-0.16,-523.4,370.6,-177.0,2.9,159.5,-1.0,0.501,35.431,-0.127,-0.038,0.026,0.0
2026-10-07T09:46:23.749388,7,5.27,70.06,10.86,-88.75,19.53,-0.11,-522.4,387.9,-177.0,2.9,159.5,-0.5,2.241,34.998,-0.163,-0.039,0.012,0.0
2026-10-07T09:46:24.253803,7,5.67,66.8,13.71,-88.74,19.49,-0.22,-520.6,404.7,-177.0,2.9,159.5,-1.4,4.459,33.711,0.005,-0.026,0.107,0.0
2026-10-07T09:46:24.760697,5,5.73,66.3,14.15,-88.74,19.48,0.05,-520.2,407.3,-177.0,2.9,159.5,0.5,-0.008,0.052,-0.028,0.001,0.054,0.0
2026-10-07T09:46:25.266767,5,5.73,66.3,14.15,-88.74,19.48,0.05,-520.2,407.3,-177.0,2.9,159.5,0.8,0.356,0.55,-0.06,-0.071,-0.009,0.0
2026-10-07T09:46:25.770295,5,5.73,66.3,14.15,-88.74,19.48,-0.0,-520.2,407.3,-177.0,2.9,159.5,0.3,-0.148,0.118,-0.031,-0.072,-0.063,0.0
2026-10-07T09:46:26.271798,7,5.65,67.0,13.54,-88.74,19.49,0.16,-520.7,403.7,-177.0,2.9,159.5,0.9,-5.357,-32.489,-0.231,0.027,-0.229,0.0
2026-10-07T09:46:26.776515,7,5.24,70.29,10.66,-88.75,19.54,0.11,-522.5,386.7,-177.0,2.9,159.5,0.8,-3.671,-33.695,-0.114,-0.022,-0.009,0.0
2026-10-07T09:46:27.285180,7,4.83,73.63,7.73,-88.76,19.58,0.11,-523.4,369.3,-177.0,2.9,159.5,0.9,-0.07,-34.99,0.112,-0.025,-0.008,0.0
2026-10-07T09:46:27.792833,7,4.55,75.87,5.76,-88.77,19.61,-0.05,-523.6,357.4,-177.0,2.9,159.5,-0.5,0.017,-0.124,0.035,-0.005,-0.122,0.0
2026-10-07T09:46:28.296942,5,4.55,75.87,5.76,-88.77,19.61,-0.0,-523.6,357.4,-177.0,2.9,159.5,0.0,0.34,0.41,-0.025,-0.0,0.0,0.0
2026-10-07T09:46:28.800035,5,4.55,75.87,5.76,-88.77,19.61,0.05,-523.6,357.4,-177.0,2.9,159.5,0.5,0.261,-0.333,0.037,-0.005,-0.013,0.0
2026-10-07T09:46:29.303806,5,4.55,75.87,5.76,-88.77,19.61,-0.0,-523.6,357.4,-177.0,2.9,159.5,-0.0,-0.027,0.06,-0.007,0.0,0.0,0.0
2026-10-07T09:46:29.805688,7,4.82,73.64,7.72,-88.76,19.58,-0.16,-523.4,369.2,-177.0,2.9,159.5,-1.4,0.711,34.957,-0.112,0.02,-0.114,0.0
2026-10-07T09:46:30.313792,7,5.23,70.35,10.6,-88.75,19.54,-0.16,-522.5,386.4,-177.0,2.9,159.5,-1.3,2.574,32.649,0.066,0.023,-0.048,0.0
2026-10-07T09:46:30.818915,7,5.64,67.04,13.51,-88.74,19.49,-0.16,-520.7,403.5,-177.0,2.9,159.5,-1.3,4.839,33.074,0.116,0.025,-0.046,0.0
2026-10-07T09:46:31.321852,5,5.73,66.3,14.15,-88.74,19.48,-0.0,-520.2,407.3,-177.0,2.9,159.5,0.0,0.077,0.125,0.008,-0.005,-0.067,0.0
2026-10-07T09:46:31.823324,5,5.73,66.3,14.15,-88.74,19.48,-0.05,-520.2,407.3,-177.0,2.9,159.5,-0.5,-0.117,-0.079,0.005,0.004,0.013,0.0
2026-10-07T09:46:32.325010,5,5.73,66.3,14.15,-88.74,19.48,-0.0,-520.2,407.3,-177.0,2.9,159.5,-0.3,0.156,-0.178,0.036,0.071,0.063,0.0
2026-10-07T09:46:32.826387,7,5.69,66.62,13.88,-88.74,19.48,0.27,-520.4,405.6,-177.0,2.9,159.5,2.3,-3.591,-29.682,0.046,-0.021,0.23,0.0
2026-10-07T09:46:33.334058,7,5.27,70.05,10.87,-88.75,19.53,0.16,-522.4,388.0,-177.0,2.9,159.5,1.3,-3.089,-34.867,0.052,-0.031,-0.022,0.0
2026-10-07T09:46:33.836359,7,4.87,73.31,8.01,-88.76,19.58,0.11,-523.4,370.9,-177.0,2.9,159.5,0.5,0.174,-35.467,0.285,0.039,-0.011,0.0
2026-10-07T09:46:34.341827,7,4.55,75.87,5.76,-88.77,19.61,-0.0,-523.6,357.4,-177.0,2.9,159.5,0.0,0.205,0.656,-0.059,0.001,0.0,0.0
2026-10-07T09:46:34.846924,5,4.55,75.87,5.76,-88.77,19.61,0.05,-523.6,357.4,-177.0,2.9,159.5,0.5,0.489,0.135,-0.013,-0.0,0.054,0.0
2026-10-07T09:46:35.364190,5,4.55,75.87,5.76,-88.77,19.61,-0.05,-523.6,357.4,-177.0,2.9,159.5,-0.5,-0.351,-0.487,0.051,-0.0,-0.054,0.0
2026-10-07T09:46:35.864414,5,4.55,75.87,5.76,-88.77,19.61,-0.0,-523.6,357.4,-177.0,2.9,159.5,-0.3,-0.1,0.046,-0.023,0.073,0.063,0.0
2026-10-07T09:46:36.367409,7,4.79,73.9,7.49,-88.77,19.59,-0.11,-523.5,367.9,-177.0,2.9,159.5,-0.5,1.575,33.818,0.172,-0.053,-0.054,0.0
2026-10-07T09:46:36.874912,7,5.2,70.59,10.4,-88.75,19.54,-0.11,-522.6,385.2,-177.0,2.9,159.5,-0.8,2.161,34.26,-0.087,0.027,0.007,0.0
2026-10-07T09:46:37.378221,7,5.6,67.33,13.26,-88.74,19.5,-0.11,-520.9,402.0,-177.0,2.9,159.5,-0.8,4.376,33.141,0.033,0.031,0.075,0.0
2026-10-07T09:46:37.882882,5,5.73,66.3,14.15,-88.74,19.48,-0.0,-520.2,407.3,-177.0,2.9,159.5,-0.0,-0.017,0.01,-0.004,0.0,-0.0,0.0
2026-10-07T09:46:38.389793,5,5.73,66.3,14.15,-88.74,19.48,0.05,-520.2,407.3,-177.0,2.9,159.5,0.5,0.231,0.565,-0.085,0.001,0.054,0.0
2026-10-07T09:46:38.891114,5,5.73,66.3,14.15,-88.74,19.48,0.05,-520.2,407.3,-177.0,2.9,159.5,0.8,0.572,0.24,-0.005,-0.068,0.059,0.0
2026-10-07T09:46:39.397017,7,5.7,66.53,13.96,-88.74,19.48,0.05,-520.4,406.1,-177.0,2.9,159.5,0.7,-3.698,-24.404,-0.105,-0.088,-0.045,0.0
2026-10-07T09:46:39.898084,7,5.31,69.74,11.14,-88.75,19.53,0.11,-522.3,389.6,-177.0,2.9,159.5,0.8,-3.395,-33.733,-0.075,-0.029,-0.076,0.0
2026-10-07T09:46:40.398835,7,4.9,73.02,8.26,-88.76,19.57,0.16,-523.3,372.4,-177.0,2.9,159.5,1.7,-1.353,-33.534,-0.146,-0.093,-0.018,0.0
2026-10-07T09:46:40.904172,7,4.55,75.87,5.76,-88.77,19.61,-0.05,-523.6,357.4,-177.0,2.9,159.5,-0.2,-0.031,-1.049,-0.02,-0.073,-0.119,0.0
2026-10-07T09:46:41.412277,5,4.55,75.87,5.76,-88.77,19.61,-0.05,-523.6,357.4,-177.0,2.9,159.5,-0.5,-0.025,-0.041,0.02,0.004,0.013,0.0
2026-10-07T09:46:41.914769,5,4.55,75.87,5.76,-88.77,19.61,-0.0,-523.6,357.4,-177.0,2.9,159.5,-0.0,-0.068,0.091,-0.018,0.005,0.068,0.0
2026-10-07T09:46:42.420895,5,4.55,75.87,5.76,-88.77,19.61,0.05,-523.6,357.4,-177.0,2.9,159.5,0.2,0.046,0.083,-0.021,0.073,0.117,0.0
2026-10-07T09:46:42.931742,7,4.74,74.29,7.15,-88.77,19.59,-0.16,-523.5,365.8,-177.0,2.9,159.5,-1.4,0.539,33.199,0.139,0.02,-0.046,0.0
2026-10-07T09:46:43.436427,7,5.17,70.87,10.15,-88.75,19.54,-0.11,-522.7,383.7,-177.0,2.9,159.5,-0.8,2.601,34.276,-0.049,0.025,0.008,0.0
2026-10-07T09:46:43.937052,7,5.57,67.59,13.03,-88.74,19.5,-0.16,-521.1,400.7,-177.0,2.9,159.5,-1.3,3.719,33.014,0.045,0.027,-0.047,0.0
2026-10-07T09:46:44.437063,5,5.73,66.3,14.15,-88.74,19.48,0.05,-520.2,407.3,-177.0,2.9,159.5,0.2,-0.017,0.083,-0.03,0.064,-0.018,0.0
2026-10-07T09:46:44.943044,5,5.73,66.3,14.15,-88.74,19.48,0.05,-520.2,407.3,-177.0,2.9,159.5,0.5,0.114,-0.028,-0.003,0.005,0.122,0.0
2026-10-07T09:46:45.450217,5,5.73,66.3,14.15,-88.74,19.48,-0.0,-520.2,407.3,-177.0,2.9,159.5,0.3,-0.01,0.011,-0.002,-0.068,0.005,0.0
2026-10-07T09:46:45.950331,7,5.73,66.34,14.12,-88.74,19.48,-0.05,-520.2,407.1,-177.0,2.9,159.5,-0.9,-1.695,-8.28,-0.005,0.062,-0.071,0.0
2026-10-07T09:46:46.454104,7,5.35,69.43,11.41,-88.75,19.52,0.16,-522.1,391.2,-177.0,2.9,159.5,1.0,-3.915,-33.007,-0.126,0.041,-0.026,0.0
2026-10-07T09:46:46.955135,7,4.94,72.71,8.53,-88.76,19.57,0.16,-523.3,374.1,-177.0,2.9,159.5,1.0,-1.259,-33.801,-0.013,0.045,0.042,0.0
2026-10-07T09:46:47.464071,7,4.55,75.84,5.79,-88.77,19.61,-0.0,-523.6,357.6,-177.0,2.9,159.5,0.3,-0.198,-10.202,-0.004,-0.077,-0.078,0.0
2026-10-07T09:46:47.969162,5,4.55,75.87,5.76,-88.77,19.61,0.05,-523.6,357.4,-177.0,2.9,159.5,0.8,-0.221,-0.344,0.022,-0.072,-0.009,0.0
2026-10-07T09:46:48.470084,5,4.55,75.87,5.76,-88.77,19.61,-0.0,-523.6,357.4,-177.0,2.9,159.5,0.0,0.13,0.601,-0.073,0.005,0.068,0.0
2026-10-07T09:46:48.978508,5,4.55,75.87,5.76,-88.77,19.61,-0.0,-523.6,357.4,-177.0,2.9,159.5,-0.0,-0.224,-0.36,0.047,-0.005,-0.068,0.0
2026-10-07T09:46:49.480018,7,4.71,74.52,6.94,-88.77,19.59,-0.16,-523.5,364.6,-177.0,2.9,159.5,-1.3,1.349,33.571,0.227,0.018,-0.045,0.0
2026-10-07T09:46:49.983380,7,5.12,71.24,9.83,-88.75,19.55,-0.16,-522.9,381.8,-177.0,2.9,159.5,-1.3,2.631,33.087,0.146,0.021,-0.046,0.0
2026-10-07T09:46:50.486722,7,5.52,67.98,12.69,-88.74,19.51,-0.16,-521.3,398.7,-177.0,2.9,159.5,-1.3,3.378,34.558,-0.202,0.03,-0.048,0.0
2026-10-07T09:46:50.997888,7,5.73,66.3,14.15,-88.73,19.48,0.05,-520.2,407.3,-177.0,2.9,159.5,0.8,-0.162,-0.48,0.044,-0.064,0.127,0.0
2026-10-07T09:46:51.501075,5,5.73,66.3,14.15,-88.74,19.48,-0.05,-520.2,407.3,-177.0,2.9,159.5,-0.5,-0.127,-0.06,0.004,-0.0,-0.054,0.0
2026-10-07T09:46:52.003857,5,5.73,66.3,14.15,-88.74,19.48,-0.05,-520.2,407.3,-177.0,2.9,159.5,-0.5,-0.0,-0.064,0.025,0.004,0.013,0.0
2026-10-07T09:46:52.509840,7,5.73,66.31,14.15,-88.74,19.48,-0.0,-520.2,407.2,-177.0,2.9,159.5,-0.0,0.021,-0.496,-0.035,-0.005,-0.069,0.0
2026-10-07T09:46:53.016178,7,5.37,69.22,11.6,-88.75,19.52,0.11,-522.0,392.3,-177.0,2.9,159.5,0.8,-3.913,-33.939,-0.034,-0.025,-0.008,0.0
2026-10-07T09:46:53.516903,7,4.97,72.48,8.74,-88.76,19.57,0.16,-523.2,375.3,-177.0,2.9,159.5,1.0,-1.125,-35.452,0.18,0.041,0.042,0.0
2026-10-07T09:46:54.022409,7,4.57,75.73,5.88,-88.77,19.61,0.05,-523.6,358.1,-177.0,2.9,159.5,0.4,-0.632,-24.426,0.059,-0.011,0.02,0.0
2026-10-07T09:46:54.529223,5,4.55,75.87,5.76,-88.77,19.61,0.05,-523.6,357.4,-177.0,2.9,159.5,0.5,0.114,-0.13,0.001,-0.0,0.054,0.0
2026-10-07T09:46:55.031988,5,4.55,75.87,5.76,-88.77,19.61,-0.0,-523.6,357.4,-177.0,2.9,159.5,0.0,0.035,-0.164,0.012,-0.0,-0.0,0.0
2026-10-07T09:46:55.533464,5,4.55,75.87,5.76,-88.77,19.61,-0.05,-523.6,357.4,-177.0,2.9,159.5,-0.2,-0.328,-0.534,0.057,-0.068,-0.05,0.0
2026-10-07T09:46:56.041681,7,4.68,74.78,6.71,-88.77,19.6,-0.16,-523.5,363.2,-177.0,2.9,159.5,-1.0,-0.839,34.668,-0.124,-0.043,-0.042,0.0
2026-10-07T09:46:56.549245,7,5.09,71.47,9.62,-88.76,19.55,-0.16,-522.9,380.6,-177.0,2.9,159.5,-1.3,2.894,33.162,0.214,0.025,0.023,0.0
2026-10-07T09:46:57.061446,7,5.5,68.16,12.53,-88.74,19.51,-0.11,-521.4,397.8,-177.0,2.9,159.5,-0.8,4.038,33.784,0.024,0.031,0.076,0.0
2026-10-07T09:46:57.566276,7,5.73,66.3,14.15,-88.73,19.48,-0.05,-520.2,407.3,-177.0,2.9,159.5,-0.2,-0.194,0.168,-0.023,-0.063,0.018,0.0
2026-10-07T09:46:58.071726,5,5.73,66.3,14.15,-88.74,19.48,-0.0,-520.2,407.3,-177.0,2.9,159.5,-0.3,0.095,-0.0,0.015,0.072,0.063,0.0
2026-10-07T09:46:58.577361,5,5.73,66.3,14.15,-88.74,19.48,-0.0,-520.2,407.3,-177.0,2.9,159.5,0.0,0.014,-0.155,0.012,-0.0,-0.0,0.0
2026-10-07T09:46:59.080934,7,5.73,66.3,14.15,-88.74,19.48,0.05,-520.2,407.3,-177.0,2.9,159.5,0.5,-0.212,-0.495,0.037,-0.0,0.054,0.0
2026-10-07T09:46:59.581931,7,5.4,68.96,11.83,-88.75,19.52,0.16,-521.9,393.6,-177.0,2.9,159.5,1.0,-2.639,-34.171,0.141,0.039,0.043,0.0
2026-10-07T09:47:00.082593,7,5.0,72.22,8.97,-88.76,19.56,0.16,-523.2,376.7,-177.0,2.9,159.5,1.0,-2.697,-32.688,-0.275,0.045,-0.027,0.0
2026-10-07T09:47:00.585023,7,4.6,75.5,6.09,-88.77,19.61,0.16,-523.6,359.4,-177.0,2.9,159.5,1.4,0.309,-33.199,0.051,-0.026,-0.019,0.0
2026-10-07T09:47:01.090988,5,4.55,75.87,5.76,-88.77,19.61,-0.05,-523.6,357.4,-177.0,2.9,159.5,-0.5,-0.142,0.003,-0.002,0.0,-0.054,0.0
2026-10-07T09:47:01.591275,5,4.55,75.87,5.76,-88.77,19.61,0.11,-523.6,357.4,-177.0,2.9,159.5,1.0,0.154,0.166,-0.027,0.0,0.109,0.0
2026-10-07T09:47:02.093073,5,4.55,75.87,5.76,-88.77,19.61,-0.0,-523.6,357.4,-177.0,2.9,159.5,-0.3,-0.001,0.005,-0.001,0.068,-0.005,0.0
2026-10-07T09:47:02.595155,7,4.63,75.2,6.35,-88.77,19.6,-0.22,-523.6,361.0,-177.0,2.9,159.5,-1.9,0.668,34.27,0.088,0.033,0.103,0.0
2026-10-07T09:47:03.096690,7,5.05,71.84,9.3,-88.76,19.56,-0.16,-523.0,378.7,-177.0,2.9,159.5,-1.3,1.983,33.36,0.074,0.027,0.021,0.0
2026-10-07T09:47:03.598292,7,5.45,68.55,12.18,-88.74,19.51,-0.16,-521.6,395.7,-177.0,2.9,159.5,-1.3,3.685,34.604,-0.088,0.028,-0.047,0.0
2026-10-07T09:47:04.100076,7,5.73,66.3,14.15,-88.73,19.48,0.05,-520.2,407.3,-177.0,2.9,159.5,0.5,0.201,-0.203,0.024,-0.001,0.054,0.0
2026-10-07T09:47:04.602468,5,5.73,66.3,14.15,-88.74,19.48,-0.05,-520.2,407.3,-177.0,2.9,159.5,-0.5,-0.236,0.001,-0.021,0.005,0.013,0.0
2026-10-07T09:47:05.118120,5,5.73,66.3,14.15,-88.74,19.48,-0.0,-520.2,407.3,-177.0,2.9,159.5,0.0,0.002,-0.007,0.001,-0.0,-0.0,0.0
2026-10-07T09:47:05.622608,5,5.73,66.3,14.15,-88.74,19.48,0.05,-520.2,407.3,-177.0,2.9,159.5,0.5,0.18,-0.141,0.019,-0.005,-0.013,0.0
2026-10-07T09:47:06.130162,7,5.46,68.51,12.22,-88.74,19.51,0.11,-521.6,395.9,-177.0,2.9,159.5,0.8,-4.592,-33.733,-0.093,-0.029,-0.076,0.0
2026-10-07T09:47:06.632230,7,5.04,71.88,9.26,-88.76,19.56,0.11,-523.1,378.5,-177.0,2.9,159.5,0.5,-1.887,-33.8,-0.019,0.044,-0.012,0.0
2026-10-07T09:47:07.142058,7,4.63,75.19,6.36,-88.77,19.6,0.11,-523.6,361.0,-177.0,2.9,159.5,0.5,-1.127,-33.273,-0.243,0.055,0.054,0.0
2026-10-07T09:47:07.645962,5,4.55,75.87,5.76,-88.77,19.61,-0.0,-523.6,357.4,-177.0,2.9,159.5,-0.0,-0.188,-0.46,0.056,-0.001,0.0,0.0
2026-10-07T09:47:08.151382,5,4.55,75.87,5.76,-88.77,19.61,-0.0,-523.6,357.4,-177.0,2.9,159.5,0.3,-0.122,0.188,-0.029,-0.067,0.004,0.0
2026-10-07T09:47:08.653657,5,4.55,75.87,5.76,-88.77,19.61,-0.05,-523.6,357.4,-177.0,2.9,159.5,-0.5,-0.191,-0.008,-0.013,0.005,0.013,0.0
2026-10-07T09:47:09.160950,7,4.61,75.33,6.23,-88.77,19.61,-0.05,-523.6,360.3,-177.0,2.9,159.5,-0.0,-0.078,35.191,-0.143,-0.04,0.134,0.0
2026-10-07T09:47:09.667254,7,5.02,72.02,9.14,-88.76,19.56,-0.16,-523.1,377.7,-177.0,2.9,159.5,-1.0,2.274,32.867,0.168,-0.043,0.026,0.0
2026-10-07T09:47:10.169935,7,5.42,68.79,11.98,-88.74,19.52,-0.16,-521.8,394.5,-177.0,2.9,159.5,-1.0,3.668,34.649,-0.066,-0.045,-0.109,0.0
2026-10-07T09:47:10.674033,7,5.73,66.3,14.15,-88.73,19.48,-0.0,-520.2,407.3,-177.0,2.9,159.5,-0.0,-0.023,0.029,-0.006,0.0,-0.0,0.0
2026-10-07T09:47:11.178034,5,5.73,66.3,14.15,-88.74,19.48,-0.0,-520.2,407.3,-177.0,2.9,159.5,0.0,0.056,-0.147,0.02,-0.005,-0.068,0.0
2026-10-07T09:47:11.706986,5,5.73,66.3,14.15,-88.74,19.48,0.05,-520.2,407.3,-177.0,2.9,159.5,0.5,0.071,-0.091,-0.007,0.005,0.122,0.0
2026-10-07T09:47:12.207893,5,5.73,66.3,14.15,-88.74,19.48,-0.0,-520.2,407.3,-177.0,2.9,159.5,0.0,0.019,-0.046,0.006,-0.0,0.0,0.0
2026-10-07T09:47:12.714122,7,5.46,68.49,12.24,-88.74,19.51,0.11,-521.6,396.0,-177.0,2.9,159.5,0.5,-3.609,-33.266,-0.01,0.042,-0.012,0.0
2026-10-07T09:47:13.215651,7,5.06,71.75,9.38,-88.76,19.56,0.16,-523.0,379.1,-177.0,2.9,159.5,1.0,-2.527,-34.495,-0.046,0.049,0.108,0.0
2026-10-07T09:47:13.716307,7,4.65,75.03,6.5,-88.77,19.6,0.16,-523.6,361.8,-177.0,2.9,159.5,1.0,-0.427,-34.406,-0.077,0.047,0.041,0.0
2026-10-07T09:47:14.218864,5,4.55,75.87,5.76,-88.77,19.61,-0.0,-523.6,357.4,-177.0,2.9,159.5,0.0,0.028,-0.015,0.006,-0.0,0.0,0.0
2026-10-07T09:47:14.722290,5,4.55,75.87,5.76,-88.77,19.61,-0.0,-523.6,357.4,-177.0,2.9,159.5,-0.3,0.054,0.652,-0.087,0.069,-0.005,0.0
2026-10-07T09:47:15.229369,5,4.55,75.87,5.76,-88.77,19.61,-0.05,-523.6,357.4,-177.0,2.9,159.5,-0.2,-0.166,0.081,-0.009,-0.068,-0.05,0.0
2026-10-07T09:47:15.730203,7,4.59,75.51,6.08,-88.77,19.61,-0.22,-523.6,359.3,-177.0,2.9,159.5,-1.9,-0.565,32.331,-0.04,0.016,-0.172,0.0
2026-10-07T09:47:16.232782,7,4.99,72.25,8.93,-88.76,19.56,-0.11,-523.2,376.5,-177.0,2.9,159.5,-0.8,1.754,33.884,0.027,0.028,0.076,0.0
2026-10-07T09:47:16.736648,7,5.4,68.97,11.82,-88.75,19.52,-0.16,-521.9,393.6,-177.0,2.9,159.5,-1.3,3.063,33.758,-0.042,0.027,-0.047,0.0
2026-10-07T09:47:17.239788,7,5.73,66.3,14.15,-88.73,19.48,-0.0,-520.2,407.3,-177.0,2.9,159.5,-0.0,-0.285,-0.077,0.021,0.005,0.068,0.0
2026-10-07T09:47:17.745388,5,5.73,66.3,14.15,-88.74,19.48,-0.0,-520.2,407.3,-177.0,2.9,159.5,0.0,0.221,0.567,-0.065,0.005,0.068,0.0
2026-10-07T09:47:18.250103,5,5.73,66.3,14.15,-88.74,19.48,0.05,-520.2,407.3,-177.0,2.9,159.5,0.5,0.591,0.355,-0.008,-0.0,0.055,0.0
2026-10-07T09:47:18.786232,5,5.73,66.3,14.15,-88.74,19.48,-0.0,-520.2,407.3,-177.0,2.9,159.5,-0.0,-0.045,0.004,-0.006,-0.004,-0.068,0.0
2026-10-07T09:47:19.292507,7,5.49,68.3,12.4,-88.74,19.51,0.16,-521.5,397.0,-177.0,2.9,159.5,1.3,-4.134,-33.759,-0.084,-0.025,0.046,0.0
2026-10-07T09:47:19.808753,7,5.07,71.64,9.47,-88.76,19.55,0.16,-523.0,379.7,-177.0,2.9,159.5,1.3,-2.373,-34.235,-0.016,-0.023,0.046,0.0
2026-10-07T09:47:20.313243,7,4.66,74.98,6.54,-88.77,19.6,0.16,-523.6,362.1,-177.0,2.9,159.5,1.0,0.203,-35.588,0.166,0.043,0.042,0.0
2026-10-07T09:47:20.819953,5,4.55,75.87,5.76,-88.77,19.61,-0.05,-523.6,357.4,-177.0,2.9,159.5,-0.8,-0.364,-0.431,0.046,0.067,-0.059,0.0
2026-10-07T09:47:21.323977,5,4.55,75.87,5.76,-88.77,19.61,0.05,-523.6,357.4,-177.0,2.9,159.5,0.8,0.153,-0.049,0.008,-0.072,-0.009,0.0
2026-10-07T09:47:21.827427,5,4.55,75.87,5.76,-88.77,19.61,-0.0,-523.6,357.4,-177.0,2.9,159.5,-0.3,0.092,0.058,0.015,0.067,-0.004,0.0
2026-10-07T09:47:22.331542,7,4.58,75.58,6.01,-88.77,19.61,-0.16,-523.6,359.0,-177.0,2.9,159.5,-1.1,-0.825,29.733,-0.096,-0.052,-0.117,0.0
2026-10-07T09:47:22.832076,7,4.98,72.33,8.86,-88.76,19.56,-0.11,-523.2,376.1,-177.0,2.9,159.5,-0.9,0.999,35.111,-0.158,0.031,0.075,0.0
2026-10-07T09:47:23.338120,7,5.4,68.99,11.79,-88.75,19.52,-0.11,-521.9,393.5,-177.0,2.9,159.5,-0.8,4.026,33.461,0.056,0.024,0.008,0.0
2026-10-07T09:47:23.838203,7,5.73,66.3,14.15,-88.73,19.48,-0.0,-520.2,407.3,-177.0,2.9,159.5,0.0,0.243,-0.044,0.046,-0.001,0.0,0.0
2026-10-07T09:47:24.346864,5,5.73,66.3,14.15,-88.74,19.48,-0.11,-520.2,407.3,-177.0,2.9,159.5,-1.0,-0.27,0.021,-0.001,-0.005,-0.176,0.0
2026-10-07T09:47:24.849294,5,5.73,66.3,14.15,-88.74,19.48,-0.0,-520.2,407.3,-177.0,2.9,159.5,-0.0,-0.011,0.02,-0.003,0.0,-0.0,0.0
2026-10-07T09:47:25.359123,5,5.73,66.3,14.15,-88.74,19.48,-0.0,-520.2,407.3,-177.0,2.9,159.5,-0.0,-0.236,-0.608,0.065,-0.005,-0.068,0.0
2026-10-07T09:47:25.866076,7,5.51,68.15,12.54,-88.74,19.51,0.16,-521.4,397.8,-177.0,2.9,159.5,1.0,-3.983,-33.334,-0.061,0.038,-0.026,0.0
2026-10-07T09:47:26.376992,7,5.09,71.46,9.63,-88.76,19.55,0.16,-522.9,380.6,-177.0,2.9,159.5,1.3,-2.149,-33.375,-0.065,-0.027,-0.021,0.0
2026-10-07T09:47:26.882839,7,4.69,74.77,6.72,-88.77,19.6,0.11,-523.6,363.2,-177.0,2.9,159.5,0.5,-1.305,-32.919,-0.244,0.051,-0.014,0.0
2026-10-07T09:47:27.390926,5,4.55,75.87,5.76,-88.77,19.61,-0.0,-523.6,357.4,-177.0,2.9,159.5,0.0,-0.082,-0.502,0.075,0.004,0.068,0.0
2026-10-07T09:47:27.891423,5,4.55,75.87,5.76,-88.77,19.61,-0.0,-523.6,357.4,-177.0,2.9,159.5,-0.0,-0.092,0.207,-0.024,0.0,0.0,0.0
2026-10-07T09:47:28.398056,5,4.55,75.87,5.76,-88.77,19.61,-0.0,-523.6,357.4,-177.0,2.9,159.5,-0.0,-0.044,0.078,-0.013,0.005,0.068,0.0
2026-10-07T09:47:28.898825,7,4.56,75.76,5.86,-88.77,19.61,-0.11,-523.6,358.0,-177.0,2.9,159.5,-1.3,-0.3,18.746,-0.021,0.077,-0.087,0.0
2026-10-07T09:47:29.406348,7,4.96,72.54,8.68,-88.76,19.57,-0.16,-523.2,375.0,-177.0,2.9,159.5,-1.3,1.47,35.206,-0.027,0.029,0.023,0.0
2026-10-07T09:47:29.910068,7,5.37,69.2,11.61,-88.75,19.52,-0.16,-522.0,392.4,-177.0,2.9,159.5,-1.0,3.033,33.563,-0.015,-0.037,0.025,0.0
2026-10-07T09:47:30.410252,7,5.73,66.31,14.15,-88.74,19.48,-0.05,-520.2,407.3,-177.0,2.9,159.5,-0.5,-0.024,2.08,0.035,0.006,0.017,0.0
2026-10-07T09:47:30.927965,5,5.73,66.3,14.15,-88.74,19.48,-0.0,-520.2,407.3,-177.0,2.9,159.5,-0.0,-0.343,-0.482,0.037,-0.0,-0.0,0.0
2026-10-07T09:47:31.434143,5,5.73,66.3,14.15,-88.74,19.48,0.05,-520.2,407.3,-177.0,2.9,159.5,0.5,0.047,-0.106,-0.013,0.009,0.19,0.0
2026-10-07T09:47:31.935742,5,5.73,66.3,14.15,-88.74,19.48,-0.05,-520.2,407.3,-177.0,2.9,159.5,-0.5,-0.1,-0.013,0.006,-0.0,-0.054,0.0
2026-10-07T09:47:32.439313,7,5.53,67.94,12.72,-88.74,19.5,0.16,-521.3,398.9,-177.0,2.9,159.5,1.3,-4.075,-33.502,-0.049,-0.026,0.046,0.0
2026-10-07T09:47:32.948448,7,5.12,71.23,9.84,-88.75,19.55,0.16,-522.9,381.9,-177.0,2.9,159.5,1.3,-2.298,-34.251,-0.029,-0.029,-0.022,0.0
2026-10-07T09:47:33.454410,7,4.71,74.56,6.91,-88.77,19.59,0.16,-523.5,364.3,-177.0,2.9,159.5,1.4,-0.515,-34.076,-0.055,-0.021,0.046,0.0
2026-10-07T09:47:33.954485,5,4.55,75.87,5.76,-88.77,19.61,-0.0,-523.6,357.4,-177.0,2.9,159.5,-0.3,0.031,0.622,-0.091,0.069,-0.005,0.0
2026-10-07T09:47:34.462212,5,4.55,75.87,5.76,-88.77,19.61,-0.05,-523.6,357.4,-177.0,2.9,159.5,-0.2,0.039,-0.112,0.039,-0.073,-0.117,0.0
2026-10-07T09:47:34.969341,5,4.55,75.87,5.76,-88.77,19.61,-0.05,-523.6,357.4,-177.0,2.9,159.5,-0.5,0.038,-0.209,0.039,-0.001,-0.054,0.0
2026-10-07T09:47:35.470761,7,4.55,75.83,5.8,-88.77,19.61,-0.0,-523.6,357.7,-177.0,2.9,159.5,0.4,0.184,10.069,0.005,-0.059,0.087,0.0
2026-10-07T09:47:35.972389,7,4.92,72.83,8.43,-88.76,19.57,-0.16,-523.3,373.5,-177.0,2.9,159.5,-1.3,1.84,33.319,0.151,0.025,0.022,0.0
2026-10-07T09:47:36.473332,7,5.34,69.46,11.38,-88.75,19.53,-0.11,-522.1,391.0,-177.0,2.9,159.5,-0.5,3.605,33.057,0.12,-0.044,0.013,0.0
2026-10-07T09:47:36.981216,7,5.72,66.34,14.12,-88.74,19.48,-0.11,-520.2,407.1,-177.0,2.9,159.5,-0.9,1.246,10.379,-0.061,0.013,-0.027,0.0
2026-10-07T09:47:37.481342,5,5.73,66.3,14.15,-88.74,19.48,-0.0,-520.2,407.3,-177.0,2.9,159.5,0.0,-0.013,-0.893,0.118,0.002,0.068,0.0
2026-10-07T09:47:37.990289,5,5.73,66.3,14.15,-88.74,19.48,-0.05,-520.2,407.3,-177.0,2.9,159.5,-0.8,0.035,-0.381,0.052,0.067,-0.059,0.0
2026-10-07T09:47:38.496228,5,5.73,66.3,14.15,-88.74,19.48,-0.05,-520.2,407.3,-177.0,2.9,159.5,-0.5,-0.085,-0.131,0.014,0.004,0.013,0.0
2026-10-07T09:47:39.009386,7,5.56,67.7,12.92,-88.74,19.5,0.11,-521.2,400.1,-177.0,2.9,159.5,0.8,-4.189,-32.238,-0.161,-0.024,-0.008,0.0
2026-10-07T09:47:39.517482,7,5.15,71.04,10.0,-88.75,19.55,0.11,-522.8,382.8,-177.0,2.9,159.5,0.5,-2.894,-33.252,-0.143,0.046,-0.013,0.0
2026-10-07T09:47:40.020977,7,4.74,74.36,7.09,-88.77,19.59,0.11,-523.5,365.4,-177.0,2.9,159.5,0.5,-0.684,-33.553,-0.06,0.047,-0.012,0.0
2026-10-07T09:47:40.524076,5,4.55,75.87,5.76,-88.77,19.61,-0.05,-523.6,357.4,-177.0,2.9,159.5,-0.5,-0.125,0.111,-0.006,0.009,0.081,0.0
2026-10-07T09:47:41.024590,5,4.55,75.87,5.76,-88.77,19.61,-0.05,-523.6,357.4,-177.0,2.9,159.5,-0.5,0.044,0.633,-0.062,-0.004,-0.122,0.0
2026-10-07T09:47:41.527216,5,4.55,75.87,5.76,-88.77,19.61,-0.05,-523.6,357.4,-177.0,2.9,159.5,-0.5,-0.235,0.05,-0.021,0.0,-0.055,0.0
2026-10-07T09:47:42.030728,7,4.55,75.87,5.76,-88.77,19.61,-0.0,-523.6,357.4,-177.0,2.9,159.5,-0.3,-0.117,1.826,-0.081,0.065,-0.071,0.0
2026-10-07T09:47:42.543236,7,4.91,72.96,8.32,-88.76,19.57,-0.16,-523.3,372.8,-177.0,2.9,159.5,-1.4,0.533,35.212,-0.232,0.032,0.02,0.0
2026-10-07T09:47:43.069454,7,5.31,69.7,11.18,-88.75,19.53,-0.11,-522.2,389.8,-177.0,2.9,159.5,-0.8,3.276,34.494,-0.059,0.026,0.008,0.0
2026-10-07T09:47:43.571360,7,5.72,66.37,14.09,-88.74,19.48,-0.05,-520.2,406.9,-177.0,2.9,159.5,-0.1,1.713,16.87,-0.168,-0.053,-0.027,0.0
2026-10-07T09:47:44.075716,5,5.73,66.3,14.15,-88.74,19.48,-0.0,-520.2,407.3,-177.0,2.9,159.5,0.0,0.246,0.495,-0.057,0.005,0.068,0.0
2026-10-07T09:47:44.578446,5,5.73,66.3,14.15,-88.74,19.48,0.05,-520.2,407.3,-177.0,2.9,159.5,0.5,0.378,0.492,-0.052,-0.004,-0.013,0.0
2026-10-07T09:47:45.082329,5,5.73,66.3,14.15,-88.74,19.48,-0.0,-520.2,407.3,-177.0,2.9,159.5,0.0,0.243,0.495,-0.055,0.001,-0.0,0.0
2026-10-07T09:47:45.586309,7,5.59,67.5,13.11,-88.74,19.5,0.11,-521.0,401.1,-177.0,2.9,159.5,0.8,-3.691,-33.593,0.094,-0.024,0.061,0.0
2026-10-07T09:47:46.087346,7,5.17,70.83,10.18,-88.75,19.54,0.16,-522.7,383.9,-177.0,2.9,159.5,1.0,-2.851,-33.773,-0.112,0.041,-0.027,0.0
2026-10-07T09:47:46.587691,7,4.77,74.12,7.3,-88.77,19.59,0.11,-523.5,366.7,-177.0,2.9,159.5,0.9,-0.899,-34.543,0.036,-0.022,-0.008,0.0
2026-10-07T09:47:47.091659,7,4.55,75.87,5.76,-88.77,19.61,0.05,-523.6,357.4,-177.0,2.9,159.5,0.5,0.298,-0.197,0.038,-0.001,0.055,0.0
2026-10-07T09:47:47.595229,5,4.55,75.87,5.76,-88.77,19.61,-0.0,-523.6,357.4,-177.0,2.9,159.5,0.0,0.084,-0.197,0.022,-0.0,-0.0,0.0
2026-10-07T09:47:48.095162,5,4.55,75.87,5.76,-88.77,19.61,-0.0,-523.6,357.4,-177.0,2.9,159.5,0.0,0.002,-0.006,0.001,-0.0,-0.0,0.0
2026-10-07T09:47:48.595964,7,4.55,75.87,5.76,-88.77,19.61,0.05,-523.6,357.4,-177.0,2.9,159.5,0.5,0.228,0.549,-0.078,0.005,0.122,0.0
2026-10-07T09:47:49.097863,7,4.87,73.25,8.06,-88.76,19.58,-0.16,-523.4,371.3,-177.0,2.9,159.5,-1.3,1.873,32.975,0.217,0.019,-0.045,0.0
2026-10-07T09:47:49.604110,7,5.28,69.96,10.95,-88.75,19.53,-0.16,-522.4,388.5,-177.0,2.9,159.5,-1.3,3.699,32.187,0.255,0.02,-0.046,0.0
2026-10-07T09:47:50.110675,7,5.69,66.63,13.87,-88.74,19.49,-0.05,-520.4,405.6,-177.0,2.9,159.5,0.0,4.182,31.244,-0.125,-0.04,0.062,0.0
2026-10-07T09:47:50.612196,5,5.73,66.3,14.15,-88.74,19.48,-0.0,-520.2,407.3,-177.0,2.9,159.5,-0.0,0.05,0.811,-0.108,0.002,-0.0,0.0
2026-10-07T09:47:51.115119,5,5.73,66.3,14.15,-88.74,19.48,0.05,-520.2,407.3,-177.0,2.9,159.5,0.2,0.082,0.149,-0.02,0.073,0.118,0.0
2026-10-07T09:47:51.616660,5,5.73,66.3,14.15,-88.74,19.48,0.05,-520.2,407.3,-177.0,2.9,159.5,0.2,0.137,-0.009,0.001,0.068,0.05,0.0
2026-10-07T09:47:52.118985,7,5.63,67.13,13.43,-88.74,19.49,0.16,-520.8,403.0,-177.0,2.9,159.5,1.3,-4.139,-33.562,0.027,-0.028,0.047,0.0
2026-10-07T09:47:52.620117,7,5.23,70.37,10.59,-88.75,19.54,0.16,-522.5,386.3,-177.0,2.9,159.5,1.3,-3.133,-34.892,0.01,-0.025,0.045,0.0
2026-10-07T09:47:53.123306,7,4.82,73.65,7.71,-88.76,19.58,0.16,-523.4,369.1,-177.0,2.9,159.5,1.3,-1.526,-32.791,-0.273,-0.023,-0.023,0.0
2026-10-07T09:47:53.630014,7,4.55,75.87,5.76,-88.77,19.61,0.05,-523.6,357.4,-177.0,2.9,159.5,0.2,0.173,-0.155,0.013,0.067,0.05,0.0
2026-10-07T09:47:54.135995,5,4.55,75.87,5.76,-88.77,19.61,-0.05,-523.6,357.4,-177.0,2.9,159.5,-0.5,-0.242,0.049,-0.021,-0.004,-0.122,0.0
2026-10-07T09:47:54.637862,5,4.55,75.87,5.76,-88.77,19.61,-0.05,-523.6,357.4,-177.0,2.9,159.5,-0.5,-0.397,-0.46,0.043,-0.005,-0.122,0.0
2026-10-07T09:47:55.140017,5,4.55,75.87,5.76,-88.77,19.61,0.05,-523.6,357.4,-177.0,2.9,159.5,0.5,0.044,0.2,-0.024,0.0,0.054,0.0
2026-10-07T09:47:55.642808,7,4.83,73.61,7.74,-88.76,19.58,-0.11,-523.4,369.4,-177.0,2.9,159.5,-0.9,1.274,33.651,0.09,0.021,0.008,0.0
2026-10-07T09:47:56.146182,7,5.23,70.32,10.63,-88.75,19.54,-0.16,-522.5,386.6,-177.0,2.9,159.5,-1.0,2.96,33.36,0.098,-0.04,0.026,0.0
2026-10-07T09:47:56.649624,7,5.64,67.06,13.49,-88.74,19.49,-0.16,-520.7,403.4,-177.0,2.9,159.5,-0.9,4.095,32.725,0.003,-0.036,0.024,0.0
2026-10-07T09:47:57.151257,5,5.73,66.3,14.15,-88.74,19.48,-0.05,-520.2,407.3,-177.0,2.9,159.5,-0.5,0.112,0.492,-0.057,0.005,0.013,0.0
2026-10-07T09:47:57.651918,5,5.73,66.3,14.15,-88.74,19.48,-0.0,-520.2,407.3,-177.0,2.9,159.5,0.3,-0.225,-0.498,0.061,-0.073,-0.063,0.0
2026-10-07T09:47:58.154107,5,5.73,66.3,14.15,-88.74,19.48,-0.0,-520.2,407.3,-177.0,2.9,159.5,0.0,0.12,-0.243,0.034,0.004,0.068,0.0
2026-10-07T09:47:58.663009,7,5.68,66.74,13.77,-88.74,19.49,0.11,-520.5,405.0,-177.0,2.9,159.5,0.5,-3.485,-35.092,0.506,0.031,-0.008,0.0
2026-10-07T09:47:59.164790,7,5.27,70.0,10.91,-88.75,19.53,0.11,-522.4,388.2,-177.0,2.9,159.5,0.8,-2.289,-34.142,0.049,-0.031,-0.075,0.0
2026-10-07T09:47:59.667116,7,4.87,73.31,8.01,-88.76,19.58,0.11,-523.4,370.9,-177.0,2.9,159.5,0.9,-0.359,-35.068,0.245,-0.031,-0.074,0.0
2026-10-07T09:48:00.168366,7,4.55,75.87,5.76,-88.77,19.61,0.05,-523.6,357.4,-177.0,2.9,159.5,0.5,-0.043,0.579,-0.055,0.006,0.122,0.0
2026-10-07T09:48:00.672373,5,4.55,75.87,5.76,-88.77,19.61,-0.0,-523.6,357.4,-177.0,2.9,159.5,-0.0,-0.291,-0.487,0.035,0.004,0.068,0.0
2026-10-07T09:48:01.178853,5,4.55,75.87,5.76,-88.77,19.61,-0.0,-523.6,357.4,-177.0,2.9,159.5,-0.3,-0.118,0.015,-0.023,0.068,-0.005,0.0
2026-10-07T09:48:01.681586,5,4.55,75.87,5.76,-88.77,19.61,-0.0,-523.6,357.4,-177.0,2.9,159.5,-0.0,-0.121,0.348,-0.035,0.001,0.0,0.0
2026-10-07T09:48:02.190443,7,4.78,73.98,7.42,-88.77,19.59,-0.11,-523.5,367.5,-177.0,2.9,159.5,-0.8,1.88,33.525,0.247,0.018,0.01,0.0
2026-10-07T09:48:02.693148,7,5.19,70.66,10.33,-88.75,19.54,-0.11,-522.6,384.8,-177.0,2.9,159.5,-0.5,1.982,34.636,-0.2,-0.044,-0.057,0.0
2026-10-07T09:48:03.197275,7,5.6,67.38,13.21,-88.74,19.5,-0.11,-520.9,401.8,-177.0,2.9,159.5,-0.8,3.412,33.674,-0.094,0.034,0.074,0.0
2026-10-07T09:48:03.698247,5,5.73,66.3,14.15,-88.73,19.48,-0.0,-520.2,407.3,-177.0,2.9,159.5,0.3,-0.204,-0.386,0.056,-0.068,0.005,0.0
2026-10-07T09:48:04.207891,5,5.73,66.3,14.15,-88.74,19.48,0.05,-520.2,407.3,-177.0,2.9,159.5,0.5,-0.148,-0.475,0.05,-0.005,-0.013,0.0
2026-10-07T09:48:04.710508,5,5.73,66.3,14.15,-88.74,19.48,-0.0,-520.2,407.3,-177.0,2.9,159.5,0.3,0.106,-0.153,0.028,-0.068,0.005,0.0
2026-10-07T09:48:05.210795,7,5.72,66.42,14.05,-88.74,19.48,0.05,-520.3,406.7,-177.0,2.9,159.5,0.4,-2.309,-17.779,0.04,-0.009,0.097,0.0
2026-10-07T09:48:05.714142,7,5.32,69.63,11.23,-88.75,19.53,0.16,-522.2,390.1,-177.0,2.9,159.5,1.3,-2.443,-35.321,0.235,-0.03,0.047,0.0
2026-10-07T09:48:06.219066,7,4.91,72.95,8.33,-88.76,19.57,0.11,-523.3,372.8,-177.0,2.9,159.5,0.8,-1.459,-33.158,-0.148,-0.025,-0.076,0.0
2026-10-07T09:48:06.724080,7,4.55,75.87,5.76,-88.77,19.61,0.05,-523.6,357.4,-177.0,2.9,159.5,0.5,-0.014,-3.43,0.009,-0.002,0.05,0.0
2026-10-07T09:48:07.228183,5,4.55,75.87,5.76,-88.77,19.61,0.05,-523.6,357.4,-177.0,2.9,159.5,0.5,0.129,-0.16,0.003,0.004,0.122,0.0
2026-10-07T09:48:07.732001,5,4.55,75.87,5.76,-88.77,19.61,-0.0,-523.6,357.4,-177.0,2.9,159.5,-0.3,0.022,-0.131,0.005,0.077,0.131,0.0
2026-10-07T09:48:08.234366,5,4.55,75.87,5.76,-88.77,19.61,0.05,-523.6,357.4,-177.0,2.9,159.5,0.8,-0.128,0.332,-0.059,-0.071,-0.009,0.0
2026-10-07T09:48:08.740017,7,4.74,74.31,7.13,-88.77,19.59,-0.11,-523.5,365.7,-177.0,2.9,159.5,-0.2,0.561,35.324,-0.109,-0.112,0.017,0.0
2026-10-07T09:48:09.240086,7,5.15,71.03,10.01,-88.75,19.55,-0.16,-522.8,382.9,-177.0,2.9,159.5,-1.3,2.407,34.399,-0.052,0.03,0.021,0.0
2026-10-07T09:48:09.763923,7,5.55,67.77,12.87,-88.74,19.5,-0.11,-521.2,399.8,-177.0,2.9,159.5,-0.8,3.661,33.573,-0.072,0.028,0.007,0.0
2026-10-07T09:48:10.269967,5,5.73,66.3,14.15,-88.73,19.48,0.05,-520.2,407.3,-177.0,2.9,159.5,0.5,0.069,0.025,-0.013,0.0,0.054,0.0
2026-10-07T09:48:10.770299,5,5.73,66.3,14.15,-88.74,19.48,-0.05,-520.2,407.3,-177.0,2.9,159.5,-0.5,-0.167,-0.27,0.007,0.004,0.013,0.0
2026-10-07T09:48:11.271829,5,5.73,66.3,14.15,-88.74,19.48,-0.0,-520.2,407.3,-177.0,2.9,159.5,-0.0,-0.141,0.053,-0.03,0.005,0.067,0.0
2026-10-07T09:48:11.773162,7,5.73,66.33,14.13,-88.74,19.48,-0.0,-520.2,407.1,-177.0,2.9,159.5,-0.0,-0.967,-6.686,0.079,-0.006,-0.009,0.0
2026-10-07T09:48:12.279863,7,5.35,69.4,11.44,-88.75,19.52,0.16,-522.1,391.3,-177.0,2.9,159.5,1.0,-2.626,-34.798,0.2,0.038,0.043,0.0
2026-10-07T09:48:12.784969,7,4.94,72.71,8.53,-88.76,19.57,0.16,-523.3,374.1,-177.0,2.9,159.5,1.3,-1.309,-32.723,-0.139,-0.026,-0.021,0.0
2026-10-07T09:48:13.285345,7,4.56,75.82,5.81,-88.77,19.61,-0.0,-523.6,357.7,-177.0,2.9,159.5,-0.0,-0.141,-12.912,-0.057,-0.005,-0.019,0.0
2026-10-07T09:48:13.791220,5,4.55,75.87,5.76,-88.77,19.61,0.05,-523.6,357.4,-177.0,2.9,159.5,0.5,0.014,-0.489,0.07,-0.001,0.055,0.0
2026-10-07T09:48:14.292734,5,4.55,75.87,5.76,-88.77,19.61,0.05,-523.6,357.4,-177.0,2.9,159.5,0.8,-0.129,-0.365,0.037,-0.063,0.127,0.0
2026-10-07T09:48:14.793013,5,4.55,75.87,5.76,-88.77,19.61,-0.05,-523.6,357.4,-177.0,2.9,159.5,-0.8,-0.612,-0.298,-0.006,0.068,-0.059,0.0
2026-10-07T09:48:15.296895,7,4.7,74.65,6.83,-88.77,19.6,-0.11,-523.5,363.9,-177.0,2.9,159.5,-0.5,0.315,34.642,-0.019,-0.045,0.013,0.0
2026-10-07T09:48:15.801846,7,5.11,71.29,9.78,-88.75,19.55,-0.11,-522.9,381.5,-177.0,2.9,159.5,-0.8,1.529,34.984,-0.167,0.037,0.143,0.0
2026-10-07T09:48:16.302631,7,5.52,68.03,12.64,-88.74,19.51,-0.11,-521.3,398.4,-177.0,2.9,159.5,-0.5,4.331,33.446,0.083,-0.043,0.013,0.0
2026-10-07T09:48:16.810358,7,5.73,66.3,14.15,-88.73,19.48,-0.05,-520.2,407.3,-177.0,2.9,159.5,-0.2,-0.095,0.001,0.009,-0.072,-0.117,0.0
2026-10-07T09:48:17.310815,5,5.73,66.3,14.15,-88.74,19.48,-0.05,-520.2,407.3,-177.0,2.9,159.5,-0.5,0.313,0.384,-0.011,-0.005,-0.122,0.0
2026-10-07T09:48:17.810879,5,5.73,66.3,14.15,-88.74,19.48,-0.05,-520.2,407.3,-177.0,2.9,159.5,-0.2,-0.128,0.059,-0.003,-0.068,-0.05,0.0
2026-10-07T09:48:18.317691,7,5.73,66.3,14.15,-88.74,19.48,-0.0,-520.2,407.3,-177.0,2.9,159.5,0.0,0.138,-0.055,0.028,-0.001,0.0,0.0
2026-10-07T09:48:18.817843,7,5.4,69.01,11.78,-88.75,19.52,0.11,-521.9,393.4,-177.0,2.9,159.5,0.8,-3.675,-32.858,-0.096,-0.024,-0.008,0.0
2026-10-07T09:48:19.319034,7,4.99,72.29,8.9,-88.76,19.56,0.16,-523.2,376.3,-177.0,2.9,159.5,1.0,-2.263,-33.631,-0.088,0.042,-0.026,0.0
2026-10-07T09:48:19.826441,7,4.59,75.57,6.03,-88.77,19.61,0.11,-523.6,359.0,-177.0,2.9,159.5,0.6,0.846,-32.554,0.224,0.044,-0.008,0.0
2026-10-07T09:48:20.328207,5,4.55,75.87,5.76,-88.77,19.61,-0.0,-523.6,357.4,-177.0,2.9,159.5,0.3,-0.185,0.219,-0.042,-0.067,0.004,0.0
2026-10-07T09:48:20.835327,5,4.55,75.87,5.76,-88.77,19.61,-0.0,-523.6,357.4,-177.0,2.9,159.5,-0.3,0.104,-0.232,0.027,0.067,-0.005,0.0
2026-10-07T09:48:21.344075,5,4.55,75.87,5.76,-88.77,19.61,-0.05,-523.6,357.4,-177.0,2.9,159.5,-0.5,-0.145,-0.693,0.097,-0.001,-0.054,0.0
2026-10-07T09:48:21.864096,7,4.67,74.89,6.62,-88.77,19.6,-0.16,-523.5,362.6,-177.0,2.9,159.5,-1.7,-0.026,33.498,0.083,0.088,-0.051,0.0
2026-10-07T09:48:22.367035,7,5.08,71.52,9.57,-88.76,19.55,-0.16,-522.9,380.3,-177.0,2.9,159.5,-1.3,1.898,33.62,0.087,0.028,0.022,0.0
2026-10-07T09:48:22.875071,7,5.49,68.21,12.48,-88.74,19.51,-0.11,-521.5,397.5,-177.0,2.9,159.5,-0.8,3.229,34.058,-0.13,0.029,0.007,0.0
2026-10-07T09:48:23.377640,7,5.73,66.3,14.15,-88.73,19.48,-0.0,-520.2,407.3,-177.0,2.9,159.5,-0.0,-0.141,0.141,-0.034,0.001,-0.0,0.0
2026-10-07T09:48:23.890826,5,5.73,66.3,14.15,-88.74,19.48,-0.0,-520.2,407.3,-177.0,2.9,159.5,0.0,0.078,-0.223,0.027,-0.001,-0.0,0.0
2026-10-07T09:48:24.394910,5,5.73,66.3,14.15,-88.74,19.48,-0.05,-520.2,407.3,-177.0,2.9,159.5,-0.8,-0.058,0.146,0.006,0.063,-0.126,0.0
2026-10-07T09:48:24.895496,7,5.73,66.3,14.15,-88.74,19.48,-0.0,-520.2,407.3,-177.0,2.9,159.5,0.0,0.191,-0.093,0.041,-0.005,-0.067,0.0
2026-10-07T09:48:25.396105,7,5.41,68.88,11.9,-88.75,19.52,0.11,-521.8,394.0,-177.0,2.9,159.5,0.8,-2.629,-33.532,0.142,-0.029,-0.006,0.0
2026-10-07T09:48:25.896128,7,5.01,72.14,9.04,-88.76,19.56,0.11,-523.1,377.1,-177.0,2.9,159.5,0.5,-2.793,-33.487,-0.226,0.044,-0.082,0.0
2026-10-07T09:48:26.397795,7,4.61,75.4,6.18,-88.77,19.61,0.11,-523.6,359.9,-177.0,2.9,159.5,0.8,-1.328,-33.071,-0.23,-0.021,-0.077,0.0
2026-10-07T09:48:26.899928,5,4.55,75.87,5.76,-88.77,19.61,0.05,-523.6,357.4,-177.0,2.9,159.5,0.5,0.14,-0.045,0.003,-0.0,0.054,0.0
2026-10-07T09:48:27.401251,5,4.55,75.87,5.76,-88.77,19.61,-0.05,-523.6,357.4,-177.0,2.9,159.5,-0.5,-0.065,-0.074,0.015,-0.0,-0.054,0.0
2026-10-07T09:48:27.911997,5,4.55,75.87,5.76,-88.77,19.61,-0.0,-523.6,357.4,-177.0,2.9,159.5,-0.0,-0.48,-0.233,-0.008,0.001,-0.0,0.0
2026-10-07T09:48:28.413885,7,4.63,75.2,6.35,-88.77,19.6,-0.11,-523.6,361.0,-177.0,2.9,159.5,-1.2,0.774,34.327,0.058,0.097,0.14,0.0
2026-10-07T09:48:28.924731,7,5.04,71.86,9.28,-88.76,19.56,-0.16,-523.1,378.6,-177.0,2.9,159.5,-1.3,2.777,33.247,0.231,0.02,-0.045,0.0
2026-10-07T09:48:29.429175,7,5.45,68.58,12.16,-88.74,19.51,-0.16,-521.7,395.6,-177.0,2.9,159.5,-0.9,4.354,32.76,0.133,-0.045,-0.042,0.0
2026-10-07T09:48:29.940957,7,5.73,66.3,14.15,-88.73,19.48,-0.0,-520.2,407.3,-177.0,2.9,159.5,-0.0,-0.161,0.077,-0.033,0.001,-0.0,0.0
2026-10-07T09:48:30.446359,5,5.73,66.3,14.15,-88.74,19.48,0.05,-520.2,407.3,-177.0,2.9,159.5,0.5,0.472,0.37,-0.032,0.005,0.122,0.0
2026-10-07T09:48:30.954607,5,5.73,66.3,14.15,-88.74,19.48,-0.05,-520.2,407.3,-177.0,2.9,159.5,-0.5,-0.054,0.715,-0.096,-0.003,-0.122,0.0
2026-10-07T09:48:31.460711,5,5.73,66.3,14.15,-88.74,19.48,-0.05,-520.2,407.3,-177.0,2.9,159.5,-0.5,-0.54,-1.079,0.13,-0.002,-0.054,0.0
2026-10-07T09:48:31.961334,7,5.45,68.62,12.12,-88.74,19.51,0.16,-521.7,395.4,-177.0,2.9,159.5,1.0,-3.739,-32.654,-0.105,0.048,0.11,0.0
2026-10-07T09:48:32.461457,7,5.04,71.88,9.26,-88.76,19.56,0.11,-523.1,378.5,-177.0,2.9,159.5,0.8,-2.061,-33.553,-0.061,-0.023,-0.008,0.0
2026-10-07T09:48:32.961947,7,4.64,75.14,6.41,-88.77,19.6,0.16,-523.6,361.3,-177.0,2.9,159.5,1.4,-0.16,-33.617,-0.065,-0.02,0.046,0.0
2026-10-07T09:48:33.470415,5,4.55,75.87,5.76,-88.77,19.61,-0.0,-523.6,357.4,-177.0,2.9,159.5,-0.0,0.115,0.548,-0.074,0.005,0.068,0.0
2026-10-07T09:48:33.980652,5,4.55,75.87,5.76,-88.77,19.61,0.05,-523.6,357.4,-177.0,2.9,159.5,0.5,0.111,0.05,-0.006,0.0,0.054,0.0
2026-10-07T09:48:34.486999,5,4.55,75.87,5.76,-88.77,19.61,-0.0,-523.6,357.4,-177.0,2.9,159.5,0.3,0.083,0.583,-0.08,-0.067,0.004,0.0
2026-10-07T09:48:34.987064,7,4.61,75.36,6.21,-88.77,19.61,-0.05,-523.6,360.2,-177.0,2.9,159.5,-0.0,0.286,34.331,-0.04,-0.046,0.067,0.0
2026-10-07T09:48:35.502931,7,5.01,72.1,9.07,-88.76,19.56,-0.16,-523.1,377.3,-177.0,2.9,159.5,-1.0,1.725,34.681,-0.002,-0.044,-0.041,0.0
2026-10-07T09:48:36.003709,7,5.43,68.73,12.02,-88.74,19.52,-0.11,-521.7,394.8,-177.0,2.9,159.5,-0.8,3.26,33.395,-0.035,0.027,0.007,0.0
2026-10-07T09:48:36.511170,7,5.73,66.3,14.15,-88.73,19.48,-0.0,-520.2,407.3,-177.0,2.9,159.5,-0.3,0.029,-0.066,0.009,0.068,-0.005,0.0
2026-10-07T09:48:37.011794,5,5.73,66.3,14.15,-88.74,19.48,0.05,-520.2,407.3,-177.0,2.9,159.5,0.8,0.538,0.3,-0.014,-0.068,0.059,0.0
2026-10-07T09:48:37.520218,5,5.73,66.3,14.15,-88.74,19.48,-0.0,-520.2,407.3,-177.0,2.9,159.5,-0.0,-0.367,-0.434,0.032,-0.005,-0.068,0.0
2026-10-07T09:48:38.020237,5,5.73,66.3,14.15,-88.74,19.48,-0.0,-520.2,407.3,-177.0,2.9,159.5,-0.0,-0.463,-0.224,0.0,0.0,-0.0,0.0
2026-10-07T09:48:38.528460,7,5.48,68.36,12.35,-88.74,19.51,0.16,-521.6,396.7,-177.0,2.9,159.5,1.3,-3.523,-33.265,-0.076,-0.026,0.046,0.0
2026-10-07T09:48:39.036678,7,5.07,71.67,9.45,-88.76,19.56,0.22,-523.0,379.5,-177.0,2.9,159.5,1.5,-1.798,-34.659,0.009,0.043,0.096,0.0
2026-10-07T09:48:39.538364,7,4.66,74.96,6.56,-88.77,19.6,0.22,-523.6,362.3,-177.0,2.9,159.5,2.2,0.523,-35.561,0.126,-0.087,0.172,0.0
2026-10-07T09:48:40.046084,5,4.55,75.87,5.76,-88.77,19.61,-0.0,-523.6,357.4,-177.0,2.9,159.5,0.3,0.049,-0.612,0.104,-0.065,0.073,0.0
2026-10-07T09:48:40.549956,5,4.55,75.87,5.76,-88.77,19.61,0.05,-523.6,357.4,-177.0,2.9,159.5,0.2,0.092,0.01,-0.01,0.072,0.117,0.0
2026-10-07T09:48:41.055945,5,4.55,75.87,5.76,-88.77,19.61,-0.0,-523.6,357.4,-177.0,2.9,159.5,0.3,0.003,0.231,-0.005,-0.072,-0.063,0.0
2026-10-07T09:48:41.559201,7,4.59,75.56,6.03,-88.77,19.61,-0.22,-523.6,359.1,-177.0,2.9,159.5,-1.9,-0.374,30.741,-0.023,0.02,-0.106,0.0
2026-10-07T09:48:42.065769,7,4.99,72.25,8.93,-88.76,19.56,-0.11,-523.2,376.5,-177.0,2.9,159.5,-0.8,1.569,33.519,0.084,0.023,0.008,0.0
2026-10-07T09:48:42.565932,7,5.4,68.99,11.79,-88.75,19.52,-0.11,-521.9,393.5,-177.0,2.9,159.5,-0.8,4.12,32.679,0.185,0.022,0.008,0.0
2026-10-07T09:48:43.073852,7,5.73,66.3,14.15,-88.73,19.48,-0.0,-520.2,407.3,-177.0,2.9,159.5,-0.0,-0.297,-0.342,0.037,-0.0,0.0,0.0
2026-10-07T09:48:43.575945,5,5.73,66.3,14.15,-88.74,19.48,-0.0,-520.2,407.3,-177.0,2.9,159.5,0.0,0.02,-0.094,0.007,0.004,0.068,0.0
2026-10-07T09:48:44.083396,5,5.73,66.3,14.15,-88.74,19.48,-0.0,-520.2,407.3,-177.0,2.9,159.5,0.0,0.307,0.296,-0.034,0.005,0.068,0.0
2026-10-07T09:48:44.590860,5,5.73,66.3,14.15,-88.74,19.48,-0.0,-520.2,407.3,-177.0,2.9,159.5,-0.3,0.395,0.299,-0.019,0.072,0.063,0.0
2026-10-07T09:48:45.097911,7,5.51,68.15,12.54,-88.74,19.51,0.16,-521.4,397.8,-177.0,2.9,159.5,1.3,-4.519,-34.133,-0.044,-0.03,-0.022,0.0
2026-10-07T09:48:45.600084,7,5.1,71.41,9.68,-88.76,19.55,0.11,-522.9,380.9,-177.0,2.9,159.5,0.5,-2.234,-33.849,-0.032,0.044,-0.013,0.0
2026-10-07T09:48:46.110063,7,4.69,74.72,6.77,-88.77,19.6,0.05,-523.6,363.5,-177.0,2.9,159.5,0.4,-1.018,-34.226,-0.112,-0.02,-0.064,0.0
2026-10-07T09:48:46.616890,5,4.55,75.87,5.76,-88.77,19.61,0.05,-523.6,357.4,-177.0,2.9,159.5,0.5,0.118,0.117,-0.007,0.0,0.055,0.0
2026-10-07T09:48:47.123731,5,4.55,75.87,5.76,-88.77,19.61,0.05,-523.6,357.4,-177.0,2.9,159.5,0.5,0.287,-0.077,0.032,-0.001,0.055,0.0
2026-10-07T09:48:47.636757,5,4.55,75.87,5.76,-88.77,19.61,-0.0,-523.6,357.4,-177.0,2.9,159.5,-0.0,-0.008,0.043,-0.003,0.0,0.0,0.0
2026-10-07T09:48:48.141675,7,4.57,75.67,5.94,-88.77,19.61,-0.11,-523.6,358.5,-177.0,2.9,159.5,-0.6,-0.066,26.039,-0.073,-0.055,-0.068,0.0
2026-10-07T09:48:48.641988,7,4.97,72.44,8.77,-88.76,19.57,-0.16,-523.2,375.5,-177.0,2.9,159.5,-1.3,2.131,33.336,0.09,0.026,0.021,0.0
2026-10-07T09:48:49.152299,7,5.38,69.13,11.68,-88.75,19.52,-0.16,-522.0,392.8,-177.0,2.9,159.5,-1.0,2.944,33.496,-0.034,-0.041,-0.043,0.0
2026-10-07T09:48:49.658481,7,5.73,66.3,14.15,-88.74,19.48,-0.0,-520.2,407.3,-177.0,2.9,159.5,0.0,0.147,-0.181,0.107,-0.002,0.001,0.0
2026-10-07T09:48:50.159120,5,5.73,66.3,14.15,-88.74,19.48,-0.0,-520.2,407.3,-177.0,2.9,159.5,0.0,0.175,-0.266,0.045,0.004,0.068,0.0
2026-10-07T09:48:50.666955,5,5.73,66.3,14.15,-88.74,19.48,-0.05,-520.2,407.3,-177.0,2.9,159.5,-0.5,-0.136,0.122,-0.01,0.005,0.013,0.0
2026-10-07T09:48:51.176863,5,5.73,66.3,14.15,-88.74,19.48,-0.0,-520.2,407.3,-177.0,2.9,159.5,-0.0,-0.138,0.072,-0.027,-0.004,-0.068,0.0
2026-10-07T09:48:51.680080,7,5.53,67.94,12.72,-88.74,19.5,0.11,-521.3,398.9,-177.0,2.9,159.5,0.5,-4.402,-33.094,-0.106,0.043,-0.013,0.0
2026-10-07T09:48:52.182800,7,5.11,71.3,9.77,-88.75,19.55,0.16,-522.9,381.5,-177.0,2.9,159.5,1.7,-2.663,-34.138,-0.036,-0.095,-0.017,0.0
2026-10-07T09:48:52.684016,7,4.71,74.56,6.91,-88.77,19.59,0.16,-523.5,364.3,-177.0,2.9,159.5,1.4,-0.411,-34.129,-0.107,-0.025,-0.023,0.0
2026-10-07T09:48:53.186654,5,4.55,75.87,5.76,-88.77,19.61,-0.0,-523.6,357.4,-177.0,2.9,159.5,-0.0,-0.282,0.19,-0.06,0.001,-0.0,0.0
2026-10-07T09:48:53.690772,5,4.55,75.87,5.76,-88.77,19.61,-0.0,-523.6,357.4,-177.0,2.9,159.5,0.0,0.028,-0.064,0.005,0.004,0.068,0.0
2026-10-07T09:48:54.193672,5,4.55,75.87,5.76,-88.77,19.61,-0.05,-523.6,357.4,-177.0,2.9,159.5,-0.5,0.055,0.542,-0.058,0.001,-0.054,0.0
2026-10-07T09:48:54.699978,7,4.55,75.84,5.79,-88.77,19.61,-0.05,-523.6,357.6,-177.0,2.9,159.5,-0.8,0.35,7.937,-0.018,0.071,-0.048,0.0
2026-10-07T09:48:55.211866,7,4.94,72.7,8.54,-88.76,19.57,-0.11,-523.3,374.2,-177.0,2.9,159.5,-0.8,1.774,33.966,0.076,0.022,0.009,0.0
2026-10-07T09:48:55.717276,7,5.34,69.46,11.38,-88.75,19.53,-0.11,-522.1,391.0,-177.0,2.9,159.5,-0.5,4.124,33.02,0.219,-0.051,-0.054,0.0
2026-10-07T09:48:56.228834,7,5.72,66.33,14.13,-88.74,19.48,-0.11,-520.2,407.1,-177.0,2.9,159.5,-0.9,0.993,9.299,-0.041,0.007,-0.096,0.0
2026-10-07T09:48:56.729918,5,5.73,66.3,14.15,-88.74,19.48,-0.0,-520.2,407.3,-177.0,2.9,159.5,0.0,0.17,0.363,-0.061,0.001,-0.0,0.0
2026-10-07T09:48:57.233378,5,5.73,66.3,14.15,-88.74,19.48,0.11,-520.2,407.3,-177.0,2.9,159.5,1.0,0.373,-0.054,0.021,0.004,0.177,0.0
2026-10-07T09:48:57.736629,5,5.73,66.3,14.15,-88.74,19.48,-0.0,-520.2,407.3,-177.0,2.9,159.5,0.3,-0.068,0.087,-0.017,-0.067,0.004,0.0
2026-10-07T09:48:58.241584,7,5.57,67.63,12.99,-88.74,19.5,0.16,-521.1,400.5,-177.0,2.9,159.5,1.3,-4.146,-33.371,-0.106,-0.026,0.046,0.0
2026-10-07T09:48:58.749834,7,5.16,70.96,10.07,-88.75,19.55,0.16,-522.8,383.2,-177.0,2.9,159.5,1.0,-2.876,-34.561,-0.023,0.044,0.041,0.0
2026-10-07T09:48:59.250164,7,4.76,74.2,7.23,-88.77,19.59,0.16,-523.5,366.3,-177.0,2.9,159.5,1.0,-1.042,-34.361,-0.106,0.047,0.04,0.0
2026-10-07T09:48:59.750833,7,4.55,75.87,5.76,-88.77,19.61,-0.05,-523.6,357.4,-177.0,2.9,159.5,-0.5,0.014,-0.071,0.03,-0.001,-0.054,0.0
2026-10-07T09:49:00.253577,5,4.55,75.87,5.76,-88.77,19.61,-0.0,-523.6,357.4,-177.0,2.9,159.5,0.3,-0.063,0.073,-0.016,-0.063,0.072,0.0
2026-10-07T09:49:00.755668,5,4.55,75.87,5.76,-88.77,19.61,-0.0,-523.6,357.4,-177.0,2.9,159.5,0.0,0.191,-0.259,0.045,-0.001,0.0,0.0
2026-10-07T09:49:01.256317,7,4.55,75.87,5.76,-88.77,19.61,-0.0,-523.6,357.4,-177.0,2.9,159.5,0.3,0.126,1.817,-0.112,-0.066,0.006,0.0
2026-10-07T09:49:01.762843,7,4.83,73.56,7.79,-88.76,19.58,-0.16,-523.4,369.6,-177.0,2.9,159.5,-1.0,0.707,33.511,0.083,-0.046,-0.042,0.0
2026-10-07T09:49:02.265796,7,5.31,69.7,11.17,-88.75,19.53,-0.16,-522.2,389.8,-177.0,2.9,159.5,-1.6,3.519,33.905,0.036,0.097,0.017,0.0
2026-10-07T09:49:02.770118,7,5.71,66.48,14.0,-88.74,19.48,-0.11,-520.3,406.4,-177.0,2.9,159.5,-0.8,2.93,25.974,-0.173,0.026,-0.005,0.0
2026-10-07T09:49:03.275332,5,5.73,66.3,14.15,-88.74,19.48,0.05,-520.2,407.3,-177.0,2.9,159.5,0.5,0.349,0.675,-0.068,-0.004,-0.013,0.0
2026-10-07T09:49:03.776028,5,5.73,66.3,14.15,-88.74,19.48,-0.0,-520.2,407.3,-177.0,2.9,159.5,-0.3,0.081,-0.216,0.027,0.067,-0.005,0.0
2026-10-07T09:49:04.281929,5,5.73,66.3,14.15,-88.74,19.48,-0.05,-520.2,407.3,-177.0,2.9,159.5,-0.5,0.132,0.484,-0.053,0.005,0.013,0.0
2026-10-07T09:49:04.782664,7,5.6,67.37,13.22,-88.74,19.5,0.22,-520.9,401.8,-177.0,2.9,159.5,1.4,-3.805,-32.987,-0.063,0.041,0.097,0.0
2026-10-07T09:49:05.290767,7,5.19,70.68,10.32,-88.75,19.54,0.11,-522.7,384.7,-177.0,2.9,159.5,0.8,-3.952,-31.281,-0.393,-0.017,-0.009,0.0
2026-10-07T09:49:05.797108,7,4.79,73.96,7.43,-88.77,19.59,0.11,-523.5,367.5,-177.0,2.9,159.5,0.9,-0.589,-33.074,-0.095,-0.021,-0.008,0.0
2026-10-07T09:49:06.301329,7,4.55,75.87,5.76,-88.77,19.61,0.05,-523.6,357.4,-177.0,2.9,159.5,0.8,0.062,-0.558,0.083,-0.073,-0.008,0.0
2026-10-07T09:49:06.818214,5,4.55,75.87,5.76,-88.77,19.61,-0.0,-523.6,357.4,-177.0,2.9,159.5,-0.0,-0.327,-0.387,0.027,0.0,-0.0,0.0
2026-10-07T09:49:07.320698,5,4.55,75.87,5.76,-88.77,19.61,0.05,-523.6,357.4,-177.0,2.9,159.5,0.5,0.489,0.404,-0.02,-0.005,-0.013,0.0
2026-10-07T09:49:07.822738,7,4.55,75.87,5.76,-88.77,19.61,-0.0,-523.6,357.4,-177.0,2.9,159.5,0.0,-0.124,-0.411,0.066,-0.001,0.0,0.0
2026-10-07T09:49:08.346177,7,4.72,74.45,7.01,-88.77,19.59,-0.22,-523.5,365.0,-177.0,2.9,159.5,-1.5,1.438,33.919,0.173,-0.049,-0.095,0.0
2026-10-07T09:49:08.857590,7,5.23,70.35,10.6,-88.75,19.54,-0.16,-522.5,386.4,-177.0,2.9,159.5,-1.3,2.63,33.9,-0.058,0.03,0.02,0.0
2026-10-07T09:49:09.365778,7,5.7,66.5,13.98,-88.74,19.48,-0.16,-520.3,406.3,-177.0,2.9,159.5,-1.0,4.006,26.275,0.029,-0.05,-0.12,0.0
2026-10-07T09:49:09.870153,5,5.73,66.3,14.15,-88.74,19.48,0.05,-520.2,407.3,-177.0,2.9,159.5,0.5,0.083,0.135,-0.015,-0.004,-0.013,0.0
2026-10-07T09:49:10.375167,5,5.73,66.3,14.15,-88.74,19.48,-0.0,-520.2,407.3,-177.0,2.9,159.5,0.3,0.104,0.79,-0.097,-0.066,0.004,0.0
2026-10-07T09:49:10.878904,5,5.73,66.3,14.15,-88.74,19.48,0.05,-520.2,407.3,-177.0,2.9,159.5,0.5,0.273,-0.07,0.029,-0.001,0.055,0.0
2026-10-07T09:49:11.379170,7,5.61,67.31,13.27,-88.74,19.5,0.11,-520.9,402.1,-177.0,2.9,159.5,0.4,-4.934,-32.633,-0.161,0.039,-0.08,0.0
2026-10-07T09:49:11.885761,7,5.2,70.63,10.36,-88.75,19.54,0.16,-522.6,385.0,-177.0,2.9,159.5,1.0,-2.6,-31.974,-0.205,0.051,0.11,0.0
2026-10-07T09:49:12.393811,7,4.79,73.94,7.46,-88.77,19.59,0.16,-523.5,367.6,-177.0,2.9,159.5,1.0,-0.907,-34.161,0.016,0.041,-0.026,0.0
2026-10-07T09:49:12.894524,7,4.55,75.87,5.76,-88.77,19.61,-0.0,-523.6,357.4,-177.0,2.9,159.5,0.0,0.153,0.536,-0.067,0.005,0.068,0.0
2026-10-07T09:49:13.394862,5,4.55,75.87,5.76,-88.77,19.61,-0.0,-523.6,357.4,-177.0,2.9,159.5,-0.0,-0.065,0.147,-0.015,-0.004,-0.068,0.0
2026-10-07T09:49:13.902261,5,4.55,75.87,5.76,-88.77,19.61,-0.0,-523.6,357.4,-177.0,2.9,159.5,-0.0,-0.019,-0.043,-0.002,0.0,-0.0,0.0
2026-10-07T09:49:14.403408,7,4.55,75.87,5.76,-88.77,19.61,-0.0,-523.6,357.4,-177.0,2.9,159.5,-0.0,-0.027,-0.056,-0.001,-0.005,-0.068,0.0
2026-10-07T09:49:14.903646,7,4.85,73.4,7.93,-88.76,19.58,-0.11,-523.4,370.5,-177.0,2.9,159.5,-0.5,-0.109,35.69,-0.272,-0.04,0.012,0.0
2026-10-07T09:49:15.403875,7,5.26,70.12,10.81,-88.75,19.53,-0.11,-522.4,387.6,-177.0,2.9,159.5,-0.5,2.069,34.487,-0.092,-0.04,0.012,0.0
2026-10-07T09:49:15.904115,7,5.66,66.88,13.65,-88.74,19.49,-0.16,-520.6,404.3,-177.0,2.9,159.5,-1.6,5.19,33.657,0.129,0.093,-0.05,0.0
2026-10-07T09:49:16.407839,5,5.73,66.3,14.15,-88.74,19.48,-0.0,-520.2,407.3,-177.0,2.9,159.5,-0.0,-0.001,-0.18,0.01,-0.0,-0.0,0.0
2026-10-07T09:49:16.912404,5,5.73,66.3,14.15,-88.74,19.48,0.05,-520.2,407.3,-177.0,2.9,159.5,0.8,0.324,-0.25,0.047,-0.064,0.127,0.0
2026-10-07T09:49:17.416730,5,5.73,66.3,14.15,-88.74,19.48,0.05,-520.2,407.3,-177.0,2.9,159.5,0.5,-0.123,-0.501,0.054,-0.001,0.054,0.0
2026-10-07T09:49:17.924702,7,5.65,66.95,13.59,-88.74,19.49,0.16,-520.7,403.9,-177.0,2.9,159.5,0.9,-5.055,-32.95,-0.081,0.038,-0.025,0.0
2026-10-07T09:49:18.426857,7,5.25,70.21,10.73,-88.75,19.54,0.11,-522.5,387.1,-177.0,2.9,159.5,0.5,-3.839,-31.966,-0.363,0.045,-0.082,0.0
2026-10-07T09:49:18.933330,7,4.84,73.52,7.82,-88.76,19.58,0.11,-523.4,369.8,-177.0,2.9,159.5,0.5,-1.064,-34.648,0.072,0.044,-0.012,0.0
2026-10-07T09:49:19.437705,7,4.55,75.87,5.76,-88.77,19.61,0.05,-523.6,357.4,-177.0,2.9,159.5,0.2,0.434,0.509,-0.032,0.059,-0.085,0.0
2026-10-07T09:49:19.941120,5,4.55,75.87,5.76,-88.77,19.61,-0.0,-523.6,357.4,-177.0,2.9,159.5,0.0,0.192,-0.089,0.04,-0.001,0.0,0.0
2026-10-07T09:49:20.444314,5,4.55,75.87,5.76,-88.77,19.61,-0.05,-523.6,357.4,-177.0,2.9,159.5,-0.8,-0.175,-0.581,0.087,0.067,-0.059,0.0
2026-10-07T09:49:20.954979,5,4.55,75.87,5.76,-88.77,19.61,-0.05,-523.6,357.4,-177.0,2.9,159.5,-0.5,-0.172,-0.086,-0.007,0.005,0.013,0.0
2026-10-07T09:49:21.472227,7,4.81,73.71,7.65,-88.76,19.58,-0.16,-523.4,368.8,-177.0,2.9,159.5,-1.7,0.594,33.102,0.021,0.085,-0.12,0.0
2026-10-07T09:49:21.978352,7,5.23,70.32,10.63,-88.75,19.54,-0.11,-522.5,386.6,-177.0,2.9,159.5,-0.8,3.54,33.016,0.199,0.021,0.009,0.0
2026-10-07T09:49:22.484962,7,5.63,67.09,13.46,-88.74,19.49,-0.16,-520.7,403.2,-177.0,2.9,159.5,-1.0,3.721,33.302,-0.092,-0.039,-0.044,0.0
2026-10-07T09:49:22.991146,5,5.73,66.3,14.15,-88.74,19.48,-0.0,-520.2,407.3,-177.0,2.9,159.5,0.0,0.133,-0.13,0.031,-0.001,0.0,0.0
2026-10-07T09:49:23.495069,5,5.73,66.3,14.15,-88.74,19.48,-0.0,-520.2,407.3,-177.0,2.9,159.5,-0.3,-0.356,-0.444,0.032,0.067,-0.005,0.0
2026-10-07T09:49:24.012282,5,5.73,66.3,14.15,-88.74,19.48,-0.0,-520.2,407.3,-177.0,2.9,159.5,-0.3,-0.032,-0.135,0.004,0.063,-0.072,0.0
2026-10-07T09:49:24.513986,7,5.67,66.84,13.68,-88.74,19.49,0.11,-520.6,404.5,-177.0,2.9,159.5,0.8,-5.513,-32.947,-0.131,-0.024,-0.008,0.0
2026-10-07T09:49:25.026967,7,5.32,69.61,11.25,-88.75,19.53,0.22,-522.2,390.3,-177.0,2.9,159.5,1.8,-3.356,-33.519,-0.115,-0.023,0.1,0.0
2026-10-07T09:49:25.534872,7,4.86,73.36,7.96,-88.76,19.58,0.11,-523.4,370.7,-177.0,2.9,159.5,0.5,-0.489,-34.534,0.043,0.043,-0.013,0.0
2026-10-07T09:49:26.043698,7,4.55,75.87,5.76,-88.77,19.61,-0.0,-523.6,357.4,-177.0,2.9,159.5,-0.0,-0.311,-0.245,0.023,0.005,0.068,0.0
2026-10-07T09:49:26.545230,5,4.55,75.87,5.76,-88.77,19.61,-0.05,-523.6,357.4,-177.0,2.9,159.5,-0.5,0.034,-0.187,0.036,0.004,0.013,0.0
2026-10-07T09:49:27.052073,5,4.55,75.87,5.76,-88.77,19.61,-0.0,-523.6,357.4,-177.0,2.9,159.5,-0.0,-0.038,0.026,-0.008,0.0,-0.0,0.0
2026-10-07T09:49:27.560567,5,4.55,75.87,5.76,-88.77,19.61,0.05,-523.6,357.4,-177.0,2.9,159.5,0.8,0.345,0.475,-0.051,-0.067,0.059,0.0
2026-10-07T09:49:28.067583,7,4.81,73.72,7.65,-88.76,19.58,-0.05,-523.4,368.8,-177.0,2.9,159.5,-0.4,0.776,34.95,-0.143,0.025,0.062,0.0
2026-10-07T09:49:28.575018,7,5.22,70.4,10.56,-88.75,19.54,-0.11,-522.5,386.2,-177.0,2.9,159.5,-0.8,3.427,31.753,0.319,0.019,0.009,0.0
2026-10-07T09:49:29.107340,7,5.63,67.09,13.46,-88.74,19.49,-0.11,-520.7,403.2,-177.0,2.9,159.5,-0.5,4.34,33.72,-0.098,-0.039,0.011,0.0
2026-10-07T09:49:29.624401,5,5.73,66.3,14.15,-88.74,19.48,0.05,-520.2,407.3,-177.0,2.9,159.5,0.5,0.053,0.022,-0.013,-0.004,-0.013,0.0
2026-10-07T09:49:30.133869,5,5.73,66.3,14.15,-88.74,19.48,-0.05,-520.2,407.3,-177.0,2.9,159.5,-0.5,-0.033,0.034,0.016,-0.0,-0.054,0.0
2026-10-07T09:49:30.637097,5,5.73,66.3,14.15,-88.74,19.48,0.05,-520.2,407.3,-177.0,2.9,159.5,0.8,0.073,0.197,-0.02,-0.072,-0.009,0.0
2026-10-07T09:49:31.137370,7,5.65,66.97,13.57,-88.74,19.49,0.16,-520.7,403.8,-177.0,2.9,159.5,1.3,-4.652,-32.325,-0.045,-0.035,-0.087,0.0
2026-10-07T09:49:31.651289,7,5.24,70.29,10.66,-88.75,19.54,0.11,-522.5,386.7,-177.0,2.9,159.5,0.8,-3.985,-33.101,-0.2,-0.021,-0.009,0.0
2026-10-07T09:49:32.156204,7,4.83,73.6,7.75,-88.76,19.58,0.11,-523.4,369.4,-177.0,2.9,159.5,0.9,-1.198,-33.749,-0.069,-0.026,-0.076,0.0
2026-10-07T09:49:32.660030,7,4.55,75.87,5.76,-88.77,19.61,-0.05,-523.6,357.4,-177.0,2.9,159.5,-0.5,-0.156,0.175,-0.012,0.005,0.013,0.0
2026-10-07T09:49:33.160125,5,4.55,75.87,5.76,-88.77,19.61,0.05,-523.6,357.4,-177.0,2.9,159.5,0.5,0.166,0.054,0.005,-0.0,0.055,0.0
2026-10-07T09:49:33.663596,5,4.55,75.87,5.76,-88.77,19.61,-0.0,-523.6,357.4,-177.0,2.9,159.5,-0.3,0.054,0.624,-0.087,0.069,-0.005,0.0
2026-10-07T09:49:34.169199,5,4.55,75.87,5.76,-88.77,19.61,-0.11,-523.6,357.4,-177.0,2.9,159.5,-1.0,-0.293,-0.132,-0.001,-0.0,-0.109,0.0
2026-10-07T09:49:34.675591,7,4.83,73.61,7.74,-88.76,19.58,-0.16,-523.4,369.4,-177.0,2.9,159.5,-1.3,1.948,33.313,0.253,0.022,0.023,0.0
2026-10-07T09:49:35.184777,7,5.23,70.32,10.63,-88.75,19.54,-0.16,-522.5,386.6,-177.0,2.9,159.5,-1.3,2.792,33.784,0.049,0.024,-0.046,0.0
2026-10-07T09:49:35.691801,7,5.64,67.01,13.53,-88.74,19.49,-0.16,-520.7,403.6,-177.0,2.9,159.5,-1.3,4.698,33.294,0.007,0.022,-0.115,0.0
2026-10-07T09:49:36.211889,5,5.73,66.3,14.15,-88.74,19.48,-0.0,-520.2,407.3,-177.0,2.9,159.5,-0.0,0.001,-0.115,0.007,-0.0,-0.0,0.0
2026-10-07T09:49:36.712651,5,5.73,66.3,14.15,-88.74,19.48,-0.05,-520.2,407.3,-177.0,2.9,159.5,-0.5,-0.143,0.047,-0.005,0.0,-0.054,0.0
2026-10-07T09:49:37.219723,5,5.73,66.3,14.15,-88.74,19.48,-0.05,-520.2,407.3,-177.0,2.9,159.5,-0.8,0.016,-0.078,0.031,0.067,-0.059,0.0
2026-10-07T09:49:37.731301,7,5.67,66.84,13.68,-88.74,19.49,0.11,-520.6,404.5,-177.0,2.9,159.5,0.4,-5.335,-32.67,-0.115,0.043,-0.012,0.0
2026-10-07T09:49:38.234140,7,5.25,70.18,10.75,-88.75,19.53,0.16,-522.5,387.3,-177.0,2.9,159.5,1.0,-2.923,-33.448,-0.002,0.043,0.043,0.0
2026-10-07T09:49:38.737198,7,4.85,73.44,7.89,-88.76,19.58,0.11,-523.4,370.2,-177.0,2.9,159.5,0.9,-0.479,-35.268,0.141,-0.026,-0.008,0.0
2026-10-07T09:49:39.239198,7,4.55,75.87,5.76,-88.77,19.61,-0.05,-523.6,357.4,-177.0,2.9,159.5,-0.2,-0.364,-0.63,0.053,-0.068,-0.05,0.0
2026-10-07T09:49:39.740094,5,4.55,75.87,5.76,-88.77,19.61,-0.0,-523.6,357.4,-177.0,2.9,159.5,-0.0,-0.133,0.048,-0.025,-0.004,-0.068,0.0
2026-10-07T09:49:40.250272,5,4.55,75.87,5.76,-88.77,19.61,-0.0,-523.6,357.4,-177.0,2.9,159.5,0.0,0.014,-0.032,0.002,0.004,0.068,0.0
2026-10-07T09:49:40.753371,5,4.55,75.87,5.76,-88.77,19.61,-0.0,-523.6,357.4,-177.0,2.9,159.5,-0.3,-0.111,0.169,-0.027,0.068,-0.005,0.0
2026-10-07T09:49:41.253707,7,4.8,73.82,7.56,-88.76,19.58,-0.16,-523.5,368.3,-177.0,2.9,159.5,-1.4,0.749,35.504,-0.109,0.024,-0.046,0.0
2026-10-07T09:49:41.760887,7,5.2,70.56,10.42,-88.75,19.54,-0.16,-522.6,385.3,-177.0,2.9,159.5,-1.3,3.266,34.3,0.063,0.023,-0.045,0.0
2026-10-07T09:49:42.262256,7,5.62,67.22,13.35,-88.74,19.5,-0.11,-520.8,402.6,-177.0,2.9,159.5,-0.8,3.306,34.593,-0.25,0.033,0.006,0.0
2026-10-07T09:49:42.762852,5,5.73,66.3,14.15,-88.73,19.48,-0.0,-520.2,407.3,-177.0,2.9,159.5,-0.0,-0.028,-0.004,-0.005,0.0,-0.0,0.0
2026-10-07T09:49:43.279055,5,5.73,66.3,14.15,-88.74,19.48,-0.0,-520.2,407.3,-177.0,2.9,159.5,0.3,0.001,-0.011,0.003,-0.072,-0.063,0.0
2026-10-07T09:49:43.784302,5,5.73,66.3,14.15,-88.74,19.48,0.05,-520.2,407.3,-177.0,2.9,159.5,0.5,0.151,-0.059,0.007,-0.0,0.054,0.0
2026-10-07T09:49:44.287051,7,5.69,66.62,13.88,-88.74,19.48,0.22,-520.4,405.6,-177.0,2.9,159.5,1.8,-3.902,-29.214,-0.011,-0.025,0.107,0.0
2026-10-07T09:49:44.792824,7,5.28,69.92,10.98,-88.75,19.53,0.16,-522.3,388.6,-177.0,2.9,159.5,1.3,-2.0,-35.103,0.203,-0.03,0.047,0.0
2026-10-07T09:49:45.299826,7,4.88,73.21,8.1,-88.76,19.58,0.16,-523.4,371.5,-177.0,2.9,159.5,0.7,-0.773,-33.873,-0.045,0.113,0.037,0.0
2026-10-07T09:49:45.800283,7,4.55,75.87,5.76,-88.77,19.61,-0.0,-523.6,357.4,-177.0,2.9,159.5,0.0,0.004,-0.036,-0.0,0.005,0.068,0.0
2026-10-07T09:49:46.307053,5,4.55,75.87,5.76,-88.77,19.61,-0.0,-523.6,357.4,-177.0,2.9,159.5,-0.0,0.059,0.554,-0.085,0.006,0.067,0.0
2026-10-07T09:49:46.815306,5,4.55,75.87,5.76,-88.77,19.61,0.05,-523.6,357.4,-177.0,2.9,159.5,0.2,0.024,0.044,-0.022,0.068,0.05,0.0
2026-10-07T09:49:47.323299,5,4.55,75.87,5.76,-88.77,19.61,-0.0,-523.6,357.4,-177.0,2.9,159.5,-0.3,-0.012,0.085,-0.003,0.063,-0.072,0.0
2026-10-07T09:49:47.826765,7,4.78,73.98,7.42,-88.77,19.59,-0.16,-523.5,367.5,-177.0,2.9,159.5,-1.0,1.771,33.659,0.172,-0.049,-0.041,0.0
2026-10-07T09:49:48.331830,7,5.19,70.69,10.31,-88.75,19.54,-0.16,-522.7,384.7,-177.0,2.9,159.5,-1.0,2.482,33.749,0.032,-0.044,-0.042,0.0
2026-10-07T09:49:48.835219,7,5.6,67.38,13.21,-88.74,19.5,-0.16,-520.9,401.8,-177.0,2.9,159.5,-0.9,4.221,33.849,-0.077,-0.03,0.092,0.0
2026-10-07T09:49:49.341108,5,5.73,66.3,14.15,-88.73,19.48,-0.0,-520.2,407.3,-177.0,2.9,159.5,0.3,0.117,-0.343,0.037,-0.06,0.14,0.0
2026-10-07T09:49:49.847171,5,5.73,66.3,14.15,-88.74,19.48,-0.0,-520.2,407.3,-177.0,2.9,159.5,0.0,0.328,0.511,-0.041,0.0,0.0,0.0
2026-10-07T09:49:50.347362,5,5.73,66.3,14.15,-88.74,19.48,-0.0,-520.2,407.3,-177.0,2.9,159.5,-0.0,-0.155,0.13,-0.033,-0.004,-0.068,0.0
2026-10-07T09:49:50.870863,7,5.72,66.41,14.06,-88.74,19.48,-0.0,-520.3,406.7,-177.0,2.9,159.5,-0.1,-2.454,-15.685,-0.012,-0.011,-0.023,0.0
2026-10-07T09:49:51.371760,7,5.31,69.74,11.14,-88.75,19.53,0.11,-522.3,389.6,-177.0,2.9,159.5,0.5,-3.4,-33.575,-0.088,0.048,0.055,0.0
2026-10-07T09:49:51.878784,7,4.9,73.08,8.21,-88.76,19.57,0.16,-523.4,372.2,-177.0,2.9,159.5,1.0,-0.654,-33.913,0.067,0.044,0.043,0.0
2026-10-07T09:49:52.379405,7,4.55,75.87,5.76,-88.77,19.61,-0.0,-523.6,357.4,-177.0,2.9,159.5,0.3,0.056,-1.374,0.056,-0.069,0.003,0.0
2026-10-07T09:49:52.884252,5,4.55,75.87,5.76,-88.77,19.61,-0.0,-523.6,357.4,-177.0,2.9,159.5,0.0,0.208,-0.21,0.045,0.004,0.068,0.0
2026-10-07T09:49:53.388096,5,4.55,75.87,5.76,-88.77,19.61,-0.05,-523.6,357.4,-177.0,2.9,159.5,-0.5,-0.302,0.205,-0.039,0.001,-0.055,0.0
2026-10-07T09:49:53.894313,5,4.55,75.87,5.76,-88.77,19.61,-0.0,-523.6,357.4,-177.0,2.9,159.5,0.3,0.051,-0.006,0.008,-0.063,0.072,0.0
2026-10-07T09:49:54.407053,7,4.75,74.26,7.17,-88.77,19.59,-0.22,-523.5,365.9,-177.0,2.9,159.5,-1.9,0.351,35.037,-0.095,0.028,-0.033,0.0
2026-10-07T09:49:54.912300,7,5.17,70.85,10.17,-88.75,19.54,-0.16,-522.7,383.9,-177.0,2.9,159.5,-1.0,1.967,33.768,0.025,-0.043,-0.042,0.0
2026-10-07T09:49:55.414836,7,5.57,67.59,13.03,-88.74,19.5,-0.11,-521.1,400.7,-177.0,2.9,159.5,-0.8,4.313,33.726,-0.052,0.028,0.007,0.0
2026-10-07T09:49:55.920213,5,5.73,66.3,14.15,-88.73,19.48,-0.0,-520.2,407.3,-177.0,2.9,159.5,-0.3,-0.143,0.065,-0.03,0.068,-0.005,0.0
2026-10-07T09:49:56.420721,5,5.73,66.3,14.15,-88.74,19.48,-0.0,-520.2,407.3,-177.0,2.9,159.5,0.0,0.015,-0.156,0.01,0.004,0.068,0.0
2026-10-07T09:49:56.920770,5,5.73,66.3,14.15,-88.74,19.48,-0.0,-520.2,407.3,-177.0,2.9,159.5,-0.0,-0.055,0.153,-0.019,0.0,0.0,0.0
2026-10-07T09:49:57.429256,7,5.72,66.36,14.1,-88.74,19.48,-0.0,-520.2,407.0,-177.0,2.9,159.5,-0.1,-1.896,-10.499,-0.076,-0.002,0.052,0.0
2026-10-07T09:49:57.930839,7,5.34,69.5,11.35,-88.75,19.53,0.11,-522.2,390.8,-177.0,2.9,159.5,0.8,-3.483,-33.472,-0.081,-0.024,-0.008,0.0
2026-10-07T09:49:58.436757,7,4.93,72.82,8.44,-88.76,19.57,0.11,-523.3,373.5,-177.0,2.9,159.5,0.8,-1.233,-34.068,-0.057,-0.023,-0.009,0.0
2026-10-07T09:49:58.939297,7,4.55,75.85,5.78,-88.77,19.61,-0.0,-523.6,357.5,-177.0,2.9,159.5,-0.0,-0.126,-8.71,0.037,-0.009,-0.08,0.0
2026-10-07T09:49:59.439922,5,4.55,75.87,5.76,-88.77,19.61,0.05,-523.6,357.4,-177.0,2.9,159.5,0.2,0.358,0.691,-0.056,0.068,0.05,0.0
2026-10-07T09:49:59.941221,5,4.55,75.87,5.76,-88.77,19.61,-0.0,-523.6,357.4,-177.0,2.9,159.5,0.3,0.054,0.05,0.009,-0.068,0.005,0.0
2026-10-07T09:50:00.442630,5,4.55,75.87,5.76,-88.77,19.61,-0.0,-523.6,357.4,-177.0,2.9,159.5,0.0,0.272,0.472,-0.038,-0.004,-0.068,0.0
2026-10-07T09:50:00.948217,7,4.72,74.5,6.97,-88.77,19.59,-0.16,-523.5,364.7,-177.0,2.9,159.5,-1.4,0.627,34.23,0.062,0.025,0.022,0.0
2026-10-07T09:50:01.449674,7,5.12,71.26,9.8,-88.75,19.55,-0.16,-522.9,381.7,-177.0,2.9,159.5,-1.3,1.872,33.611,-0.017,0.029,0.021,0.0
2026-10-07T09:50:01.957155,7,5.53,67.95,12.71,-88.74,19.5,-0.16,-521.3,398.8,-177.0,2.9,159.5,-0.9,4.673,32.143,0.232,-0.046,-0.042,0.0
2026-10-07T09:50:02.465346,7,5.73,66.3,14.15,-88.73,19.48,-0.05,-520.2,407.3,-177.0,2.9,159.5,-0.5,-0.133,0.115,-0.007,0.0,-0.054,0.0
2026-10-07T09:50:02.966554,5,5.73,66.3,14.15,-88.74,19.48,0.05,-520.2,407.3,-177.0,2.9,159.5,0.5,0.213,0.116,0.008,-0.0,0.055,0.0
2026-10-07T09:50:03.472951,5,5.73,66.3,14.15,-88.74,19.48,-0.0,-520.2,407.3,-177.0,2.9,159.5,0.0,0.17,-0.124,0.038,-0.001,0.0,0.0
2026-10-07T09:50:03.973700,7,5.73,66.3,14.15,-88.74,19.48,-0.05,-520.2,407.3,-177.0,2.9,159.5,-0.2,-0.02,0.007,-0.05,-0.067,-0.051,0.0
2026-10-07T09:50:04.486217,7,5.38,69.11,11.69,-88.75,19.52,0.11,-522.0,392.8,-177.0,2.9,159.5,0.8,-3.387,-34.001,0.004,-0.026,-0.008,0.0
2026-10-07T09:50:04.991103,7,4.97,72.48,8.74,-88.76,19.57,0.11,-523.2,375.3,-177.0,2.9,159.5,0.9,-1.194,-34.556,0.08,-0.025,-0.008,0.0
2026-10-07T09:50:05.493637,7,4.57,75.7,5.91,-88.77,19.61,0.16,-523.6,358.3,-177.0,2.9,159.5,1.4,0.979,-26.372,0.077,-0.01,0.194,0.0
2026-10-07T09:50:05.994054,5,4.55,75.87,5.76,-88.77,19.61,-0.0,-523.6,357.4,-177.0,2.9,159.5,-0.3,-0.087,0.197,-0.021,0.064,-0.072,0.0
2026-10-07T09:50:06.496375,5,4.55,75.87,5.76,-88.77,19.61,-0.0,-523.6,357.4,-177.0,2.9,159.5,0.3,0.191,-0.247,0.045,-0.069,0.005,0.0
2026-10-07T09:50:07.002692,5,4.55,75.87,5.76,-88.77,19.61,-0.05,-523.6,357.4,-177.0,2.9,159.5,-0.8,0.021,-0.086,0.034,0.063,-0.126,0.0
2026-10-07T09:50:07.522349,7,4.67,74.84,6.67,-88.77,19.6,-0.11,-523.5,362.9,-177.0,2.9,159.5,-0.9,0.763,33.788,0.114,0.024,0.077,0.0
2026-10-07T09:50:08.033744,7,5.1,71.42,9.67,-88.76,19.55,-0.16,-522.9,380.9,-177.0,2.9,159.5,-1.0,1.625,34.176,-0.07,-0.042,-0.042,0.0
2026-10-07T09:50:08.539049,7,5.51,68.06,12.62,-88.74,19.51,-0.16,-521.4,398.3,-177.0,2.9,159.5,-1.3,3.025,35.908,-0.33,0.033,-0.047,0.0
2026-10-07T09:50:09.043457,7,5.73,66.3,14.15,-88.73,19.48,-0.05,-520.2,407.3,-177.0,2.9,159.5,-0.5,-0.113,-0.064,0.007,-0.0,-0.054,0.0
2026-10-07T09:50:09.549070,5,5.73,66.3,14.15,-88.74,19.48,-0.05,-520.2,407.3,-177.0,2.9,159.5,-0.5,-0.184,0.148,-0.018,0.0,-0.054,0.0
2026-10-07T09:50:10.053282,5,5.73,66.3,14.15,-88.74,19.48,-0.0,-520.2,407.3,-177.0,2.9,159.5,0.0,0.18,-0.26,0.047,-0.001,0.0,0.0
2026-10-07T09:50:10.559758,7,5.73,66.3,14.15,-88.74,19.48,-0.0,-520.2,407.3,-177.0,2.9,159.5,0.0,0.062,0.123,0.004,-0.0,0.0,0.0
2026-10-07T09:50:11.061910,7,5.39,69.03,11.76,-88.75,19.52,0.16,-521.9,393.2,-177.0,2.9,159.5,1.0,-3.699,-32.239,-0.158,0.041,-0.025,0.0
2026-10-07T09:50:11.568022,7,5.0,72.24,8.94,-88.76,19.56,0.11,-523.2,376.5,-177.0,2.9,159.5,0.5,-0.831,-34.686,0.254,0.035,-0.078,0.0
2026-10-07T09:50:12.073799,7,4.58,75.59,6.01,-88.77,19.61,0.11,-523.6,358.9,-177.0,2.9,159.5,0.6,0.465,-31.679,0.043,0.047,-0.008,0.0
2026-10-07T09:50:12.573914,5,4.55,75.87,5.76,-88.77,19.61,-0.0,-523.6,357.4,-177.0,2.9,159.5,-0.3,0.072,-0.021,0.014,0.067,-0.004,0.0
2026-10-07T09:50:13.075743,5,4.55,75.87,5.76,-88.77,19.61,-0.0,-523.6,357.4,-177.0,2.9,159.5,0.0,0.159,-0.358,0.042,-0.001,-0.0,0.0
2026-10-07T09:50:13.575890,5,4.55,75.87,5.76,-88.77,19.61,-0.05,-523.6,357.4,-177.0,2.9,159.5,-0.2,0.028,-0.197,0.039,-0.073,-0.117,0.0
2026-10-07T09:50:14.077924,7,4.65,75.02,6.51,-88.77,19.6,-0.16,-523.5,362.0,-177.0,2.9,159.5,-1.0,-0.553,35.215,-0.14,-0.043,-0.042,0.0
2026-10-07T09:50:14.580744,7,5.06,71.76,9.37,-88.76,19.56,-0.16,-523.0,379.1,-177.0,2.9,159.5,-1.0,1.112,35.046,-0.17,-0.036,0.025,0.0
2026-10-07T09:50:15.086959,7,5.46,68.47,12.25,-88.74,19.51,-0.16,-521.6,396.1,-177.0,2.9,159.5,-1.3,3.259,33.821,0.01,0.027,-0.046,0.0
2026-10-07T09:50:15.595199,7,5.73,66.3,14.15,-88.73,19.48,0.05,-520.2,407.3,-177.0,2.9,159.5,0.5,0.294,-0.229,0.043,-0.001,0.055,0.0
2026-10-07T09:50:16.095852,5,5.73,66.3,14.15,-88.74,19.48,-0.0,-520.2,407.3,-177.0,2.9,159.5,-0.0,-0.041,-0.033,-0.005,0.0,-0.0,0.0
2026-10-07T09:50:16.600127,5,5.73,66.3,14.15,-88.74,19.48,-0.05,-520.2,407.3,-177.0,2.9,159.5,-0.5,-0.276,-0.548,0.078,-0.006,-0.122,0.0
2026-10-07T09:50:17.106261,5,5.73,66.3,14.15,-88.74,19.48,-0.0,-520.2,407.3,-177.0,2.9,159.5,-0.0,-0.075,0.215,-0.024,-0.004,-0.068,0.0
2026-10-07T09:50:17.607819,7,5.44,68.64,12.1,-88.74,19.51,0.22,-521.7,395.2,-177.0,2.9,159.5,1.8,-3.288,-32.886,-0.035,-0.025,0.102,0.0
2026-10-07T09:50:18.107987,7,5.04,71.9,9.24,-88.76,19.56,0.11,-523.1,378.3,-177.0,2.9,159.5,1.2,-2.837,-33.086,-0.229,-0.087,-0.005,0.0
2026-10-07T09:50:18.611191,7,4.63,75.19,6.36,-88.77,19.6,0.11,-523.6,361.0,-177.0,2.9,159.5,0.5,-1.173,-32.87,-0.262,0.047,-0.082,0.0
2026-10-07T09:50:19.111644,5,4.55,75.87,5.76,-88.77,19.61,-0.05,-523.6,357.4,-177.0,2.9,159.5,-0.5,-0.178,0.102,-0.012,0.0,-0.054,0.0
2026-10-07T09:50:19.613795,5,4.55,75.87,5.76,-88.77,19.61,-0.05,-523.6,357.4,-177.0,2.9,159.5,-0.5,-0.158,0.752,-0.106,0.001,-0.055,0.0
2026-10-07T09:50:20.115633,5,4.55,75.87,5.76,-88.77,19.61,-0.05,-523.6,357.4,-177.0,2.9,159.5,-0.5,0.104,0.355,-0.043,0.0,-0.055,0.0
2026-10-07T09:50:20.616859,7,4.6,75.44,6.14,-88.77,19.61,-0.05,-523.6,359.7,-177.0,2.9,159.5,-0.4,0.014,34.305,-0.083,0.022,0.062,0.0
2026-10-07T09:50:21.119081,7,5.01,72.15,9.02,-88.76,19.56,-0.16,-523.1,377.0,-177.0,2.9,159.5,-1.3,1.08,33.629,0.002,0.024,-0.047,0.0
2026-10-07T09:50:21.620681,7,5.41,68.86,11.91,-88.75,19.52,-0.11,-521.8,394.1,-177.0,2.9,159.5,-0.8,3.571,33.787,0.014,0.026,0.008,0.0
2026-10-07T09:50:22.123207,7,5.73,66.3,14.15,-88.73,19.48,-0.0,-520.2,407.3,-177.0,2.9,159.5,-0.0,-0.275,-0.496,0.048,0.004,0.068,0.0
2026-10-07T09:50:22.624686,5,5.73,66.3,14.15,-88.74,19.48,0.05,-520.2,407.3,-177.0,2.9,159.5,0.5,0.028,-0.569,0.085,-0.001,0.055,0.0
2026-10-07T09:50:23.125263,5,5.73,66.3,14.15,-88.74,19.48,-0.0,-520.2,407.3,-177.0,2.9,159.5,0.3,-0.156,0.195,-0.039,-0.067,0.004,0.0
2026-10-07T09:50:23.627440,5,5.73,66.3,14.15,-88.74,19.48,-0.0,-520.2,407.3,-177.0,2.9,159.5,0.0,0.238,0.483,-0.055,0.001,-0.0,0.0
2026-10-07T09:50:24.135419,7,5.5,68.17,12.51,-88.74,19.51,0.11,-521.4,397.7,-177.0,2.9,159.5,0.8,-4.163,-32.855,-0.098,-0.029,-0.075,0.0
2026-10-07T09:50:24.636335,7,5.1,71.43,9.65,-88.76,19.55,0.11,-522.9,380.8,-177.0,2.9,159.5,0.8,-2.252,-34.525,-0.007,-0.024,-0.009,0.0
2026-10-07T09:50:25.138732,7,4.69,74.72,6.77,-88.77,19.6,0.11,-523.6,363.5,-177.0,2.9,159.5,0.5,-0.992,-33.006,-0.252,0.05,-0.014,0.0
2026-10-07T09:50:25.639369,5,4.55,75.87,5.76,-88.77,19.61,0.05,-523.6,357.4,-177.0,2.9,159.5,0.5,0.327,0.509,-0.056,0.001,0.054,0.0
2026-10-07T09:50:26.148735,5,4.55,75.87,5.76,-88.77,19.61,-0.0,-523.6,357.4,-177.0,2.9,159.5,0.0,-0.047,-0.667,0.089,-0.001,0.0,0.0
2026-10-07T09:50:26.652943,5,4.55,75.87,5.76,-88.77,19.61,-0.0,-523.6,357.4,-177.0,2.9,159.5,-0.0,-0.016,0.062,-0.005,0.0,0.0,0.0
2026-10-07T09:50:27.155003,7,4.56,75.77,5.85,-88.77,19.61,-0.05,-523.5,358.0,-177.0,2.9,159.5,-0.4,-0.631,16.869,-0.048,0.014,0.037,0.0
2026-10-07T09:50:27.656241,7,4.95,72.59,8.64,-88.76,19.57,-0.22,-523.2,374.7,-177.0,2.9,159.5,-1.8,1.114,34.449,-0.031,0.029,-0.033,0.0
2026-10-07T09:50:28.157876,7,5.36,69.33,11.5,-88.75,19.52,-0.16,-522.1,391.7,-177.0,2.9,159.5,-1.3,3.899,34.864,-0.051,0.026,-0.046,0.0
2026-10-07T09:50:28.662404,7,5.73,66.31,14.14,-88.74,19.48,-0.0,-520.2,407.2,-177.0,2.9,159.5,0.0,1.082,5.406,-0.054,0.004,0.007,0.0
2026-10-07T09:50:29.163083,5,5.73,66.3,14.15,-88.74,19.48,-0.05,-520.2,407.3,-177.0,2.9,159.5,-0.5,-0.286,-0.374,0.064,-0.001,-0.054,0.0
2026-10-07T09:50:29.666485,5,5.73,66.3,14.15,-88.74,19.48,-0.0,-520.2,407.3,-177.0,2.9,159.5,-0.0,-0.3,-0.449,0.044,-0.005,-0.068,0.0
2026-10-07T09:50:30.166975,5,5.73,66.3,14.15,-88.74,19.48,-0.0,-520.2,407.3,-177.0,2.9,159.5,-0.0,-0.183,0.377,-0.053,-0.003,-0.068,0.0
2026-10-07T09:50:30.669052,7,5.56,67.73,12.9,-88.74,19.5,0.05,-521.2,399.9,-177.0,2.9,159.5,0.3,-3.533,-33.301,0.107,-0.029,-0.06,0.0
2026-10-07T09:50:31.174089,7,5.15,70.99,10.04,-88.75,19.55,0.16,-522.8,383.1,-177.0,2.9,159.5,1.0,-2.57,-34.147,-0.061,0.044,0.041,0.0
2026-10-07T09:50:31.674886,7,4.75,74.25,7.18,-88.77,19.59,0.11,-523.5,366.0,-177.0,2.9,159.5,0.5,-1.476,-33.364,-0.204,0.045,-0.082,0.0
2026-10-07T09:50:32.186351,5,4.55,75.87,5.76,-88.77,19.61,0.05,-523.6,357.4,-177.0,2.9,159.5,0.5,0.027,0.934,-0.127,0.002,0.054,0.0
2026-10-07T09:50:32.692776,5,4.55,75.87,5.76,-88.77,19.61,-0.0,-523.6,357.4,-177.0,2.9,159.5,0.0,0.175,-0.136,0.036,0.004,0.068,0.0
2026-10-07T09:50:33.194758,5,4.55,75.87,5.76,-88.77,19.61,-0.05,-523.6,357.4,-177.0,2.9,159.5,-0.5,-0.382,-0.643,0.048,0.004,0.013,0.0
2026-10-07T09:50:33.698330,7,4.55,75.87,5.76,-88.77,19.61,-0.0,-523.6,357.4,-177.0,2.9,159.5,0.0,-0.252,1.357,-0.019,0.006,0.069,0.0
2026-10-07T09:50:34.199716,7,4.91,72.96,8.32,-88.76,19.57,-0.11,-523.3,372.8,-177.0,2.9,159.5,-0.5,0.909,34.352,-0.074,-0.043,0.012,0.0
2026-10-07T09:50:34.706070,7,5.32,69.65,11.22,-88.75,19.53,-0.16,-522.2,390.1,-177.0,2.9,159.5,-1.0,2.885,33.573,0.004,-0.038,0.025,0.0
2026-10-07T09:50:35.209234,7,5.71,66.43,14.04,-88.74,19.48,-0.11,-520.3,406.6,-177.0,2.9,159.5,-0.5,2.935,21.234,0.03,-0.049,-0.005,0.0
2026-10-07T09:50:35.713237,5,5.73,66.3,14.15,-88.74,19.48,-0.0,-520.2,407.3,-177.0,2.9,159.5,-0.3,-0.396,-0.3,0.014,0.072,0.063,0.0
2026-10-07T09:50:36.220071,5,5.73,66.3,14.15,-88.74,19.48,-0.05,-520.2,407.3,-177.0,2.9,159.5,-0.5,-0.129,-0.009,0.001,-0.0,-0.054,0.0
2026-10-07T09:50:36.722257,5,5.73,66.3,14.15,-88.74,19.48,-0.0,-520.2,407.3,-177.0,2.9,159.5,0.0,-0.088,-0.658,0.091,0.003,0.068,0.0
2026-10-07T09:50:37.227683,7,5.6,67.39,13.2,-88.74,19.5,0.16,-521.0,401.7,-177.0,2.9,159.5,1.3,-5.063,-31.82,-0.265,-0.017,0.114,0.0
2026-10-07T09:50:37.734071,7,5.19,70.7,10.29,-88.75,19.54,0.11,-522.7,384.6,-177.0,2.9,159.5,0.8,-2.504,-34.564,0.098,-0.026,-0.008,0.0
2026-10-07T09:50:38.235763,7,4.79,73.96,7.43,-88.77,19.59,0.16,-523.5,367.5,-177.0,2.9,159.5,1.4,-0.952,-33.151,-0.107,-0.029,-0.089,0.0
2026-10-07T09:50:38.739979,7,4.55,75.87,5.76,-88.77,19.61,-0.0,-523.6,357.4,-177.0,2.9,159.5,0.0,0.085,-0.224,0.022,0.004,0.068,0.0
2026-10-07T09:50:39.242366,5,4.55,75.87,5.76,-88.77,19.61,-0.05,-523.6,357.4,-177.0,2.9,159.5,-0.5,0.212,0.299,-0.02,-0.0,-0.054,0.0
2026-10-07T09:50:39.746056,5,4.55,75.87,5.76,-88.77,19.61,-0.0,-523.6,357.4,-177.0,2.9,159.5,-0.0,-0.434,-0.225,0.003,-0.004,-0.068,0.0
2026-10-07T09:50:40.247172,7,4.55,75.87,5.76,-88.77,19.61,-0.05,-523.6,357.4,-177.0,2.9,159.5,-0.5,-0.023,-0.048,0.022,-0.0,-0.054,0.0
2026-10-07T09:50:40.748633,7,4.87,73.3,8.02,-88.76,19.58,-0.16,-523.4,371.0,-177.0,2.9,159.5,-1.3,1.519,33.271,0.142,0.025,0.022,0.0
2026-10-07T09:50:41.250138,7,5.27,70.04,10.88,-88.75,19.53,-0.16,-522.4,388.1,-177.0,2.9,159.5,-1.7,2.628,33.712,-0.008,0.093,-0.051,0.0
2026-10-07T09:50:41.753018,7,5.67,66.78,13.74,-88.74,19.49,-0.11,-520.5,404.8,-177.0,2.9,159.5,-0.8,3.951,33.376,-0.111,0.03,0.006,0.0
2026-10-07T09:50:42.255260,5,5.73,66.3,14.15,-88.74,19.48,-0.05,-520.2,407.3,-177.0,2.9,159.5,-0.5,0.009,-0.13,0.035,-0.005,-0.122,0.0
2026-10-07T09:50:42.756026,5,5.73,66.3,14.15,-88.74,19.48,-0.0,-520.2,407.3,-177.0,2.9,159.5,-0.0,-0.199,0.219,-0.048,0.001,-0.0,0.0
2026-10-07T09:50:43.257832,5,5.73,66.3,14.15,-88.74,19.48,-0.0,-520.2,407.3,-177.0,2.9,159.5,0.0,0.006,0.1,-0.005,0.0,0.0,0.0
2026-10-07T09:50:43.772136,7,5.65,66.97,13.57,-88.74,19.49,0.11,-520.7,403.8,-177.0,2.9,159.5,0.8,-4.965,-33.705,0.071,-0.037,-0.142,0.0
2026-10-07T09:50:44.275301,7,5.23,70.37,10.59,-88.75,19.54,0.11,-522.5,386.3,-177.0,2.9,159.5,0.5,-2.535,-34.306,-0.029,0.042,-0.013,0.0
2026-10-07T09:50:44.781766,7,4.83,73.63,7.73,-88.76,19.58,0.05,-523.4,369.3,-177.0,2.9,159.5,0.7,-0.638,-34.793,0.099,-0.097,-0.125,0.0
2026-10-07T09:50:45.289910,7,4.55,75.87,5.76,-88.77,19.61,0.05,-523.6,357.4,-177.0,2.9,159.5,0.2,0.046,-0.036,-0.016,0.068,0.05,0.0
2026-10-07T09:50:45.792652,5,4.55,75.87,5.76,-88.77,19.61,-0.05,-523.6,357.4,-177.0,2.9,159.5,-0.8,0.129,0.349,-0.038,0.068,-0.059,0.0
2026-10-07T09:50:46.296957,5,4.55,75.87,5.76,-88.77,19.61,-0.0,-523.6,357.4,-177.0,2.9,159.5,0.0,-0.055,-0.555,0.084,-0.001,0.0,0.0
2026-10-07T09:50:46.800961,5,4.55,75.87,5.76,-88.77,19.61,-0.0,-523.6,357.4,-177.0,2.9,159.5,0.3,0.1,-0.042,0.021,-0.068,0.005,0.0
2026-10-07T09:50:47.302253,7,4.82,73.64,7.72,-88.76,19.58,-0.16,-523.4,369.2,-177.0,2.9,159.5,-1.4,0.91,33.497,0.055,0.021,-0.047,0.0
2026-10-07T09:50:47.804626,7,5.23,70.38,10.58,-88.75,19.54,-0.11,-522.5,386.3,-177.0,2.9,159.5,-0.5,2.991,32.924,0.108,-0.045,0.012,0.0
2026-10-07T09:50:48.305609,7,5.63,67.09,13.46,-88.74,19.49,-0.11,-520.7,403.2,-177.0,2.9,159.5,-0.5,4.411,32.94,0.027,-0.036,0.079,0.0
2026-10-07T09:50:48.813863,5,5.73,66.3,14.15,-88.74,19.48,0.05,-520.2,407.3,-177.0,2.9,159.5,0.5,0.021,0.054,-0.021,-0.004,-0.013,0.0
2026-10-07T09:50:49.321817,5,5.73,66.3,14.15,-88.74,19.48,-0.0,-520.2,407.3,-177.0,2.9,159.5,-0.0,-0.103,0.066,-0.024,0.005,0.068,0.0
2026-10-07T09:50:49.830042,5,5.73,66.3,14.15,-88.74,19.48,-0.05,-520.2,407.3,-177.0,2.9,159.5,-0.5,-0.076,-0.171,0.02,-0.0,-0.054,0.0
2026-10-07T09:50:50.338847,7,5.67,66.82,13.7,-88.74,19.49,0.11,-520.6,404.6,-177.0,2.9,159.5,0.8,-3.846,-33.75,0.219,-0.036,-0.073,0.0
2026-10-07T09:50:50.846117,7,5.26,70.1,10.82,-88.75,19.53,0.11,-522.4,387.7,-177.0,2.9,159.5,0.5,-3.11,-32.691,-0.113,0.045,-0.012,0.0
2026-10-07T09:50:51.348586,7,4.86,73.39,7.94,-88.76,19.58,0.11,-523.4,370.5,-177.0,2.9,159.5,0.9,-0.301,-34.669,0.156,-0.026,-0.007,0.0
2026-10-07T09:50:51.855070,7,4.55,75.87,5.76,-88.77,19.61,-0.05,-523.6,357.4,-177.0,2.9,159.5,-0.5,-0.117,-0.036,0.004,-0.0,-0.054,0.0
2026-10-07T09:50:52.359276,5,4.55,75.87,5.76,-88.77,19.61,-0.0,-523.6,357.4,-177.0,2.9,159.5,0.3,0.081,-0.158,0.019,-0.064,0.072,0.0
2026-10-07T09:50:52.864029,5,4.55,75.87,5.76,-88.77,19.61,-0.05,-523.6,357.4,-177.0,2.9,159.5,-0.5,-0.164,-0.152,-0.003,0.005,0.013,0.0
2026-10-07T09:50:53.372162,5,4.55,75.87,5.76,-88.77,19.61,-0.0,-523.6,357.4,-177.0,2.9,159.5,0.3,-0.113,0.196,-0.028,-0.067,0.004,0.0
2026-10-07T09:50:53.872369,7,4.8,73.85,7.54,-88.76,19.58,-0.16,-523.5,368.1,-177.0,2.9,159.5,-1.4,0.237,35.377,-0.124,0.029,0.022,0.0
2026-10-07T09:50:54.373936,7,5.2,70.59,10.4,-88.75,19.54,-0.16,-522.6,385.2,-177.0,2.9,159.5,-1.3,2.234,34.221,-0.047,0.026,-0.047,0.0
2026-10-07T09:50:54.881490,7,5.61,67.27,13.3,-88.74,19.5,-0.11,-520.9,402.3,-177.0,2.9,159.5,-0.8,5.275,33.101,0.193,0.024,0.009,0.0
2026-10-07T09:50:55.382006,5,5.73,66.3,14.15,-88.73,19.48,-0.0,-520.2,407.3,-177.0,2.9,159.5,-0.0,-0.0,0.0,-0.0,0.0,0.0,0.0
2026-10-07T09:50:55.887624,5,5.73,66.3,14.15,-88.74,19.48,-0.0,-520.2,407.3,-177.0,2.9,159.5,0.0,0.019,-0.135,0.011,-0.0,-0.0,0.0
2026-10-07T09:50:56.389617,5,5.73,66.3,14.15,-88.74,19.48,-0.0,-520.2,407.3,-177.0,2.9,159.5,-0.3,0.252,0.485,-0.053,0.068,-0.005,0.0
2026-10-07T09:50:56.889959,4,5.73,66.3,14.15,-88.74,19.48,-0.0,-520.2,407.3,-177.0,2.9,159.5,-0.3,-0.028,0.007,-0.006,0.068,-0.005,0.0
2026-10-07T09:50:57.390097,4,5.73,66.3,14.15,-88.74,19.48,-0.0,-520.2,407.2,-177.0,2.9,159.5,0.0,0.097,0.021,0.014,0.004,0.068,0.0
2026-10-07T09:50:57.893071,4,5.73,66.3,14.15,-88.74,19.48,-0.0,-520.2,407.2,-177.0,2.9,159.5,0.0,0.251,0.49,-0.054,0.001,-0.0,0.0
2026-10-07T09:50:58.393886,4,5.73,66.3,14.15,-88.74,19.48,-0.0,-520.2,407.2,-177.0,2.9,159.5,-0.3,-0.028,0.318,-0.026,0.073,0.063,0.0
2026-10-07T09:50:58.896034,4,5.73,66.3,14.15,-88.74,19.48,-0.0,-520.2,407.2,-177.0,2.9,159.5,-0.0,-0.312,-0.408,0.038,-0.0,-0.0,0.0
2026-10-07T09:50:59.398884,4,5.73,66.3,14.15,-88.74,19.48,0.05,-520.2,407.2,-177.0,2.9,159.5,0.5,0.107,0.069,-0.008,0.0,0.054,0.0
2026-10-07T09:50:59.905562,4,5.73,66.3,14.15,-88.74,19.48,-0.0,-520.2,407.2,-177.0,2.9,159.5,0.0,0.242,0.471,-0.056,0.005,0.068,0.0
2026-10-07T09:51:00.412412,4,5.73,66.3,14.15,-88.74,19.48,-0.0,-520.2,407.2,-177.0,2.9,159.5,0.3,0.275,0.485,-0.049,-0.067,0.005,0.0
2026-10-07T09:51:00.921344,4,5.73,66.3,14.15,-88.74,19.48,-0.0,-520.2,407.2,-177.0,2.9,159.5,-0.0,-0.211,0.228,-0.053,0.006,0.067,0.0
2026-10-07T09:51:01.428149,4,5.73,66.3,14.15,-88.74,19.48,-0.0,-520.2,407.2,-177.0,2.9,159.5,-0.0,-0.159,0.119,-0.035,0.001,-0.0,0.0
2026-10-07T09:51:01.930291,4,5.73,66.3,14.15,-88.74,19.48,-0.0,-520.2,407.2,-177.0,2.9,159.5,0.0,0.114,-0.139,0.03,-0.005,-0.068,0.0
2026-10-07T09:51:02.438193,4,5.73,66.3,14.15,-88.74,19.48,-0.0,-520.2,407.2,-177.0,2.9,159.5,-0.0,-0.242,-0.386,0.047,0.004,0.068,0.0
2026-10-07T09:51:02.946916,4,5.73,66.3,14.15,-88.74,19.48,-0.05,-520.2,407.2,-177.0,2.9,159.5,-0.8,0.019,-0.074,0.033,0.063,-0.126,0.0
2026-10-07T09:51:03.447316,4,5.73,66.3,14.15,-88.74,19.48,-0.0,-520.2,407.2,-177.0,2.9,159.5,-0.0,-0.014,0.065,-0.006,0.0,0.0,0.0
2026-10-07T09:51:03.948647,4,5.73,66.3,14.15,-88.74,19.48,-0.0,-520.2,407.2,-177.0,2.9,159.5,0.0,0.068,-0.159,0.022,-0.0,0.0,0.0
2026-10-07T09:51:04.455898,4,5.73,66.3,14.15,-88.74,19.48,-0.0,-520.2,407.2,-177.0,2.9,159.5,-0.0,-0.229,-0.632,0.066,-0.001,-0.0,0.0
2026-10-07T09:51:04.957557,4,5.73,66.3,14.15,-88.74,19.48,-0.0,-520.2,407.2,-177.0,2.9,159.5,-0.3,0.167,0.651,-0.078,0.069,-0.005,0.0
2026-10-07T09:51:05.466166,4,5.73,66.3,14.15,-88.74,19.48,-0.0,-520.2,407.2,-177.0,2.9,159.5,-0.3,0.23,0.363,-0.048,0.064,-0.072,0.0
2026-10-07T09:51:05.980221,4,5.73,66.3,14.15,-88.74,19.48,-0.0,-520.2,407.2,-177.0,2.9,159.5,-0.0,-0.031,0.055,-0.011,0.005,0.068,0.0
2026-10-07T09:51:06.481390,4,5.73,66.3,14.15,-88.74,19.48,-0.0,-520.2,407.2,-177.0,2.9,159.5,-0.3,-0.194,-0.636,0.074,0.062,-0.072,0.0
2026-10-07T09:51:06.987770,4,5.73,66.3,14.15,-88.74,19.48,0.05,-520.2,407.2,-177.0,2.9,159.5,0.5,0.448,0.566,-0.046,0.001,0.055,0.0
2026-10-07T09:51:07.489897,4,5.73,66.3,14.15,-88.74,19.48,-0.0,-520.2,407.2,-177.0,2.9,159.5,-0.3,0.362,0.255,-0.02,0.068,-0.004,0.0
2026-10-07T09:51:07.995620,4,5.73,66.3,14.15,-88.74,19.48,0.05,-520.2,407.2,-177.0,2.9,159.5,0.5,0.008,-0.498,0.077,-0.001,0.055,0.0
