timestamp,printer_name,serial_number,gcode_state,mc_print_stage,tray_type,mc_percent,layer_num,total_layer_num,nozzle_temp,bed_temp
2026-10-05T08:24:43.486254,Bambu_H2D_1,0948BB5B1600363,FAILED,1.0,Desconocido,0,0,10,27.0,27.0
2026-10-05T08:24:44.855143,Bambu_H2D_1,0948BB5B1600363,FAILED,1.0,Desconocido,0,0,10,27.0,27.0
2026-10-05T08:24:46.367892,Bambu_H2D_1,0948BB5B1600363,FAILED,1.0,Desconocido,0,0,10,27.0,27.0
2026-10-05T08:24:47.742081,Bambu_H2D_1,0948BB5B1600363,FAILED,1.0,Desconocido,0,0,10,27.0,27.0
2026-10-05T08:24:49.049117,Bambu_H2D_1,0948BB5B1600363,FAILED,1.0,Desconocido,0,0,10,27.0,27.0
2026-10-05T08:24:50.419720,Bambu_H2D_1,0948BB5B1600363,FAILED,1.0,Desconocido,0,0,10,27.0,27.0
2026-10-05T08:24:51.794262,Bambu_H2D_1,0948BB5B1600363,FAILED,1.0,Desconocido,0,0,10,27.0,27.0
2026-10-05T08:24:53.188363,Bambu_H2D_1,0948BB5B1600363,FAILED,1.0,Desconocido,0,0,10,27.0,27.0
2026-10-05T08:24:54.520812,Bambu_H2D_1,0948BB5B1600363,FAILED,1.0,Desconocido,0,0,10,27.0,27.0
2026-10-05T08:24:55.917554,Bambu_H2D_1,0948BB5B1600363,FAILED,1.0,Desconocido,0,0,10,27.0,27.0
2026-10-05T08:24:57.208293,Bambu_H2D_1,0948BB5B1600363,FAILED,1.0,Desconocido,0,0,10,26.0,27.0
2026-10-05T08:24:58.741740,Bambu_H2D_1,0948BB5B1600363,FAILED,1.0,Desconocido,0,0,10,26.0,27.0
2026-10-05T08:25:00.085568,Bambu_H2D_1,0948BB5B1600363,FAILED,1.0,Desconocido,0,0,10,26.0,27.0
2026-10-05T08:25:01.455506,Bambu_H2D_1,0948BB5B1600363,FAILED,1.0,Desconocido,0,0,10,26.0,27.0
2026-10-05T08:25:02.844371,Bambu_H2D_1,0948BB5B1600363,,,Desconocido,0,0,0,0.0,0.0
2026-10-05T08:25:02.897467,Bambu_H2D_1,0948BB5B1600363,,,Desconocido,0,0,0,0.0,0.0
2026-10-05T08:25:03.135206,Bambu_H2D_1,0948BB5B1600363,FAILED,1.0,Desconocido,0,0,10,26.0,27.0
2026-10-05T08:25:03.242298,Bambu_H2D_1,0948BB5B1600363,,,Desconocido,0,0,0,0.0,0.0
2026-10-05T08:25:03.295835,Bambu_H2D_1,0948BB5B1600363,,,Desconocido,0,0,0,0.0,0.0
2026-10-05T08:25:03.297337,Bambu_H2D_1,0948BB5B1600363,,,Desconocido,0,0,0,0.0,0.0
2026-10-05T08:25:03.340695,Bambu_H2D_1,0948BB5B1600363,,,Desconocido,0,0,0,0.0,0.0
2026-10-05T08:25:03.341612,Bambu_H2D_1,0948BB5B1600363,,,Desconocido,0,0,0,0.0,0.0
2026-10-05T08:25:03.342316,Bambu_H2D_1,0948BB5B1600363,,,Desconocido,0,0,0,0.0,0.0
2026-10-05T08:25:04.579451,Bambu_H2D_1,0948BB5B1600363,RUNNING,2.0,Desconocido,0,0,10,27.0,27.0
2026-10-05T08:25:06.023881,Bambu_H2D_1,0948BB5B1600363,RUNNING,2.0,Desconocido,0,0,10,27.0,27.0
2026-10-05T08:25:07.321209,Bambu_H2D_1,0948BB5B1600363,RUNNING,2.0,Desconocido,0,0,10,27.0,27.0
2026-10-05T08:25:08.707981,Bambu_H2D_1,0948BB5B1600363,RUNNING,2.0,Desconocido,0,0,10,27.0,27.0
2026-10-05T08:25:10.037627,Bambu_H2D_1,0948BB5B1600363,RUNNING,2.0,Desconocido,0,0,10,27.0,27.0
2026-10-05T08:25:11.480370,Bambu_H2D_1,0948BB5B1600363,RUNNING,2.0,Desconocido,0,0,10,27.0,27.0
2026-10-05T08:25:12.824460,Bambu_H2D_1,0948BB5B1600363,RUNNING,2.0,Desconocido,0,0,10,27.0,27.0
2026-10-05T08:25:14.278413,Bambu_H2D_1,0948BB5B1600363,RUNNING,2.0,Desconocido,0,0,10,27.0,27.0
2026-10-05T08:25:15.520794,Bambu_H2D_1,0948BB5B1600363,RUNNING,2.0,Desconocido,0,0,10,27.0,27.0
2026-10-05T08:25:16.765158,Bambu_H2D_1,0948BB5B1600363,RUNNING,2.0,Desconocido,0,0,10,26.0,27.0
2026-10-05T08:25:17.960219,Bambu_H2D_1,0948BB5B1600363,RUNNING,2.0,Desconocido,0,0,10,27.0,27.0
2026-10-05T08:25:19.181229,Bambu_H2D_1,0948BB5B1600363,RUNNING,2.0,Desconocido,0,0,10,31.0,27.0
2026-10-05T08:25:20.382442,Bambu_H2D_1,0948BB5B1600363,RUNNING,2.0,Desconocido,0,0,10,37.0,27.0
2026-10-05T08:25:21.577711,Bambu_H2D_1,0948BB5B1600363,RUNNING,2.0,Desconocido,0,0,10,43.0,27.0
2026-10-05T08:25:22.776824,Bambu_H2D_1,0948BB5B1600363,RUNNING,2.0,Desconocido,0,0,10,50.0,28.0
2026-10-05T08:25:24.090008,Bambu_H2D_1,0948BB5B1600363,RUNNING,2.0,Desconocido,0,0,10,58.0,28.0
2026-10-05T08:25:25.276475,Bambu_H2D_1,0948BB5B1600363,RUNNING,2.0,Desconocido,0,0,10,72.0,30.0
2026-10-05T08:25:26.472414,Bambu_H2D_1,0948BB5B1600363,RUNNING,2.0,Desconocido,0,0,10,79.0,31.0
2026-10-05T08:25:27.772201,Bambu_H2D_1,0948BB5B1600363,RUNNING,2.0,Desconocido,0,0,10,86.0,31.0
2026-10-05T08:25:29.017428,Bambu_H2D_1,0948BB5B1600363,RUNNING,2.0,Desconocido,0,0,10,92.0,32.0
2026-10-05T08:25:30.218995,Bambu_H2D_1,0948BB5B1600363,RUNNING,2.0,Desconocido,0,0,10,105.0,34.0
2026-10-05T08:25:31.473944,Bambu_H2D_1,0948BB5B1600363,RUNNING,2.0,Desconocido,0,0,10,111.0,35.0
2026-10-05T08:25:32.735838,Bambu_H2D_1,0948BB5B1600363,RUNNING,2.0,Desconocido,0,0,10,116.0,35.0
2026-10-05T08:25:33.932862,Bambu_H2D_1,0948BB5B1600363,RUNNING,2.0,Desconocido,0,0,10,122.0,36.0
2026-10-05T08:25:35.200658,Bambu_H2D_1,0948BB5B1600363,RUNNING,2.0,Desconocido,0,0,10,133.0,37.0
2026-10-05T08:25:36.352379,Bambu_H2D_1,0948BB5B1600363,RUNNING,2.0,Desconocido,0,0,10,137.0,38.0
2026-10-05T08:25:37.557339,Bambu_H2D_1,0948BB5B1600363,RUNNING,2.0,Desconocido,0,0,10,139.0,39.0
2026-10-05T08:25:38.800941,Bambu_H2D_1,0948BB5B1600363,RUNNING,2.0,Desconocido,0,0,10,140.0,40.0
2026-10-05T08:25:40.015402,Bambu_H2D_1,0948BB5B1600363,RUNNING,2.0,Desconocido,0,0,10,141.0,40.0
2026-10-05T08:25:41.225520,Bambu_H2D_1,0948BB5B1600363,RUNNING,2.0,Desconocido,0,0,10,142.0,42.0
2026-10-05T08:25:42.500733,Bambu_H2D_1,0948BB5B1600363,RUNNING,2.0,Desconocido,0,0,10,142.0,43.0
2026-10-05T08:25:43.666970,Bambu_H2D_1,0948BB5B1600363,RUNNING,2.0,Desconocido,0,0,10,142.0,43.0
2026-10-05T08:25:44.856177,Bambu_H2D_1,0948BB5B1600363,RUNNING,2.0,Desconocido,0,0,10,141.0,44.0
2026-10-05T08:25:45.591212,Bambu_H2D_1,0948BB5B1600363,,,Desconocido,0,0,0,0.0,0.0
2026-10-05T08:25:45.763585,Bambu_H2D_1,0948BB5B1600363,,,Desconocido,0,0,0,0.0,0.0
2026-10-05T08:25:46.084312,Bambu_H2D_1,0948BB5B1600363,RUNNING,2.0,Desconocido,0,0,10,140.0,45.0
2026-10-05T08:25:46.172851,Bambu_H2D_1,0948BB5B1600363,,,Desconocido,0,0,0,0.0,0.0
2026-10-05T08:25:47.351744,Bambu_H2D_1,0948BB5B1600363,RUNNING,2.0,Desconocido,0,0,10,139.0,46.0
2026-10-05T08:25:47.817392,Bambu_H2D_1,0948BB5B1600363,,,Desconocido,0,0,0,0.0,0.0
2026-10-05T08:25:47.879362,Bambu_H2D_1,0948BB5B1600363,,,Desconocido,0,0,0,0.0,0.0
2026-10-05T08:25:48.623108,Bambu_H2D_1,0948BB5B1600363,RUNNING,2.0,Desconocido,0,0,10,138.0,47.0
2026-10-05T08:25:49.928066,Bambu_H2D_1,0948BB5B1600363,RUNNING,2.0,Desconocido,0,0,10,138.0,47.0
2026-10-05T08:25:50.803369,Bambu_H2D_1,0948BB5B1600363,,,Desconocido,0,0,0,0.0,0.0
2026-10-05T08:25:50.866636,Bambu_H2D_1,0948BB5B1600363,,,Desconocido,0,0,0,0.0,0.0
2026-10-05T08:25:51.198046,Bambu_H2D_1,0948BB5B1600363,RUNNING,2.0,Desconocido,0,0,10,137.0,48.0
2026-10-05T08:25:52.548358,Bambu_H2D_1,0948BB5B1600363,RUNNING,2.0,Desconocido,0,0,10,138.0,49.0
2026-10-05T08:25:53.908128,Bambu_H2D_1,0948BB5B1600363,RUNNING,2.0,Desconocido,0,0,10,138.0,50.0
2026-10-05T08:25:55.246958,Bambu_H2D_1,0948BB5B1600363,RUNNING,2.0,Desconocido,0,0,10,139.0,51.0
2026-10-05T08:25:56.473127,Bambu_H2D_1,0948BB5B1600363,RUNNING,2.0,Desconocido,0,0,10,140.0,52.0
2026-10-05T08:25:57.381405,Bambu_H2D_1,0948BB5B1600363,,,Desconocido,0,0,0,0.0,0.0
2026-10-05T08:25:57.545375,Bambu_H2D_1,0948BB5B1600363,,,Desconocido,0,0,0,0.0,0.0
2026-10-05T08:25:57.674860,Bambu_H2D_1,0948BB5B1600363,RUNNING,2.0,Desconocido,0,0,10,140.0,53.0
2026-10-05T08:25:58.183731,Bambu_H2D_1,0948BB5B1600363,,,Desconocido,0,0,0,0.0,0.0
2026-10-05T08:25:58.238932,Bambu_H2D_1,0948BB5B1600363,,,Desconocido,0,0,0,0.0,0.0
2026-10-05T08:25:58.886104,Bambu_H2D_1,0948BB5B1600363,RUNNING,2.0,Desconocido,0,0,10,140.0,53.0
2026-10-05T08:25:58.919510,Bambu_H2D_1,0948BB5B1600363,,,Desconocido,0,0,0,0.0,0.0
2026-10-05T08:25:58.943403,Bambu_H2D_1,0948BB5B1600363,,,Desconocido,0,0,0,0.0,0.0
2026-10-05T08:26:00.201864,Bambu_H2D_1,0948BB5B1600363,RUNNING,2.0,Desconocido,0,0,10,140.0,53.0
2026-10-05T08:26:01.519247,Bambu_H2D_1,0948BB5B1600363,RUNNING,2.0,Desconocido,0,0,10,140.0,54.0
2026-10-05T08:26:02.772918,Bambu_H2D_1,0948BB5B1600363,RUNNING,2.0,Desconocido,0,0,10,140.0,54.0
2026-10-05T08:26:04.140243,Bambu_H2D_1,0948BB5B1600363,RUNNING,2.0,Desconocido,0,0,10,140.0,54.0
2026-10-05T08:26:05.297024,Bambu_H2D_1,0948BB5B1600363,RUNNING,2.0,Desconocido,0,0,10,140.0,55.0
2026-10-05T08:26:06.657382,Bambu_H2D_1,0948BB5B1600363,RUNNING,2.0,Desconocido,0,0,10,140.0,55.0
2026-10-05T08:26:07.035634,Bambu_H2D_1,0948BB5B1600363,,,Desconocido,0,0,0,0.0,0.0
2026-10-05T08:26:07.094143,Bambu_H2D_1,0948BB5B1600363,,,Desconocido,0,0,0,0.0,0.0
2026-10-05T08:26:08.136575,Bambu_H2D_1,0948BB5B1600363,RUNNING,2.0,Desconocido,0,0,10,140.0,55.0
2026-10-05T08:26:09.362559,Bambu_H2D_1,0948BB5B1600363,RUNNING,2.0,Desconocido,0,0,10,140.0,55.0
2026-10-05T08:26:10.565144,Bambu_H2D_1,0948BB5B1600363,RUNNING,2.0,Desconocido,0,0,10,140.0,55.0
2026-10-05T08:26:11.758766,Bambu_H2D_1,0948BB5B1600363,RUNNING,2.0,Desconocido,0,0,10,140.0,55.0
2026-10-05T08:26:13.053580,Bambu_H2D_1,0948BB5B1600363,RUNNING,2.0,Desconocido,0,0,10,140.0,55.0
2026-10-05T08:26:14.410604,Bambu_H2D_1,0948BB5B1600363,RUNNING,2.0,Desconocido,0,0,10,140.0,55.0
2026-10-05T08:26:15.614275,Bambu_H2D_1,0948BB5B1600363,RUNNING,2.0,Desconocido,0,0,10,140.0,55.0
2026-10-05T08:26:16.816575,Bambu_H2D_1,0948BB5B1600363,RUNNING,2.0,Desconocido,0,0,10,140.0,55.0
2026-10-05T08:26:18.047062,Bambu_H2D_1,0948BB5B1600363,RUNNING,2.0,Desconocido,0,0,10,140.0,55.0
2026-10-05T08:26:19.375872,Bambu_H2D_1,0948BB5B1600363,RUNNING,2.0,Desconocido,0,0,10,140.0,55.0
2026-10-05T08:26:20.566673,Bambu_H2D_1,0948BB5B1600363,RUNNING,2.0,Desconocido,0,0,10,140.0,55.0
2026-10-05T08:26:21.859269,Bambu_H2D_1,0948BB5B1600363,RUNNING,2.0,Desconocido,0,0,10,140.0,55.0
2026-10-05T08:26:23.144527,Bambu_H2D_1,0948BB5B1600363,RUNNING,2.0,Desconocido,0,0,10,140.0,55.0
2026-10-05T08:26:24.350655,Bambu_H2D_1,0948BB5B1600363,RUNNING,2.0,Desconocido,0,0,10,140.0,55.0
2026-10-05T08:26:25.559145,Bambu_H2D_1,0948BB5B1600363,RUNNING,2.0,Desconocido,0,0,10,140.0,55.0
2026-10-05T08:26:26.702798,Bambu_H2D_1,0948BB5B1600363,RUNNING,2.0,Desconocido,0,0,10,140.0,55.0
2026-10-05T08:26:27.993283,Bambu_H2D_1,0948BB5B1600363,RUNNING,2.0,Desconocido,0,0,10,140.0,55.0
2026-10-05T08:26:29.270501,Bambu_H2D_1,0948BB5B1600363,RUNNING,2.0,Desconocido,0,0,10,140.0,55.0
2026-10-05T08:26:30.442420,Bambu_H2D_1,0948BB5B1600363,RUNNING,2.0,Desconocido,0,0,10,140.0,55.0
2026-10-05T08:26:31.626313,Bambu_H2D_1,0948BB5B1600363,RUNNING,2.0,Desconocido,0,0,10,140.0,55.0
2026-10-05T08:26:32.808336,Bambu_H2D_1,0948BB5B1600363,RUNNING,2.0,Desconocido,0,0,10,140.0,55.0
2026-10-05T08:26:33.353791,Bambu_H2D_1,0948BB5B1600363,,,Desconocido,0,0,0,0.0,0.0
2026-10-05T08:26:33.400735,Bambu_H2D_1,0948BB5B1600363,,,Desconocido,0,0,0,0.0,0.0
2026-10-05T08:26:34.019006,Bambu_H2D_1,0948BB5B1600363,RUNNING,2.0,Desconocido,0,0,10,140.0,55.0
2026-10-05T08:26:35.306587,Bambu_H2D_1,0948BB5B1600363,RUNNING,2.0,Desconocido,0,0,10,140.0,55.0
2026-10-05T08:26:36.611209,Bambu_H2D_1,0948BB5B1600363,RUNNING,2.0,Desconocido,0,0,10,140.0,55.0
2026-10-05T08:26:37.821680,Bambu_H2D_1,0948BB5B1600363,,,Desconocido,0,0,0,0.0,0.0
2026-10-05T08:26:37.881938,Bambu_H2D_1,0948BB5B1600363,,,Desconocido,0,0,0,0.0,0.0
2026-10-05T08:26:37.883146,Bambu_H2D_1,0948BB5B1600363,,,Desconocido,0,0,0,0.0,0.0
2026-10-05T08:26:37.984548,Bambu_H2D_1,0948BB5B1600363,RUNNING,2.0,Desconocido,0,0,10,140.0,55.0
2026-10-05T08:26:39.135333,Bambu_H2D_1,0948BB5B1600363,RUNNING,2.0,Desconocido,0,0,10,140.0,55.0
2026-10-05T08:26:40.705439,Bambu_H2D_1,0948BB5B1600363,RUNNING,2.0,Desconocido,0,0,10,140.0,55.0
2026-10-05T08:26:42.105228,Bambu_H2D_1,0948BB5B1600363,RUNNING,2.0,Desconocido,0,0,10,140.0,55.0
2026-10-05T08:26:43.437072,Bambu_H2D_1,0948BB5B1600363,RUNNING,2.0,Desconocido,0,0,10,140.0,55.0
2026-10-05T08:26:44.690656,Bambu_H2D_1,0948BB5B1600363,RUNNING,2.0,Desconocido,0,0,10,140.0,55.0
2026-10-05T08:26:45.617059,Bambu_H2D_1,0948BB5B1600363,,,Desconocido,0,0,0,0.0,0.0
2026-10-05T08:26:45.807375,Bambu_H2D_1,0948BB5B1600363,,,Desconocido,0,0,0,0.0,0.0
2026-10-05T08:26:46.030772,Bambu_H2D_1,0948BB5B1600363,RUNNING,2.0,Desconocido,0,0,10,140.0,55.0
2026-10-05T08:26:46.185813,Bambu_H2D_1,0948BB5B1600363,,,Desconocido,0,0,0,0.0,0.0
2026-10-05T08:26:47.320743,Bambu_H2D_1,0948BB5B1600363,RUNNING,2.0,Desconocido,0,0,10,140.0,55.0
2026-10-05T08:26:48.527861,Bambu_H2D_1,0948BB5B1600363,RUNNING,2.0,Desconocido,0,0,10,140.0,55.0
2026-10-05T08:26:48.545419,Bambu_H2D_1,0948BB5B1600363,,,Desconocido,0,0,0,0.0,0.0
2026-10-05T08:26:48.556911,Bambu_H2D_1,0948BB5B1600363,,,Desconocido,0,0,0,0.0,0.0
2026-10-05T08:26:48.619987,Bambu_H2D_1,0948BB5B1600363,,,Desconocido,0,0,0,0.0,0.0
2026-10-05T08:26:49.812208,Bambu_H2D_1,0948BB5B1600363,RUNNING,2.0,Desconocido,0,0,10,140.0,55.0
2026-10-05T08:26:51.191144,Bambu_H2D_1,0948BB5B1600363,RUNNING,2.0,Desconocido,0,0,10,140.0,55.0
2026-10-05T08:26:52.502011,Bambu_H2D_1,0948BB5B1600363,RUNNING,2.0,Desconocido,0,0,10,140.0,55.0
2026-10-05T08:26:53.757553,Bambu_H2D_1,0948BB5B1600363,RUNNING,2.0,Desconocido,0,0,10,140.0,55.0
2026-10-05T08:26:55.058481,Bambu_H2D_1,0948BB5B1600363,,,Desconocido,0,0,0,0.0,0.0
2026-10-05T08:26:55.216650,Bambu_H2D_1,0948BB5B1600363,RUNNING,2.0,Desconocido,0,0,10,140.0,55.0
2026-10-05T08:26:55.218774,Bambu_H2D_1,0948BB5B1600363,,,Desconocido,0,0,0,0.0,0.0
2026-10-05T08:26:55.438401,Bambu_H2D_1,0948BB5B1600363,,,Desconocido,0,0,0,0.0,0.0
2026-10-05T08:26:56.486532,Bambu_H2D_1,0948BB5B1600363,RUNNING,2.0,Desconocido,0,0,10,140.0,55.0
2026-10-05T08:26:57.804498,Bambu_H2D_1,0948BB5B1600363,RUNNING,2.0,Desconocido,0,0,10,140.0,55.0
2026-10-05T08:26:58.469730,Bambu_H2D_1,0948BB5B1600363,,,Desconocido,0,0,0,0.0,0.0
2026-10-05T08:26:58.676001,Bambu_H2D_1,0948BB5B1600363,,,Desconocido,0,0,0,0.0,0.0
2026-10-05T08:26:59.147018,Bambu_H2D_1,0948BB5B1600363,,,Desconocido,0,0,0,0.0,0.0
2026-10-05T08:26:59.276377,Bambu_H2D_1,0948BB5B1600363,RUNNING,2.0,Desconocido,0,0,10,140.0,55.0
2026-10-05T08:27:00.505374,Bambu_H2D_1,0948BB5B1600363,RUNNING,2.0,Desconocido,0,0,10,140.0,55.0
2026-10-05T08:27:01.815477,Bambu_H2D_1,0948BB5B1600363,RUNNING,2.0,Desconocido,0,0,10,140.0,55.0
2026-10-05T08:27:03.030465,Bambu_H2D_1,0948BB5B1600363,RUNNING,2.0,Desconocido,0,0,10,140.0,55.0
2026-10-05T08:27:04.223401,Bambu_H2D_1,0948BB5B1600363,RUNNING,2.0,Desconocido,0,0,10,140.0,55.0
2026-10-05T08:27:05.451866,Bambu_H2D_1,0948BB5B1600363,RUNNING,2.0,Desconocido,0,0,10,140.0,55.0
2026-10-05T08:27:06.043488,Bambu_H2D_1,0948BB5B1600363,,,Desconocido,0,0,0,0.0,0.0
2026-10-05T08:27:06.099169,Bambu_H2D_1,0948BB5B1600363,,,Desconocido,0,0,0,0.0,0.0
2026-10-05T08:27:06.692607,Bambu_H2D_1,0948BB5B1600363,RUNNING,2.0,Desconocido,0,0,10,140.0,55.0
2026-10-05T08:27:07.930060,Bambu_H2D_1,0948BB5B1600363,RUNNING,2.0,Desconocido,0,0,10,140.0,55.0
2026-10-05T08:27:09.184107,Bambu_H2D_1,0948BB5B1600363,RUNNING,2.0,Desconocido,0,0,10,140.0,55.0
2026-10-05T08:27:09.308475,Bambu_H2D_1,0948BB5B1600363,,,Desconocido,0,0,0,0.0,0.0
2026-10-05T08:27:09.371096,Bambu_H2D_1,0948BB5B1600363,,,Desconocido,0,0,0,0.0,0.0
2026-10-05T08:27:10.434965,Bambu_H2D_1,0948BB5B1600363,RUNNING,2.0,Desconocido,0,0,10,140.0,55.0
2026-10-05T08:27:11.612853,Bambu_H2D_1,0948BB5B1600363,RUNNING,2.0,Desconocido,0,0,10,140.0,55.0
2026-10-05T08:27:12.894986,Bambu_H2D_1,0948BB5B1600363,RUNNING,2.0,Desconocido,0,0,10,140.0,55.0
2026-10-05T08:27:14.221820,Bambu_H2D_1,0948BB5B1600363,RUNNING,2.0,Desconocido,0,0,10,29.0,55.0
2026-10-05T08:27:15.501076,Bambu_H2D_1,0948BB5B1600363,RUNNING,2.0,Desconocido,0,0,10,29.0,55.0
2026-10-05T08:27:16.675232,Bambu_H2D_1,0948BB5B1600363,RUNNING,2.0,Desconocido,0,0,10,29.0,55.0
2026-10-05T08:27:17.872929,Bambu_H2D_1,0948BB5B1600363,RUNNING,2.0,Desconocido,0,0,10,29.0,55.0
2026-10-05T08:27:19.105384,Bambu_H2D_1,0948BB5B1600363,RUNNING,2.0,Desconocido,0,0,10,29.0,55.0
2026-10-05T08:27:20.344712,Bambu_H2D_1,0948BB5B1600363,RUNNING,2.0,Desconocido,0,0,10,29.0,55.0
2026-10-05T08:27:21.544014,Bambu_H2D_1,0948BB5B1600363,RUNNING,2.0,Desconocido,0,0,10,29.0,55.0
2026-10-05T08:27:22.741744,Bambu_H2D_1,0948BB5B1600363,RUNNING,2.0,Desconocido,0,0,10,29.0,55.0
2026-10-05T08:27:23.969360,Bambu_H2D_1,0948BB5B1600363,RUNNING,2.0,Desconocido,0,0,10,29.0,55.0
2026-10-05T08:27:25.180811,Bambu_H2D_1,0948BB5B1600363,RUNNING,2.0,Desconocido,0,0,10,29.0,55.0
2026-10-05T08:27:26.484219,Bambu_H2D_1,0948BB5B1600363,RUNNING,2.0,Desconocido,0,0,10,29.0,55.0
2026-10-05T08:27:27.628492,Bambu_H2D_1,0948BB5B1600363,RUNNING,2.0,Desconocido,0,0,10,29.0,55.0
2026-10-05T08:27:28.830883,Bambu_H2D_1,0948BB5B1600363,RUNNING,2.0,Desconocido,0,0,10,29.0,55.0
2026-10-05T08:27:30.050037,Bambu_H2D_1,0948BB5B1600363,RUNNING,2.0,Desconocido,0,0,10,29.0,55.0
2026-10-05T08:27:31.231280,Bambu_H2D_1,0948BB5B1600363,RUNNING,2.0,Desconocido,0,0,10,29.0,55.0
2026-10-05T08:27:32.449975,Bambu_H2D_1,0948BB5B1600363,RUNNING,2.0,Desconocido,0,0,10,29.0,55.0
2026-10-05T08:27:33.638235,Bambu_H2D_1,0948BB5B1600363,RUNNING,2.0,Desconocido,0,0,10,29.0,55.0
2026-10-05T08:27:34.854246,Bambu_H2D_1,0948BB5B1600363,RUNNING,2.0,Desconocido,0,0,10,29.0,55.0
2026-10-05T08:27:36.053444,Bambu_H2D_1,0948BB5B1600363,RUNNING,2.0,Desconocido,0,0,10,29.0,55.0
2026-10-05T08:27:37.267296,Bambu_H2D_1,0948BB5B1600363,RUNNING,2.0,Desconocido,0,0,10,29.0,55.0
2026-10-05T08:27:38.492723,Bambu_H2D_1,0948BB5B1600363,RUNNING,2.0,Desconocido,0,0,10,29.0,55.0
2026-10-05T08:27:39.715966,Bambu_H2D_1,0948BB5B1600363,RUNNING,2.0,Desconocido,0,0,10,29.0,55.0
2026-10-05T08:27:40.967300,Bambu_H2D_1,0948BB5B1600363,RUNNING,2.0,Desconocido,0,0,10,29.0,55.0
2026-10-05T08:27:42.208897,Bambu_H2D_1,0948BB5B1600363,RUNNING,2.0,Desconocido,0,0,10,29.0,55.0
2026-10-05T08:27:43.402748,Bambu_H2D_1,0948BB5B1600363,RUNNING,2.0,Desconocido,0,0,10,29.0,55.0
2026-10-05T08:27:44.673432,Bambu_H2D_1,0948BB5B1600363,RUNNING,2.0,Desconocido,0,0,10,29.0,55.0
2026-10-05T08:27:45.906084,Bambu_H2D_1,0948BB5B1600363,RUNNING,2.0,Desconocido,0,0,10,29.0,55.0
2026-10-05T08:27:47.107952,Bambu_H2D_1,0948BB5B1600363,RUNNING,2.0,Desconocido,0,0,10,29.0,55.0
2026-10-05T08:27:48.288037,Bambu_H2D_1,0948BB5B1600363,RUNNING,2.0,Desconocido,0,0,10,29.0,55.0
2026-10-05T08:27:49.490255,Bambu_H2D_1,0948BB5B1600363,RUNNING,2.0,Desconocido,0,0,10,29.0,55.0
2026-10-05T08:27:50.712689,Bambu_H2D_1,0948BB5B1600363,RUNNING,2.0,Desconocido,0,0,10,29.0,55.0
2026-10-05T08:27:51.906023,Bambu_H2D_1,0948BB5B1600363,RUNNING,2.0,Desconocido,0,0,10,29.0,55.0
2026-10-05T08:27:53.158253,Bambu_H2D_1,0948BB5B1600363,RUNNING,2.0,Desconocido,0,0,10,29.0,55.0
2026-10-05T08:27:54.373859,Bambu_H2D_1,0948BB5B1600363,RUNNING,2.0,Desconocido,0,0,10,29.0,55.0
2026-10-05T08:27:55.582839,Bambu_H2D_1,0948BB5B1600363,RUNNING,2.0,Desconocido,0,0,10,29.0,55.0
2026-10-05T08:27:56.754777,Bambu_H2D_1,0948BB5B1600363,RUNNING,2.0,Desconocido,0,0,10,29.0,55.0
2026-10-05T08:27:57.985874,Bambu_H2D_1,0948BB5B1600363,RUNNING,2.0,Desconocido,0,0,10,29.0,55.0
2026-10-05T08:27:59.232722,Bambu_H2D_1,0948BB5B1600363,RUNNING,2.0,Desconocido,0,0,10,29.0,55.0
2026-10-05T08:28:00.422796,Bambu_H2D_1,0948BB5B1600363,RUNNING,2.0,Desconocido,0,0,10,29.0,55.0
2026-10-05T08:28:01.633143,Bambu_H2D_1,0948BB5B1600363,RUNNING,2.0,Desconocido,0,0,10,29.0,55.0
2026-10-05T08:28:02.934889,Bambu_H2D_1,0948BB5B1600363,RUNNING,2.0,Desconocido,0,0,10,29.0,55.0
2026-10-05T08:28:04.049386,Bambu_H2D_1,0948BB5B1600363,RUNNING,2.0,Desconocido,0,0,10,29.0,55.0
2026-10-05T08:28:05.259855,Bambu_H2D_1,0948BB5B1600363,RUNNING,2.0,Desconocido,0,0,10,29.0,55.0
2026-10-05T08:28:06.529733,Bambu_H2D_1,0948BB5B1600363,RUNNING,2.0,Desconocido,0,0,10,29.0,55.0
2026-10-05T08:28:07.752729,Bambu_H2D_1,0948BB5B1600363,RUNNING,2.0,Desconocido,0,0,10,29.0,55.0
2026-10-05T08:28:08.974475,Bambu_H2D_1,0948BB5B1600363,RUNNING,2.0,Desconocido,0,0,10,29.0,55.0
2026-10-05T08:28:10.165030,Bambu_H2D_1,0948BB5B1600363,RUNNING,2.0,Desconocido,0,0,10,29.0,55.0
2026-10-05T08:28:11.433066,Bambu_H2D_1,0948BB5B1600363,RUNNING,2.0,Desconocido,0,0,10,30.0,55.0
2026-10-05T08:28:12.579057,Bambu_H2D_1,0948BB5B1600363,RUNNING,2.0,Desconocido,0,0,10,30.0,55.0
2026-10-05T08:28:13.800420,Bambu_H2D_1,0948BB5B1600363,RUNNING,2.0,Desconocido,0,0,10,30.0,55.0
2026-10-05T08:28:15.018511,Bambu_H2D_1,0948BB5B1600363,RUNNING,2.0,Desconocido,0,0,10,30.0,55.0
2026-10-05T08:28:16.206443,Bambu_H2D_1,0948BB5B1600363,RUNNING,2.0,Desconocido,0,0,10,30.0,55.0
2026-10-05T08:28:17.474968,Bambu_H2D_1,0948BB5B1600363,RUNNING,2.0,Desconocido,0,0,10,29.0,55.0
2026-10-05T08:28:18.655997,Bambu_H2D_1,0948BB5B1600363,RUNNING,2.0,Desconocido,0,0,10,29.0,55.0
2026-10-05T08:28:19.865783,Bambu_H2D_1,0948BB5B1600363,RUNNING,2.0,Desconocido,0,0,10,29.0,55.0
2026-10-05T08:28:21.093142,Bambu_H2D_1,0948BB5B1600363,RUNNING,2.0,Desconocido,0,0,10,29.0,55.0
2026-10-05T08:28:22.286587,Bambu_H2D_1,0948BB5B1600363,RUNNING,2.0,Desconocido,0,0,10,30.0,55.0
2026-10-05T08:28:23.521683,Bambu_H2D_1,0948BB5B1600363,RUNNING,2.0,Desconocido,0,0,10,30.0,55.0
2026-10-05T08:28:24.781876,Bambu_H2D_1,0948BB5B1600363,RUNNING,2.0,Desconocido,0,0,10,30.0,55.0
2026-10-05T08:28:25.921246,Bambu_H2D_1,0948BB5B1600363,RUNNING,2.0,Desconocido,0,0,10,30.0,55.0
2026-10-05T08:28:27.163545,Bambu_H2D_1,0948BB5B1600363,RUNNING,2.0,Desconocido,0,0,10,30.0,55.0
2026-10-05T08:28:28.390042,Bambu_H2D_1,0948BB5B1600363,RUNNING,2.0,Desconocido,0,0,10,30.0,55.0
2026-10-05T08:28:29.578917,Bambu_H2D_1,0948BB5B1600363,RUNNING,2.0,Desconocido,0,0,10,30.0,55.0
2026-10-05T08:28:30.838366,Bambu_H2D_1,0948BB5B1600363,RUNNING,2.0,Desconocido,0,0,10,30.0,55.0
2026-10-05T08:28:32.116068,Bambu_H2D_1,0948BB5B1600363,RUNNING,2.0,Desconocido,0,0,10,30.0,55.0
2026-10-05T08:28:33.332927,Bambu_H2D_1,0948BB5B1600363,RUNNING,2.0,Desconocido,0,0,10,30.0,55.0
2026-10-05T08:28:34.564492,Bambu_H2D_1,0948BB5B1600363,RUNNING,2.0,Desconocido,0,0,10,30.0,55.0
2026-10-05T08:28:35.758438,Bambu_H2D_1,0948BB5B1600363,RUNNING,2.0,Desconocido,0,0,10,30.0,55.0
2026-10-05T08:28:37.029106,Bambu_H2D_1,0948BB5B1600363,RUNNING,2.0,Desconocido,0,0,10,30.0,55.0
2026-10-05T08:28:38.173883,Bambu_H2D_1,0948BB5B1600363,RUNNING,2.0,Desconocido,0,0,10,30.0,55.0
2026-10-05T08:28:39.370643,Bambu_H2D_1,0948BB5B1600363,RUNNING,2.0,Desconocido,0,0,10,30.0,55.0
2026-10-05T08:28:40.672585,Bambu_H2D_1,0948BB5B1600363,RUNNING,2.0,Desconocido,0,0,10,30.0,55.0
2026-10-05T08:28:41.833784,Bambu_H2D_1,0948BB5B1600363,RUNNING,2.0,Desconocido,0,0,10,30.0,55.0
2026-10-05T08:28:43.024083,Bambu_H2D_1,0948BB5B1600363,RUNNING,2.0,Desconocido,0,0,10,30.0,55.0
2026-10-05T08:28:44.225010,Bambu_H2D_1,0948BB5B1600363,RUNNING,2.0,Desconocido,0,0,10,30.0,55.0
2026-10-05T08:28:45.437937,Bambu_H2D_1,0948BB5B1600363,RUNNING,2.0,Desconocido,0,0,10,30.0,55.0
2026-10-05T08:28:46.617956,Bambu_H2D_1,0948BB5B1600363,RUNNING,2.0,Desconocido,0,0,10,30.0,55.0
2026-10-05T08:28:47.876184,Bambu_H2D_1,0948BB5B1600363,RUNNING,2.0,Desconocido,0,0,10,30.0,55.0
2026-10-05T08:28:49.074773,Bambu_H2D_1,0948BB5B1600363,RUNNING,2.0,Desconocido,0,0,10,30.0,55.0
2026-10-05T08:28:50.262753,Bambu_H2D_1,0948BB5B1600363,RUNNING,2.0,Desconocido,0,0,10,30.0,55.0
2026-10-05T08:28:51.469598,Bambu_H2D_1,0948BB5B1600363,RUNNING,2.0,Desconocido,0,0,10,30.0,55.0
2026-10-05T08:28:52.690691,Bambu_H2D_1,0948BB5B1600363,RUNNING,2.0,Desconocido,0,0,10,30.0,55.0
2026-10-05T08:28:53.924986,Bambu_H2D_1,0948BB5B1600363,RUNNING,2.0,Desconocido,0,0,10,30.0,55.0
2026-10-05T08:28:55.229476,Bambu_H2D_1,0948BB5B1600363,RUNNING,2.0,Desconocido,0,0,10,30.0,55.0
2026-10-05T08:28:56.455748,Bambu_H2D_1,0948BB5B1600363,RUNNING,2.0,Desconocido,0,0,10,30.0,55.0
2026-10-05T08:28:57.628053,Bambu_H2D_1,0948BB5B1600363,RUNNING,2.0,Desconocido,0,0,10,30.0,55.0
2026-10-05T08:28:58.803815,Bambu_H2D_1,0948BB5B1600363,RUNNING,2.0,Desconocido,0,0,10,30.0,55.0
2026-10-05T08:29:00.001779,Bambu_H2D_1,0948BB5B1600363,RUNNING,2.0,Desconocido,0,0,10,30.0,55.0
2026-10-05T08:29:01.259914,Bambu_H2D_1,0948BB5B1600363,RUNNING,2.0,Desconocido,0,0,10,30.0,55.0
2026-10-05T08:29:02.459564,Bambu_H2D_1,0948BB5B1600363,RUNNING,2.0,Desconocido,0,0,10,30.0,55.0
2026-10-05T08:29:03.676297,Bambu_H2D_1,0948BB5B1600363,RUNNING,2.0,Desconocido,0,0,10,30.0,55.0
2026-10-05T08:29:04.853516,Bambu_H2D_1,0948BB5B1600363,RUNNING,2.0,Desconocido,0,0,10,30.0,55.0
2026-10-05T08:29:06.038622,Bambu_H2D_1,0948BB5B1600363,RUNNING,2.0,Desconocido,0,0,10,30.0,55.0
2026-10-05T08:29:07.283654,Bambu_H2D_1,0948BB5B1600363,RUNNING,2.0,Desconocido,0,0,10,30.0,55.0
2026-10-05T08:29:08.521893,Bambu_H2D_1,0948BB5B1600363,RUNNING,2.0,Desconocido,0,0,10,30.0,55.0
2026-10-05T08:29:09.777204,Bambu_H2D_1,0948BB5B1600363,RUNNING,2.0,Desconocido,0,0,10,30.0,55.0
2026-10-05T08:29:10.939416,Bambu_H2D_1,0948BB5B1600363,RUNNING,2.0,Desconocido,0,0,10,30.0,55.0
2026-10-05T08:29:12.151414,Bambu_H2D_1,0948BB5B1600363,RUNNING,2.0,Desconocido,0,0,10,30.0,55.0
2026-10-05T08:29:13.337472,Bambu_H2D_1,0948BB5B1600363,RUNNING,2.0,Desconocido,0,0,10,30.0,55.0
2026-10-05T08:29:14.540443,Bambu_H2D_1,0948BB5B1600363,RUNNING,2.0,Desconocido,0,0,10,30.0,55.0
2026-10-05T08:29:15.754445,Bambu_H2D_1,0948BB5B1600363,RUNNING,2.0,Desconocido,0,0,10,30.0,55.0
2026-10-05T08:29:16.942748,Bambu_H2D_1,0948BB5B1600363,RUNNING,2.0,Desconocido,0,0,10,30.0,55.0
2026-10-05T08:29:18.149384,Bambu_H2D_1,0948BB5B1600363,RUNNING,2.0,Desconocido,0,0,10,31.0,55.0
2026-10-05T08:29:19.336509,Bambu_H2D_1,0948BB5B1600363,RUNNING,2.0,Desconocido,0,0,10,31.0,55.0
2026-10-05T08:29:20.568178,Bambu_H2D_1,0948BB5B1600363,RUNNING,2.0,Desconocido,0,0,10,31.0,55.0
2026-10-05T08:29:21.783716,Bambu_H2D_1,0948BB5B1600363,RUNNING,2.0,Desconocido,0,0,10,31.0,55.0
2026-10-05T08:29:23.027980,Bambu_H2D_1,0948BB5B1600363,RUNNING,2.0,Desconocido,0,0,10,31.0,55.0
2026-10-05T08:29:24.213924,Bambu_H2D_1,0948BB5B1600363,RUNNING,2.0,Desconocido,0,0,10,31.0,55.0
2026-10-05T08:29:25.426055,Bambu_H2D_1,0948BB5B1600363,RUNNING,2.0,Desconocido,0,0,10,31.0,55.0
2026-10-05T08:29:26.656171,Bambu_H2D_1,0948BB5B1600363,RUNNING,2.0,Desconocido,4,0,10,31.0,55.0
2026-10-05T08:29:27.902566,Bambu_H2D_1,0948BB5B1600363,RUNNING,2.0,Desconocido,4,0,10,31.0,55.0
2026-10-05T08:29:29.092081,Bambu_H2D_1,0948BB5B1600363,RUNNING,2.0,Desconocido,4,0,10,31.0,55.0
2026-10-05T08:29:30.295061,Bambu_H2D_1,0948BB5B1600363,RUNNING,2.0,Desconocido,4,0,10,31.0,55.0
2026-10-05T08:29:31.497797,Bambu_H2D_1,0948BB5B1600363,RUNNING,2.0,Desconocido,4,0,10,31.0,55.0
2026-10-05T08:29:32.736008,Bambu_H2D_1,0948BB5B1600363,RUNNING,2.0,Desconocido,4,0,10,31.0,55.0
2026-10-05T08:29:34.034564,Bambu_H2D_1,0948BB5B1600363,RUNNING,2.0,Desconocido,4,0,10,31.0,55.0
2026-10-05T08:29:35.259697,Bambu_H2D_1,0948BB5B1600363,RUNNING,2.0,Desconocido,4,0,10,31.0,55.0
2026-10-05T08:29:36.435225,Bambu_H2D_1,0948BB5B1600363,RUNNING,2.0,Desconocido,4,0,10,31.0,55.0
2026-10-05T08:29:37.632330,Bambu_H2D_1,0948BB5B1600363,RUNNING,2.0,Desconocido,4,0,10,31.0,55.0
2026-10-05T08:29:38.830859,Bambu_H2D_1,0948BB5B1600363,RUNNING,2.0,Desconocido,4,0,10,31.0,55.0
2026-10-05T08:29:40.054676,Bambu_H2D_1,0948BB5B1600363,RUNNING,2.0,Desconocido,4,0,10,31.0,55.0
2026-10-05T08:29:41.315220,Bambu_H2D_1,0948BB5B1600363,RUNNING,2.0,Desconocido,4,0,10,31.0,55.0
2026-10-05T08:29:42.625673,Bambu_H2D_1,0948BB5B1600363,RUNNING,2.0,Desconocido,4,0,10,31.0,55.0
2026-10-05T08:29:43.757383,Bambu_H2D_1,0948BB5B1600363,RUNNING,2.0,Desconocido,4,0,10,31.0,55.0
2026-10-05T08:29:44.997014,Bambu_H2D_1,0948BB5B1600363,RUNNING,2.0,Desconocido,4,0,10,31.0,55.0
2026-10-05T08:29:46.187914,Bambu_H2D_1,0948BB5B1600363,RUNNING,2.0,Desconocido,4,0,10,31.0,55.0
2026-10-05T08:29:47.389037,Bambu_H2D_1,0948BB5B1600363,RUNNING,2.0,Desconocido,4,0,10,31.0,55.0
2026-10-05T08:29:48.662012,Bambu_H2D_1,0948BB5B1600363,RUNNING,2.0,Desconocido,4,0,10,31.0,55.0
2026-10-05T08:29:49.908400,Bambu_H2D_1,0948BB5B1600363,RUNNING,2.0,Desconocido,4,0,10,31.0,55.0
2026-10-05T08:29:51.137842,Bambu_H2D_1,0948BB5B1600363,RUNNING,2.0,Desconocido,4,0,10,31.0,55.0
2026-10-05T08:29:52.301649,Bambu_H2D_1,0948BB5B1600363,RUNNING,2.0,Desconocido,4,0,10,31.0,55.0
2026-10-05T08:29:53.504743,Bambu_H2D_1,0948BB5B1600363,RUNNING,2.0,Desconocido,4,0,10,31.0,55.0
2026-10-05T08:29:54.767819,Bambu_H2D_1,0948BB5B1600363,RUNNING,2.0,Desconocido,4,0,10,31.0,55.0
2026-10-05T08:29:56.010822,Bambu_H2D_1,0948BB5B1600363,RUNNING,2.0,Desconocido,4,0,10,31.0,55.0
2026-10-05T08:29:57.197869,Bambu_H2D_1,0948BB5B1600363,RUNNING,2.0,Desconocido,4,0,10,31.0,55.0
2026-10-05T08:29:58.416746,Bambu_H2D_1,0948BB5B1600363,RUNNING,2.0,Desconocido,4,0,10,31.0,55.0
2026-10-05T08:29:59.614912,Bambu_H2D_1,0948BB5B1600363,RUNNING,2.0,Desconocido,4,0,10,32.0,55.0
2026-10-05T08:30:00.869911,Bambu_H2D_1,0948BB5B1600363,RUNNING,2.0,Desconocido,4,0,10,32.0,55.0
2026-10-05T08:30:02.124277,Bambu_H2D_1,0948BB5B1600363,RUNNING,2.0,Desconocido,4,0,10,32.0,55.0
2026-10-05T08:30:03.323102,Bambu_H2D_1,0948BB5B1600363,RUNNING,2.0,Desconocido,4,0,10,32.0,55.0
2026-10-05T08:30:04.586686,Bambu_H2D_1,0948BB5B1600363,RUNNING,2.0,Desconocido,4,0,10,32.0,55.0
2026-10-05T08:30:05.793514,Bambu_H2D_1,0948BB5B1600363,RUNNING,2.0,Desconocido,4,0,10,32.0,55.0
2026-10-05T08:30:06.993803,Bambu_H2D_1,0948BB5B1600363,RUNNING,2.0,Desconocido,4,0,10,32.0,55.0
2026-10-05T08:30:08.247931,Bambu_H2D_1,0948BB5B1600363,RUNNING,2.0,Desconocido,4,0,10,32.0,55.0
2026-10-05T08:30:09.467306,Bambu_H2D_1,0948BB5B1600363,RUNNING,2.0,Desconocido,4,0,10,32.0,55.0
2026-10-05T08:30:10.714938,Bambu_H2D_1,0948BB5B1600363,RUNNING,2.0,Desconocido,4,0,10,32.0,55.0
2026-10-05T08:30:11.894509,Bambu_H2D_1,0948BB5B1600363,RUNNING,2.0,Desconocido,4,0,10,32.0,55.0
2026-10-05T08:30:13.132181,Bambu_H2D_1,0948BB5B1600363,RUNNING,2.0,Desconocido,4,0,10,32.0,55.0
2026-10-05T08:30:14.388086,Bambu_H2D_1,0948BB5B1600363,RUNNING,2.0,Desconocido,4,0,10,32.0,55.0
2026-10-05T08:30:15.605324,Bambu_H2D_1,0948BB5B1600363,RUNNING,2.0,Desconocido,4,0,10,32.0,55.0
2026-10-05T08:30:16.752843,Bambu_H2D_1,0948BB5B1600363,RUNNING,2.0,Desconocido,4,0,10,32.0,55.0
2026-10-05T08:30:17.981260,Bambu_H2D_1,0948BB5B1600363,RUNNING,2.0,Desconocido,4,0,10,32.0,55.0
2026-10-05T08:30:19.194455,Bambu_H2D_1,0948BB5B1600363,RUNNING,2.0,Desconocido,4,0,10,32.0,55.0
2026-10-05T08:30:20.416504,Bambu_H2D_1,0948BB5B1600363,RUNNING,2.0,Desconocido,4,0,10,32.0,55.0
2026-10-05T08:30:21.669786,Bambu_H2D_1,0948BB5B1600363,RUNNING,2.0,Desconocido,4,0,10,32.0,55.0
2026-10-05T08:30:22.923001,Bambu_H2D_1,0948BB5B1600363,RUNNING,2.0,Desconocido,4,0,10,32.0,55.0
2026-10-05T08:30:24.135377,Bambu_H2D_1,0948BB5B1600363,RUNNING,2.0,Desconocido,4,0,10,32.0,55.0
2026-10-05T08:30:25.320684,Bambu_H2D_1,0948BB5B1600363,RUNNING,2.0,Desconocido,4,0,10,32.0,55.0
2026-10-05T08:30:26.559740,Bambu_H2D_1,0948BB5B1600363,RUNNING,2.0,Desconocido,4,0,10,32.0,55.0
2026-10-05T08:30:27.790978,Bambu_H2D_1,0948BB5B1600363,RUNNING,2.0,Desconocido,4,0,10,32.0,55.0
2026-10-05T08:30:29.039597,Bambu_H2D_1,0948BB5B1600363,RUNNING,2.0,Desconocido,4,0,10,32.0,55.0
2026-10-05T08:30:30.237824,Bambu_H2D_1,0948BB5B1600363,RUNNING,2.0,Desconocido,4,0,10,32.0,55.0
2026-10-05T08:30:31.453915,Bambu_H2D_1,0948BB5B1600363,RUNNING,2.0,Desconocido,4,0,10,32.0,55.0
2026-10-05T08:30:32.668540,Bambu_H2D_1,0948BB5B1600363,RUNNING,2.0,Desconocido,4,0,10,32.0,55.0
2026-10-05T08:30:33.914403,Bambu_H2D_1,0948BB5B1600363,RUNNING,2.0,Desconocido,4,0,10,32.0,55.0
2026-10-05T08:30:35.149434,Bambu_H2D_1,0948BB5B1600363,RUNNING,2.0,Desconocido,4,0,10,32.0,55.0
2026-10-05T08:30:36.429331,Bambu_H2D_1,0948BB5B1600363,RUNNING,2.0,Desconocido,4,0,10,32.0,55.0
2026-10-05T08:30:37.609907,Bambu_H2D_1,0948BB5B1600363,RUNNING,2.0,Desconocido,4,0,10,33.0,55.0
2026-10-05T08:30:38.847590,Bambu_H2D_1,0948BB5B1600363,RUNNING,2.0,Desconocido,7,0,10,33.0,55.0
2026-10-05T08:30:40.022251,Bambu_H2D_1,0948BB5B1600363,RUNNING,2.0,Desconocido,7,0,10,33.0,55.0
2026-10-05T08:30:41.256067,Bambu_H2D_1,0948BB5B1600363,RUNNING,2.0,Desconocido,7,0,10,32.0,55.0
2026-10-05T08:30:42.589990,Bambu_H2D_1,0948BB5B1600363,RUNNING,2.0,Desconocido,7,0,10,33.0,55.0
2026-10-05T08:30:43.777535,Bambu_H2D_1,0948BB5B1600363,RUNNING,2.0,Desconocido,7,0,10,33.0,55.0
2026-10-05T08:30:44.980027,Bambu_H2D_1,0948BB5B1600363,RUNNING,2.0,Desconocido,7,0,10,33.0,55.0
2026-10-05T08:30:46.182145,Bambu_H2D_1,0948BB5B1600363,RUNNING,2.0,Desconocido,7,0,10,33.0,55.0
2026-10-05T08:30:47.385892,Bambu_H2D_1,0948BB5B1600363,RUNNING,2.0,Desconocido,7,0,10,33.0,55.0
2026-10-05T08:30:48.588393,Bambu_H2D_1,0948BB5B1600363,RUNNING,2.0,Desconocido,7,0,10,33.0,55.0
2026-10-05T08:30:49.850249,Bambu_H2D_1,0948BB5B1600363,RUNNING,2.0,Desconocido,7,0,10,33.0,55.0
2026-10-05T08:30:51.071901,Bambu_H2D_1,0948BB5B1600363,RUNNING,2.0,Desconocido,7,0,10,33.0,55.0
2026-10-05T08:30:52.222439,Bambu_H2D_1,0948BB5B1600363,RUNNING,2.0,Desconocido,7,0,10,33.0,55.0
2026-10-05T08:30:53.403613,Bambu_H2D_1,0948BB5B1600363,RUNNING,2.0,Desconocido,7,0,10,33.0,55.0
2026-10-05T08:30:54.621382,Bambu_H2D_1,0948BB5B1600363,RUNNING,2.0,Desconocido,7,0,10,33.0,55.0
2026-10-05T08:30:55.888522,Bambu_H2D_1,0948BB5B1600363,RUNNING,2.0,Desconocido,7,0,10,33.0,55.0
2026-10-05T08:30:57.088668,Bambu_H2D_1,0948BB5B1600363,RUNNING,2.0,Desconocido,7,0,10,33.0,55.0
2026-10-05T08:30:58.272641,Bambu_H2D_1,0948BB5B1600363,RUNNING,2.0,Desconocido,7,0,10,33.0,55.0
2026-10-05T08:30:59.494593,Bambu_H2D_1,0948BB5B1600363,RUNNING,2.0,Desconocido,7,0,10,33.0,55.0
2026-10-05T08:31:00.682559,Bambu_H2D_1,0948BB5B1600363,RUNNING,2.0,Desconocido,7,0,10,33.0,55.0
2026-10-05T08:31:01.920780,Bambu_H2D_1,0948BB5B1600363,RUNNING,2.0,Desconocido,7,0,10,33.0,55.0
2026-10-05T08:31:03.150636,Bambu_H2D_1,0948BB5B1600363,RUNNING,2.0,Desconocido,7,0,10,33.0,55.0
2026-10-05T08:31:04.371700,Bambu_H2D_1,0948BB5B1600363,RUNNING,2.0,Desconocido,7,0,10,33.0,55.0
2026-10-05T08:31:05.615361,Bambu_H2D_1,0948BB5B1600363,RUNNING,2.0,Desconocido,7,0,10,33.0,55.0
2026-10-05T08:31:06.855226,Bambu_H2D_1,0948BB5B1600363,RUNNING,2.0,Desconocido,7,0,10,33.0,55.0
2026-10-05T08:31:08.034722,Bambu_H2D_1,0948BB5B1600363,RUNNING,2.0,Desconocido,7,0,10,33.0,55.0
2026-10-05T08:31:09.300035,Bambu_H2D_1,0948BB5B1600363,RUNNING,2.0,Desconocido,7,0,10,33.0,55.0
2026-10-05T08:31:10.586949,Bambu_H2D_1,0948BB5B1600363,RUNNING,2.0,Desconocido,7,0,10,33.0,55.0
2026-10-05T08:31:11.754921,Bambu_H2D_1,0948BB5B1600363,RUNNING,2.0,Desconocido,7,0,10,33.0,55.0
2026-10-05T08:31:12.977332,Bambu_H2D_1,0948BB5B1600363,RUNNING,2.0,Desconocido,7,0,10,33.0,55.0
2026-10-05T08:31:14.155029,Bambu_H2D_1,0948BB5B1600363,RUNNING,2.0,Desconocido,7,0,10,33.0,55.0
2026-10-05T08:31:15.396153,Bambu_H2D_1,0948BB5B1600363,RUNNING,2.0,Desconocido,7,0,10,33.0,55.0
2026-10-05T08:31:16.633537,Bambu_H2D_1,0948BB5B1600363,RUNNING,2.0,Desconocido,7,0,10,33.0,55.0
2026-10-05T08:31:17.861220,Bambu_H2D_1,0948BB5B1600363,RUNNING,2.0,Desconocido,7,0,10,33.0,55.0
2026-10-05T08:31:19.105222,Bambu_H2D_1,0948BB5B1600363,RUNNING,2.0,Desconocido,7,0,10,33.0,55.0
2026-10-05T08:31:20.345168,Bambu_H2D_1,0948BB5B1600363,RUNNING,2.0,Desconocido,7,0,10,33.0,55.0
2026-10-05T08:31:21.569988,Bambu_H2D_1,0948BB5B1600363,RUNNING,2.0,Desconocido,7,0,10,33.0,55.0
2026-10-05T08:31:22.818708,Bambu_H2D_1,0948BB5B1600363,RUNNING,2.0,Desconocido,7,0,10,33.0,55.0
2026-10-05T08:31:24.029319,Bambu_H2D_1,0948BB5B1600363,RUNNING,2.0,Desconocido,7,0,10,33.0,55.0
2026-10-05T08:31:25.238723,Bambu_H2D_1,0948BB5B1600363,RUNNING,2.0,Desconocido,7,0,10,33.0,55.0
2026-10-05T08:31:26.431186,Bambu_H2D_1,0948BB5B1600363,RUNNING,2.0,Desconocido,7,0,10,33.0,55.0
2026-10-05T08:31:27.651503,Bambu_H2D_1,0948BB5B1600363,RUNNING,2.0,Desconocido,7,0,10,33.0,55.0
2026-10-05T08:31:28.887759,Bambu_H2D_1,0948BB5B1600363,RUNNING,2.0,Desconocido,7,0,10,33.0,55.0
2026-10-05T08:31:30.080897,Bambu_H2D_1,0948BB5B1600363,RUNNING,2.0,Desconocido,7,0,10,33.0,55.0
2026-10-05T08:31:31.303897,Bambu_H2D_1,0948BB5B1600363,RUNNING,2.0,Desconocido,7,0,10,33.0,55.0
2026-10-05T08:31:32.517867,Bambu_H2D_1,0948BB5B1600363,RUNNING,2.0,Desconocido,7,0,10,33.0,55.0
2026-10-05T08:31:33.735838,Bambu_H2D_1,0948BB5B1600363,RUNNING,2.0,Desconocido,7,0,10,33.0,55.0
2026-10-05T08:31:34.925420,Bambu_H2D_1,0948BB5B1600363,RUNNING,2.0,Desconocido,54,0,10,33.0,55.0
2026-10-05T08:31:36.153691,Bambu_H2D_1,0948BB5B1600363,RUNNING,2.0,Desconocido,54,0,10,33.0,55.0
2026-10-05T08:31:37.382868,Bambu_H2D_1,0948BB5B1600363,RUNNING,2.0,Desconocido,54,0,10,33.0,55.0
2026-10-05T08:31:38.565426,Bambu_H2D_1,0948BB5B1600363,RUNNING,2.0,Desconocido,54,0,10,33.0,55.0
2026-10-05T08:31:39.785127,Bambu_H2D_1,0948BB5B1600363,RUNNING,2.0,Desconocido,54,0,10,33.0,55.0
2026-10-05T08:31:40.994087,Bambu_H2D_1,0948BB5B1600363,RUNNING,2.0,Desconocido,54,0,10,33.0,55.0
2026-10-05T08:31:42.169644,Bambu_H2D_1,0948BB5B1600363,RUNNING,2.0,Desconocido,54,0,10,33.0,55.0
2026-10-05T08:31:43.429214,Bambu_H2D_1,0948BB5B1600363,RUNNING,2.0,Desconocido,54,0,10,33.0,55.0
2026-10-05T08:31:44.669289,Bambu_H2D_1,0948BB5B1600363,RUNNING,2.0,Desconocido,54,0,10,33.0,55.0
2026-10-05T08:31:45.863656,Bambu_H2D_1,0948BB5B1600363,RUNNING,2.0,Desconocido,54,0,10,33.0,55.0
2026-10-05T08:31:47.050748,Bambu_H2D_1,0948BB5B1600363,RUNNING,2.0,Desconocido,54,0,10,180.0,55.0
2026-10-05T08:31:48.242500,Bambu_H2D_1,0948BB5B1600363,RUNNING,2.0,Desconocido,54,0,10,190.0,55.0
2026-10-05T08:31:49.461584,Bambu_H2D_1,0948BB5B1600363,RUNNING,2.0,Desconocido,54,0,10,194.0,55.0
2026-10-05T08:31:50.748568,Bambu_H2D_1,0948BB5B1600363,RUNNING,2.0,Desconocido,54,0,10,199.0,55.0
2026-10-05T08:31:52.020669,Bambu_H2D_1,0948BB5B1600363,RUNNING,2.0,Desconocido,54,0,10,203.0,55.0
2026-10-05T08:31:53.210779,Bambu_H2D_1,0948BB5B1600363,RUNNING,2.0,Desconocido,54,0,10,211.0,55.0
2026-10-05T08:31:54.424974,Bambu_H2D_1,0948BB5B1600363,RUNNING,2.0,Desconocido,54,0,10,211.0,55.0
2026-10-05T08:31:55.670580,Bambu_H2D_1,0948BB5B1600363,RUNNING,2.0,Desconocido,54,0,10,218.0,55.0
2026-10-05T08:31:56.817488,Bambu_H2D_1,0948BB5B1600363,RUNNING,2.0,Desconocido,54,0,10,219.0,55.0
2026-10-05T08:31:58.088714,Bambu_H2D_1,0948BB5B1600363,RUNNING,2.0,Desconocido,54,0,10,219.0,55.0
2026-10-05T08:31:59.322201,Bambu_H2D_1,0948BB5B1600363,RUNNING,2.0,Desconocido,54,0,10,220.0,55.0
2026-10-05T08:32:00.513780,Bambu_H2D_1,0948BB5B1600363,RUNNING,2.0,Desconocido,54,0,10,221.0,55.0
2026-10-05T08:32:01.682055,Bambu_H2D_1,0948BB5B1600363,RUNNING,2.0,Desconocido,55,0,10,221.0,55.0
2026-10-05T08:32:02.949814,Bambu_H2D_1,0948BB5B1600363,RUNNING,2.0,Desconocido,55,0,10,221.0,55.0
2026-10-05T08:32:04.178468,Bambu_H2D_1,0948BB5B1600363,RUNNING,2.0,Desconocido,55,0,10,220.0,55.0
2026-10-05T08:32:04.347608,Bambu_H2D_1,0948BB5B1600363,,,Desconocido,0,0,0,0.0,0.0
2026-10-05T08:32:04.348647,Bambu_H2D_1,0948BB5B1600363,,,Desconocido,0,0,0,0.0,0.0
2026-10-05T08:32:05.424114,Bambu_H2D_1,0948BB5B1600363,RUNNING,2.0,Desconocido,55,0,10,220.0,55.0
2026-10-05T08:32:06.670720,Bambu_H2D_1,0948BB5B1600363,RUNNING,2.0,Desconocido,56,1,10,219.0,55.0
2026-10-05T08:32:07.956267,Bambu_H2D_1,0948BB5B1600363,RUNNING,2.0,Desconocido,56,1,10,218.0,55.0
2026-10-05T08:32:09.196297,Bambu_H2D_1,0948BB5B1600363,RUNNING,2.0,Desconocido,57,1,10,218.0,55.0
2026-10-05T08:32:09.684209,Bambu_H2D_1,0948BB5B1600363,,,Desconocido,0,0,0,0.0,0.0
2026-10-05T08:32:09.753552,Bambu_H2D_1,0948BB5B1600363,,,Desconocido,0,0,0,0.0,0.0
2026-10-05T08:32:10.390551,Bambu_H2D_1,0948BB5B1600363,RUNNING,2.0,Desconocido,57,1,10,218.0,55.0
2026-10-05T08:32:11.785362,Bambu_H2D_1,0948BB5B1600363,RUNNING,2.0,Desconocido,57,1,10,218.0,55.0
2026-10-05T08:32:13.059083,Bambu_H2D_1,0948BB5B1600363,RUNNING,2.0,Desconocido,57,1,10,219.0,55.0
2026-10-05T08:32:14.283677,Bambu_H2D_1,0948BB5B1600363,RUNNING,2.0,Desconocido,57,1,10,219.0,55.0
2026-10-05T08:32:15.639805,Bambu_H2D_1,0948BB5B1600363,RUNNING,2.0,Desconocido,57,1,10,219.0,55.0
2026-10-05T08:32:16.796233,Bambu_H2D_1,0948BB5B1600363,RUNNING,2.0,Desconocido,58,1,10,220.0,55.0
2026-10-05T08:32:18.091208,Bambu_H2D_1,0948BB5B1600363,RUNNING,2.0,Desconocido,58,1,10,220.0,55.0
2026-10-05T08:32:19.450168,Bambu_H2D_1,0948BB5B1600363,RUNNING,2.0,Desconocido,58,1,10,220.0,55.0
2026-10-05T08:32:20.693585,Bambu_H2D_1,0948BB5B1600363,RUNNING,2.0,Desconocido,58,1,10,220.0,55.0
2026-10-05T08:32:21.947999,Bambu_H2D_1,0948BB5B1600363,RUNNING,2.0,Desconocido,58,1,10,220.0,55.0
2026-10-05T08:32:23.171318,Bambu_H2D_1,0948BB5B1600363,RUNNING,2.0,Desconocido,59,1,10,220.0,55.0
2026-10-05T08:32:24.440295,Bambu_H2D_1,0948BB5B1600363,RUNNING,2.0,Desconocido,59,1,10,220.0,55.0
2026-10-05T08:32:25.813875,Bambu_H2D_1,0948BB5B1600363,RUNNING,2.0,Desconocido,59,1,10,220.0,55.0
2026-10-05T08:32:27.216379,Bambu_H2D_1,0948BB5B1600363,RUNNING,2.0,Desconocido,59,1,10,220.0,55.0
2026-10-05T08:32:28.753691,Bambu_H2D_1,0948BB5B1600363,RUNNING,2.0,Desconocido,59,1,10,220.0,55.0
2026-10-05T08:32:29.896956,Bambu_H2D_1,0948BB5B1600363,RUNNING,2.0,Desconocido,60,1,10,220.0,55.0
2026-10-05T08:32:31.124160,Bambu_H2D_1,0948BB5B1600363,RUNNING,2.0,Desconocido,60,1,10,220.0,55.0
2026-10-05T08:32:32.513842,Bambu_H2D_1,0948BB5B1600363,RUNNING,2.0,Desconocido,60,1,10,220.0,55.0
2026-10-05T08:32:33.746321,Bambu_H2D_1,0948BB5B1600363,RUNNING,2.0,Desconocido,60,1,10,220.0,55.0
2026-10-05T08:32:35.177202,Bambu_H2D_1,0948BB5B1600363,RUNNING,2.0,Desconocido,60,1,10,220.0,55.0
2026-10-05T08:32:36.401048,Bambu_H2D_1,0948BB5B1600363,RUNNING,2.0,Desconocido,61,1,10,220.0,55.0
2026-10-05T08:32:37.628825,Bambu_H2D_1,0948BB5B1600363,RUNNING,2.0,Desconocido,61,1,10,220.0,55.0
2026-10-05T08:32:39.037041,Bambu_H2D_1,0948BB5B1600363,RUNNING,2.0,Desconocido,61,1,10,220.0,55.0
2026-10-05T08:32:40.304919,Bambu_H2D_1,0948BB5B1600363,RUNNING,2.0,Desconocido,61,1,10,220.0,55.0
2026-10-05T08:32:41.533439,Bambu_H2D_1,0948BB5B1600363,RUNNING,2.0,Desconocido,61,1,10,220.0,55.0
2026-10-05T08:32:42.895026,Bambu_H2D_1,0948BB5B1600363,RUNNING,2.0,Desconocido,62,1,10,220.0,55.0
2026-10-05T08:32:44.213887,Bambu_H2D_1,0948BB5B1600363,RUNNING,2.0,Desconocido,62,1,10,220.0,55.0
2026-10-05T08:32:45.448628,Bambu_H2D_1,0948BB5B1600363,RUNNING,2.0,Desconocido,62,1,10,220.0,55.0
2026-10-05T08:32:46.715932,Bambu_H2D_1,0948BB5B1600363,RUNNING,2.0,Desconocido,62,1,10,220.0,55.0
2026-10-05T08:32:47.945483,Bambu_H2D_1,0948BB5B1600363,RUNNING,2.0,Desconocido,62,1,10,220.0,55.0
2026-10-05T08:32:49.244652,Bambu_H2D_1,0948BB5B1600363,RUNNING,2.0,Desconocido,63,1,10,220.0,55.0
2026-10-05T08:32:50.535837,Bambu_H2D_1,0948BB5B1600363,RUNNING,2.0,Desconocido,63,1,10,220.0,55.0
2026-10-05T08:32:51.815859,Bambu_H2D_1,0948BB5B1600363,RUNNING,2.0,Desconocido,63,1,10,220.0,55.0
2026-10-05T08:32:53.051874,Bambu_H2D_1,0948BB5B1600363,RUNNING,2.0,Desconocido,63,1,10,220.0,55.0
2026-10-05T08:32:54.368342,Bambu_H2D_1,0948BB5B1600363,RUNNING,2.0,Desconocido,63,1,10,220.0,55.0
2026-10-05T08:32:55.756350,Bambu_H2D_1,0948BB5B1600363,RUNNING,2.0,Desconocido,64,1,10,220.0,55.0
2026-10-05T08:32:57.094023,Bambu_H2D_1,0948BB5B1600363,RUNNING,2.0,Desconocido,64,1,10,220.0,55.0
2026-10-05T08:32:58.385640,Bambu_H2D_1,0948BB5B1600363,RUNNING,2.0,Desconocido,64,1,10,220.0,55.0
2026-10-05T08:32:59.628004,Bambu_H2D_1,0948BB5B1600363,RUNNING,2.0,Desconocido,64,1,10,220.0,55.0
2026-10-05T08:33:00.978482,Bambu_H2D_1,0948BB5B1600363,RUNNING,2.0,Desconocido,64,1,10,220.0,55.0
2026-10-05T08:33:02.355855,Bambu_H2D_1,0948BB5B1600363,RUNNING,2.0,Desconocido,65,1,10,220.0,55.0
2026-10-05T08:33:03.585300,Bambu_H2D_1,0948BB5B1600363,RUNNING,2.0,Desconocido,65,1,10,220.0,55.0
2026-10-05T08:33:04.778601,Bambu_H2D_1,0948BB5B1600363,RUNNING,2.0,Desconocido,65,1,10,220.0,55.0
2026-10-05T08:33:06.166108,Bambu_H2D_1,0948BB5B1600363,RUNNING,2.0,Desconocido,65,1,10,220.0,55.0
2026-10-05T08:33:07.446642,Bambu_H2D_1,0948BB5B1600363,RUNNING,2.0,Desconocido,65,1,10,220.0,55.0
2026-10-05T08:33:08.713880,Bambu_H2D_1,0948BB5B1600363,RUNNING,2.0,Desconocido,66,1,10,220.0,55.0
2026-10-05T08:33:09.966784,Bambu_H2D_1,0948BB5B1600363,RUNNING,2.0,Desconocido,66,1,10,220.0,55.0
2026-10-05T08:33:11.322026,Bambu_H2D_1,0948BB5B1600363,RUNNING,2.0,Desconocido,66,1,10,220.0,55.0
2026-10-05T08:33:12.467042,Bambu_H2D_1,0948BB5B1600363,RUNNING,2.0,Desconocido,66,1,10,220.0,55.0
2026-10-05T08:33:13.925567,Bambu_H2D_1,0948BB5B1600363,RUNNING,2.0,Desconocido,66,1,10,220.0,55.0
2026-10-05T08:33:15.106836,Bambu_H2D_1,0948BB5B1600363,RUNNING,2.0,Desconocido,67,1,10,220.0,55.0
2026-10-05T08:33:16.316847,Bambu_H2D_1,0948BB5B1600363,RUNNING,2.0,Desconocido,67,1,10,220.0,55.0
2026-10-05T08:33:17.681009,Bambu_H2D_1,0948BB5B1600363,RUNNING,2.0,Desconocido,67,1,10,220.0,55.0
2026-10-05T08:33:18.887701,Bambu_H2D_1,0948BB5B1600363,RUNNING,2.0,Desconocido,67,1,10,220.0,55.0
2026-10-05T08:33:20.229729,Bambu_H2D_1,0948BB5B1600363,RUNNING,2.0,Desconocido,67,1,10,220.0,55.0
2026-10-05T08:33:21.482805,Bambu_H2D_1,0948BB5B1600363,RUNNING,2.0,Desconocido,67,1,10,220.0,55.0
2026-10-05T08:33:22.808721,Bambu_H2D_1,0948BB5B1600363,RUNNING,2.0,Desconocido,68,1,10,220.0,55.0
2026-10-05T08:33:24.079271,Bambu_H2D_1,0948BB5B1600363,RUNNING,2.0,Desconocido,68,1,10,220.0,55.0
2026-10-05T08:33:25.458235,Bambu_H2D_1,0948BB5B1600363,RUNNING,2.0,Desconocido,68,1,10,220.0,55.0
2026-10-05T08:33:26.664370,Bambu_H2D_1,0948BB5B1600363,RUNNING,2.0,Desconocido,68,1,10,220.0,55.0
2026-10-05T08:33:27.971767,Bambu_H2D_1,0948BB5B1600363,RUNNING,2.0,Desconocido,68,1,10,220.0,55.0
2026-10-05T08:33:29.367718,Bambu_H2D_1,0948BB5B1600363,RUNNING,2.0,Desconocido,68,1,10,220.0,55.0
2026-10-05T08:33:30.637765,Bambu_H2D_1,0948BB5B1600363,RUNNING,2.0,Desconocido,69,2,10,220.0,55.0
2026-10-05T08:33:31.832988,Bambu_H2D_1,0948BB5B1600363,RUNNING,2.0,Desconocido,69,2,10,220.0,55.0
2026-10-05T08:33:33.240107,Bambu_H2D_1,0948BB5B1600363,RUNNING,2.0,Desconocido,69,2,10,220.0,55.0
2026-10-05T08:33:34.437554,Bambu_H2D_1,0948BB5B1600363,RUNNING,2.0,Desconocido,69,2,10,219.0,55.0
2026-10-05T08:33:35.760565,Bambu_H2D_1,0948BB5B1600363,RUNNING,2.0,Desconocido,70,2,10,218.0,55.0
2026-10-05T08:33:37.100211,Bambu_H2D_1,0948BB5B1600363,RUNNING,2.0,Desconocido,70,2,10,218.0,55.0
2026-10-05T08:33:38.311418,Bambu_H2D_1,0948BB5B1600363,RUNNING,2.0,Desconocido,70,2,10,218.0,55.0
2026-10-05T08:33:39.528292,Bambu_H2D_1,0948BB5B1600363,RUNNING,2.0,Desconocido,70,2,10,218.0,55.0
2026-10-05T08:33:40.790533,Bambu_H2D_1,0948BB5B1600363,RUNNING,2.0,Desconocido,71,2,10,219.0,55.0
2026-10-05T08:33:42.019852,Bambu_H2D_1,0948BB5B1600363,RUNNING,2.0,Desconocido,71,2,10,219.0,55.0
2026-10-05T08:33:43.507438,Bambu_H2D_1,0948BB5B1600363,RUNNING,2.0,Desconocido,71,2,10,220.0,55.0
2026-10-05T08:33:44.765153,Bambu_H2D_1,0948BB5B1600363,RUNNING,2.0,Desconocido,71,2,10,220.0,55.0
2026-10-05T08:33:45.967323,Bambu_H2D_1,0948BB5B1600363,RUNNING,2.0,Desconocido,71,2,10,220.0,55.0
2026-10-05T08:33:47.279674,Bambu_H2D_1,0948BB5B1600363,RUNNING,2.0,Desconocido,71,2,10,220.0,55.0
2026-10-05T08:33:48.458488,Bambu_H2D_1,0948BB5B1600363,RUNNING,2.0,Desconocido,72,2,10,220.0,55.0
2026-10-05T08:33:49.700297,Bambu_H2D_1,0948BB5B1600363,RUNNING,2.0,Desconocido,72,2,10,220.0,55.0
2026-10-05T08:33:51.070874,Bambu_H2D_1,0948BB5B1600363,RUNNING,2.0,Desconocido,72,2,10,220.0,55.0
2026-10-05T08:33:52.477415,Bambu_H2D_1,0948BB5B1600363,RUNNING,2.0,Desconocido,72,2,10,220.0,55.0
2026-10-05T08:33:53.858626,Bambu_H2D_1,0948BB5B1600363,RUNNING,2.0,Desconocido,73,2,10,220.0,55.0
2026-10-05T08:33:55.083292,Bambu_H2D_1,0948BB5B1600363,RUNNING,2.0,Desconocido,73,2,10,220.0,55.0
2026-10-05T08:33:56.267245,Bambu_H2D_1,0948BB5B1600363,RUNNING,2.0,Desconocido,73,2,10,220.0,55.0
2026-10-05T08:33:57.531976,Bambu_H2D_1,0948BB5B1600363,RUNNING,2.0,Desconocido,73,2,10,220.0,55.0
2026-10-05T08:33:58.827122,Bambu_H2D_1,0948BB5B1600363,RUNNING,2.0,Desconocido,73,2,10,220.0,55.0
2026-10-05T08:34:00.133120,Bambu_H2D_1,0948BB5B1600363,RUNNING,2.0,Desconocido,74,2,10,220.0,55.0
2026-10-05T08:34:01.360154,Bambu_H2D_1,0948BB5B1600363,RUNNING,2.0,Desconocido,74,3,10,220.0,55.0
2026-10-05T08:34:02.626783,Bambu_H2D_1,0948BB5B1600363,RUNNING,2.0,Desconocido,74,3,10,220.0,55.0
2026-10-05T08:34:03.869991,Bambu_H2D_1,0948BB5B1600363,RUNNING,2.0,Desconocido,74,3,10,220.0,55.0
2026-10-05T08:34:05.118831,Bambu_H2D_1,0948BB5B1600363,RUNNING,2.0,Desconocido,74,3,10,220.0,55.0
2026-10-05T08:34:06.562222,Bambu_H2D_1,0948BB5B1600363,RUNNING,2.0,Desconocido,74,3,10,220.0,55.0
2026-10-05T08:34:07.790447,Bambu_H2D_1,0948BB5B1600363,RUNNING,2.0,Desconocido,75,3,10,220.0,55.0
2026-10-05T08:34:09.080885,Bambu_H2D_1,0948BB5B1600363,RUNNING,2.0,Desconocido,75,3,10,220.0,55.0
2026-10-05T08:34:10.356031,Bambu_H2D_1,0948BB5B1600363,RUNNING,2.0,Desconocido,75,3,10,220.0,55.0
2026-10-05T08:34:11.564083,Bambu_H2D_1,0948BB5B1600363,RUNNING,2.0,Desconocido,75,3,10,220.0,55.0
2026-10-05T08:34:12.866934,Bambu_H2D_1,0948BB5B1600363,RUNNING,2.0,Desconocido,76,3,10,220.0,55.0
2026-10-05T08:34:14.249567,Bambu_H2D_1,0948BB5B1600363,RUNNING,2.0,Desconocido,76,3,10,220.0,55.0
2026-10-05T08:34:15.538972,Bambu_H2D_1,0948BB5B1600363,RUNNING,2.0,Desconocido,76,3,10,220.0,55.0
2026-10-05T08:34:16.761398,Bambu_H2D_1,0948BB5B1600363,RUNNING,2.0,Desconocido,76,3,10,220.0,55.0
2026-10-05T08:34:18.100174,Bambu_H2D_1,0948BB5B1600363,RUNNING,2.0,Desconocido,77,3,10,220.0,55.0
2026-10-05T08:34:19.307575,Bambu_H2D_1,0948BB5B1600363,RUNNING,2.0,Desconocido,77,3,10,220.0,55.0
2026-10-05T08:34:20.623051,Bambu_H2D_1,0948BB5B1600363,RUNNING,2.0,Desconocido,77,3,10,220.0,55.0
2026-10-05T08:34:21.964139,Bambu_H2D_1,0948BB5B1600363,RUNNING,2.0,Desconocido,77,3,10,220.0,55.0
2026-10-05T08:34:23.196712,Bambu_H2D_1,0948BB5B1600363,RUNNING,2.0,Desconocido,77,3,10,220.0,55.0
2026-10-05T08:34:24.400014,Bambu_H2D_1,0948BB5B1600363,RUNNING,2.0,Desconocido,77,3,10,220.0,55.0
2026-10-05T08:34:25.637367,Bambu_H2D_1,0948BB5B1600363,RUNNING,2.0,Desconocido,78,3,10,220.0,55.0
2026-10-05T08:34:26.892387,Bambu_H2D_1,0948BB5B1600363,RUNNING,2.0,Desconocido,78,3,10,220.0,55.0
2026-10-05T08:34:28.133535,Bambu_H2D_1,0948BB5B1600363,RUNNING,2.0,Desconocido,78,3,10,220.0,55.0
2026-10-05T08:34:29.437249,Bambu_H2D_1,0948BB5B1600363,RUNNING,2.0,Desconocido,78,3,10,220.0,55.0
2026-10-05T08:34:30.789398,Bambu_H2D_1,0948BB5B1600363,RUNNING,2.0,Desconocido,78,4,10,220.0,55.0
2026-10-05T08:34:32.024333,Bambu_H2D_1,0948BB5B1600363,RUNNING,2.0,Desconocido,79,4,10,220.0,55.0
2026-10-05T08:34:33.273679,Bambu_H2D_1,0948BB5B1600363,RUNNING,2.0,Desconocido,79,4,10,220.0,55.0
2026-10-05T08:34:34.577515,Bambu_H2D_1,0948BB5B1600363,RUNNING,2.0,Desconocido,79,4,10,220.0,55.0
2026-10-05T08:34:35.865593,Bambu_H2D_1,0948BB5B1600363,RUNNING,2.0,Desconocido,79,4,10,220.0,55.0
2026-10-05T08:34:37.124047,Bambu_H2D_1,0948BB5B1600363,RUNNING,2.0,Desconocido,80,4,10,220.0,55.0
2026-10-05T08:34:38.506519,Bambu_H2D_1,0948BB5B1600363,RUNNING,2.0,Desconocido,80,4,10,220.0,55.0
2026-10-05T08:34:39.734335,Bambu_H2D_1,0948BB5B1600363,RUNNING,2.0,Desconocido,80,4,10,220.0,55.0
2026-10-05T08:34:41.067667,Bambu_H2D_1,0948BB5B1600363,RUNNING,2.0,Desconocido,80,4,10,220.0,55.0
2026-10-05T08:34:42.398940,Bambu_H2D_1,0948BB5B1600363,RUNNING,2.0,Desconocido,80,4,10,220.0,55.0
2026-10-05T08:34:43.613278,Bambu_H2D_1,0948BB5B1600363,RUNNING,2.0,Desconocido,81,4,10,220.0,55.0
2026-10-05T08:34:44.846299,Bambu_H2D_1,0948BB5B1600363,RUNNING,2.0,Desconocido,81,4,10,220.0,55.0
2026-10-05T08:34:46.159106,Bambu_H2D_1,0948BB5B1600363,RUNNING,2.0,Desconocido,81,4,10,220.0,55.0
2026-10-05T08:34:47.409062,Bambu_H2D_1,0948BB5B1600363,RUNNING,2.0,Desconocido,81,4,10,220.0,55.0
2026-10-05T08:34:48.682726,Bambu_H2D_1,0948BB5B1600363,RUNNING,2.0,Desconocido,81,4,10,220.0,55.0
2026-10-05T08:34:49.994255,Bambu_H2D_1,0948BB5B1600363,RUNNING,2.0,Desconocido,82,4,10,220.0,55.0
2026-10-05T08:34:51.206698,Bambu_H2D_1,0948BB5B1600363,RUNNING,2.0,Desconocido,82,4,10,220.0,55.0
2026-10-05T08:34:52.481876,Bambu_H2D_1,0948BB5B1600363,RUNNING,2.0,Desconocido,82,5,10,220.0,55.0
2026-10-05T08:34:53.763428,Bambu_H2D_1,0948BB5B1600363,RUNNING,2.0,Desconocido,82,5,10,220.0,55.0
2026-10-05T08:34:54.961074,Bambu_H2D_1,0948BB5B1600363,RUNNING,2.0,Desconocido,83,5,10,220.0,55.0
2026-10-05T08:34:56.238456,Bambu_H2D_1,0948BB5B1600363,RUNNING,2.0,Desconocido,83,5,10,220.0,55.0
2026-10-05T08:34:57.458106,Bambu_H2D_1,0948BB5B1600363,RUNNING,2.0,Desconocido,83,5,10,220.0,55.0
2026-10-05T08:34:58.744931,Bambu_H2D_1,0948BB5B1600363,RUNNING,2.0,Desconocido,83,5,10,220.0,55.0
2026-10-05T08:35:00.059962,Bambu_H2D_1,0948BB5B1600363,RUNNING,2.0,Desconocido,83,5,10,220.0,55.0
2026-10-05T08:35:01.303344,Bambu_H2D_1,0948BB5B1600363,RUNNING,2.0,Desconocido,84,5,10,220.0,55.0
2026-10-05T08:35:02.629122,Bambu_H2D_1,0948BB5B1600363,RUNNING,2.0,Desconocido,84,5,10,220.0,55.0
2026-10-05T08:35:03.837181,Bambu_H2D_1,0948BB5B1600363,RUNNING,2.0,Desconocido,84,5,10,220.0,55.0
2026-10-05T08:35:05.103029,Bambu_H2D_1,0948BB5B1600363,RUNNING,2.0,Desconocido,84,5,10,220.0,55.0
2026-10-05T08:35:06.534891,Bambu_H2D_1,0948BB5B1600363,RUNNING,2.0,Desconocido,85,5,10,220.0,55.0
2026-10-05T08:35:07.781569,Bambu_H2D_1,0948BB5B1600363,RUNNING,2.0,Desconocido,85,5,10,220.0,55.0
2026-10-05T08:35:09.072057,Bambu_H2D_1,0948BB5B1600363,RUNNING,2.0,Desconocido,85,5,10,220.0,55.0
2026-10-05T08:35:10.378562,Bambu_H2D_1,0948BB5B1600363,RUNNING,2.0,Desconocido,85,5,10,220.0,55.0
2026-10-05T08:35:11.619615,Bambu_H2D_1,0948BB5B1600363,RUNNING,2.0,Desconocido,85,5,10,220.0,55.0
2026-10-05T08:35:12.923322,Bambu_H2D_1,0948BB5B1600363,RUNNING,2.0,Desconocido,86,6,10,220.0,55.0
2026-10-05T08:35:14.191822,Bambu_H2D_1,0948BB5B1600363,RUNNING,2.0,Desconocido,86,6,10,220.0,55.0
2026-10-05T08:35:15.521132,Bambu_H2D_1,0948BB5B1600363,RUNNING,2.0,Desconocido,86,6,10,220.0,55.0
2026-10-05T08:35:16.767751,Bambu_H2D_1,0948BB5B1600363,RUNNING,2.0,Desconocido,86,6,10,220.0,55.0
2026-10-05T08:35:18.086216,Bambu_H2D_1,0948BB5B1600363,RUNNING,2.0,Desconocido,87,6,10,219.0,55.0
2026-10-05T08:35:19.288386,Bambu_H2D_1,0948BB5B1600363,RUNNING,2.0,Desconocido,87,6,10,219.0,55.0
2026-10-05T08:35:20.495528,Bambu_H2D_1,0948BB5B1600363,RUNNING,2.0,Desconocido,87,6,10,219.0,55.0
2026-10-05T08:35:21.847577,Bambu_H2D_1,0948BB5B1600363,RUNNING,2.0,Desconocido,87,6,10,219.0,55.0
2026-10-05T08:35:23.120081,Bambu_H2D_1,0948BB5B1600363,RUNNING,2.0,Desconocido,88,6,10,220.0,55.0
2026-10-05T08:35:24.444564,Bambu_H2D_1,0948BB5B1600363,RUNNING,2.0,Desconocido,88,6,10,220.0,55.0
2026-10-05T08:35:25.614123,Bambu_H2D_1,0948BB5B1600363,RUNNING,2.0,Desconocido,88,6,10,220.0,55.0
2026-10-05T08:35:26.934761,Bambu_H2D_1,0948BB5B1600363,RUNNING,2.0,Desconocido,88,6,10,220.0,55.0
2026-10-05T08:35:28.195445,Bambu_H2D_1,0948BB5B1600363,RUNNING,2.0,Desconocido,88,6,10,220.0,55.0
2026-10-05T08:35:29.474030,Bambu_H2D_1,0948BB5B1600363,RUNNING,2.0,Desconocido,89,6,10,220.0,55.0
2026-10-05T08:35:30.856715,Bambu_H2D_1,0948BB5B1600363,RUNNING,2.0,Desconocido,89,6,10,220.0,55.0
2026-10-05T08:35:32.106484,Bambu_H2D_1,0948BB5B1600363,RUNNING,2.0,Desconocido,89,6,10,220.0,55.0
2026-10-05T08:35:33.362440,Bambu_H2D_1,0948BB5B1600363,RUNNING,2.0,Desconocido,89,6,10,220.0,55.0
2026-10-05T08:35:34.749135,Bambu_H2D_1,0948BB5B1600363,RUNNING,2.0,Desconocido,90,7,10,220.0,55.0
2026-10-05T08:35:36.065983,Bambu_H2D_1,0948BB5B1600363,RUNNING,2.0,Desconocido,90,7,10,220.0,55.0
2026-10-05T08:35:37.295488,Bambu_H2D_1,0948BB5B1600363,RUNNING,2.0,Desconocido,90,7,10,220.0,55.0
2026-10-05T08:35:38.713323,Bambu_H2D_1,0948BB5B1600363,RUNNING,2.0,Desconocido,90,7,10,220.0,55.0
2026-10-05T08:35:40.042550,Bambu_H2D_1,0948BB5B1600363,RUNNING,2.0,Desconocido,91,7,10,220.0,55.0
2026-10-05T08:35:41.316836,Bambu_H2D_1,0948BB5B1600363,RUNNING,2.0,Desconocido,91,7,10,220.0,55.0
2026-10-05T08:35:42.554305,Bambu_H2D_1,0948BB5B1600363,RUNNING,2.0,Desconocido,91,7,10,220.0,55.0
2026-10-05T08:35:43.897986,Bambu_H2D_1,0948BB5B1600363,RUNNING,2.0,Desconocido,91,8,10,220.0,55.0
2026-10-05T08:35:45.296774,Bambu_H2D_1,0948BB5B1600363,RUNNING,2.0,Desconocido,91,8,10,220.0,55.0
2026-10-05T08:35:46.684299,Bambu_H2D_1,0948BB5B1600363,RUNNING,2.0,Desconocido,92,8,10,220.0,55.0
2026-10-05T08:35:48.001302,Bambu_H2D_1,0948BB5B1600363,RUNNING,2.0,Desconocido,92,8,10,219.0,55.0
2026-10-05T08:35:49.162698,Bambu_H2D_1,0948BB5B1600363,RUNNING,2.0,Desconocido,92,8,10,219.0,55.0
2026-10-05T08:35:50.606722,Bambu_H2D_1,0948BB5B1600363,RUNNING,2.0,Desconocido,92,8,10,219.0,55.0
2026-10-05T08:35:51.850879,Bambu_H2D_1,0948BB5B1600363,RUNNING,2.0,Desconocido,93,8,10,219.0,55.0
2026-10-05T08:35:53.188729,Bambu_H2D_1,0948BB5B1600363,RUNNING,2.0,Desconocido,93,9,10,220.0,55.0
2026-10-05T08:35:54.598339,Bambu_H2D_1,0948BB5B1600363,RUNNING,2.0,Desconocido,93,9,10,220.0,55.0
2026-10-05T08:35:55.820623,Bambu_H2D_1,0948BB5B1600363,RUNNING,2.0,Desconocido,93,9,10,220.0,55.0
2026-10-05T08:35:57.129122,Bambu_H2D_1,0948BB5B1600363,RUNNING,2.0,Desconocido,94,9,10,220.0,55.0
2026-10-05T08:35:58.427850,Bambu_H2D_1,0948BB5B1600363,RUNNING,2.0,Desconocido,94,9,10,220.0,55.0
2026-10-05T08:35:59.670658,Bambu_H2D_1,0948BB5B1600363,RUNNING,2.0,Desconocido,94,9,10,220.0,55.0
2026-10-05T08:36:01.082552,Bambu_H2D_1,0948BB5B1600363,RUNNING,2.0,Desconocido,94,9,10,220.0,55.0
2026-10-05T08:36:02.421025,Bambu_H2D_1,0948BB5B1600363,RUNNING,2.0,Desconocido,94,10,10,220.0,55.0
2026-10-05T08:36:03.652080,Bambu_H2D_1,0948BB5B1600363,RUNNING,2.0,Desconocido,95,10,10,220.0,55.0
2026-10-05T08:36:04.879412,Bambu_H2D_1,0948BB5B1600363,RUNNING,2.0,Desconocido,95,10,10,220.0,55.0
2026-10-05T08:36:06.124647,Bambu_H2D_1,0948BB5B1600363,RUNNING,2.0,Desconocido,95,10,10,220.0,55.0
2026-10-05T08:36:07.367807,Bambu_H2D_1,0948BB5B1600363,RUNNING,2.0,Desconocido,95,10,10,220.0,55.0
2026-10-05T08:36:08.644483,Bambu_H2D_1,0948BB5B1600363,RUNNING,2.0,Desconocido,95,10,10,220.0,55.0
2026-10-05T08:36:09.916281,Bambu_H2D_1,0948BB5B1600363,RUNNING,2.0,Desconocido,95,10,10,220.0,55.0
2026-10-05T08:36:11.169878,Bambu_H2D_1,0948BB5B1600363,RUNNING,2.0,Desconocido,96,10,10,220.0,55.0
2026-10-05T08:36:12.479323,Bambu_H2D_1,0948BB5B1600363,RUNNING,2.0,Desconocido,96,10,10,220.0,55.0
2026-10-05T08:36:13.812669,Bambu_H2D_1,0948BB5B1600363,RUNNING,2.0,Desconocido,96,10,10,221.0,55.0
2026-10-05T08:36:15.064581,Bambu_H2D_1,0948BB5B1600363,RUNNING,2.0,Desconocido,97,10,10,221.0,55.0
2026-10-05T08:36:16.327214,Bambu_H2D_1,0948BB5B1600363,RUNNING,2.0,Desconocido,97,10,10,220.0,55.0
2026-10-05T08:36:17.613851,Bambu_H2D_1,0948BB5B1600363,RUNNING,2.0,Desconocido,97,10,10,220.0,55.0
2026-10-05T08:36:18.785955,Bambu_H2D_1,0948BB5B1600363,RUNNING,2.0,Desconocido,97,10,10,220.0,55.0
2026-10-05T08:36:20.074248,Bambu_H2D_1,0948BB5B1600363,RUNNING,2.0,Desconocido,98,10,10,220.0,55.0
2026-10-05T08:36:20.522983,Bambu_H2D_1,0948BB5B1600363,,,Desconocido,0,0,0,0.0,0.0
2026-10-05T08:36:20.696990,Bambu_H2D_1,0948BB5B1600363,,,Desconocido,0,0,0,0.0,0.0
2026-10-05T08:36:21.100354,Bambu_H2D_1,0948BB5B1600363,,,Desconocido,0,0,0,0.0,0.0
2026-10-05T08:36:21.812476,Bambu_H2D_1,0948BB5B1600363,RUNNING,2.0,Desconocido,98,10,10,220.0,55.0
2026-10-05T08:36:23.043174,Bambu_H2D_1,0948BB5B1600363,RUNNING,2.0,Desconocido,98,10,10,220.0,55.0
2026-10-05T08:36:24.476450,Bambu_H2D_1,0948BB5B1600363,RUNNING,2.0,Desconocido,98,10,10,220.0,55.0
2026-10-05T08:36:25.741747,Bambu_H2D_1,0948BB5B1600363,RUNNING,2.0,Desconocido,98,10,10,221.0,55.0
2026-10-05T08:36:27.002753,Bambu_H2D_1,0948BB5B1600363,RUNNING,2.0,Desconocido,98,10,10,221.0,55.0
2026-10-05T08:36:28.263569,Bambu_H2D_1,0948BB5B1600363,RUNNING,2.0,Desconocido,98,10,10,222.0,55.0
2026-10-05T08:36:29.470043,Bambu_H2D_1,0948BB5B1600363,RUNNING,2.0,Desconocido,98,10,10,222.0,55.0
2026-10-05T08:36:30.787160,Bambu_H2D_1,0948BB5B1600363,RUNNING,2.0,Desconocido,98,10,10,222.0,55.0
2026-10-05T08:36:32.210812,Bambu_H2D_1,0948BB5B1600363,RUNNING,2.0,Desconocido,98,10,10,221.0,55.0
2026-10-05T08:36:33.382890,Bambu_H2D_1,0948BB5B1600363,RUNNING,2.0,Desconocido,98,10,10,221.0,55.0
2026-10-05T08:36:34.620032,Bambu_H2D_1,0948BB5B1600363,RUNNING,2.0,Desconocido,98,10,10,221.0,55.0
2026-10-05T08:36:35.864456,Bambu_H2D_1,0948BB5B1600363,RUNNING,2.0,Desconocido,98,10,10,221.0,55.0
2026-10-05T08:36:37.104841,Bambu_H2D_1,0948BB5B1600363,RUNNING,2.0,Desconocido,98,10,10,220.0,55.0
2026-10-05T08:36:38.335567,Bambu_H2D_1,0948BB5B1600363,RUNNING,2.0,Desconocido,98,10,10,220.0,55.0
2026-10-05T08:36:39.688557,Bambu_H2D_1,0948BB5B1600363,RUNNING,2.0,Desconocido,98,10,10,220.0,54.0
2026-10-05T08:36:40.976110,Bambu_H2D_1,0948BB5B1600363,RUNNING,2.0,Desconocido,98,10,10,220.0,54.0
2026-10-05T08:36:42.152579,Bambu_H2D_1,0948BB5B1600363,RUNNING,2.0,Desconocido,98,10,10,220.0,54.0
2026-10-05T08:36:43.405026,Bambu_H2D_1,0948BB5B1600363,RUNNING,2.0,Desconocido,98,10,10,220.0,54.0
2026-10-05T08:36:44.563199,Bambu_H2D_1,0948BB5B1600363,RUNNING,2.0,Desconocido,98,10,10,220.0,54.0
2026-10-05T08:36:45.759973,Bambu_H2D_1,0948BB5B1600363,RUNNING,2.0,Desconocido,98,10,10,220.0,54.0
2026-10-05T08:36:46.995568,Bambu_H2D_1,0948BB5B1600363,RUNNING,2.0,Desconocido,98,10,10,220.0,54.0
2026-10-05T08:36:48.312649,Bambu_H2D_1,0948BB5B1600363,RUNNING,2.0,Desconocido,98,10,10,220.0,54.0
2026-10-05T08:36:49.929176,Bambu_H2D_1,0948BB5B1600363,RUNNING,2.0,Desconocido,98,10,10,220.0,54.0
2026-10-05T08:36:51.280704,Bambu_H2D_1,0948BB5B1600363,RUNNING,2.0,Desconocido,98,10,10,220.0,54.0
2026-10-05T08:36:52.620755,Bambu_H2D_1,0948BB5B1600363,RUNNING,2.0,Desconocido,98,10,10,219.0,54.0
2026-10-05T08:36:54.027315,Bambu_H2D_1,0948BB5B1600363,RUNNING,2.0,Desconocido,98,10,10,218.0,54.0
2026-10-05T08:36:55.344123,Bambu_H2D_1,0948BB5B1600363,RUNNING,2.0,Desconocido,98,10,10,217.0,54.0
2026-10-05T08:36:56.731147,Bambu_H2D_1,0948BB5B1600363,RUNNING,2.0,Desconocido,98,10,10,216.0,54.0
2026-10-05T08:36:58.116951,Bambu_H2D_1,0948BB5B1600363,RUNNING,2.0,Desconocido,98,10,10,214.0,53.0
2026-10-05T08:36:59.469806,Bambu_H2D_1,0948BB5B1600363,RUNNING,2.0,Desconocido,98,10,10,213.0,53.0
2026-10-05T08:37:01.024634,Bambu_H2D_1,0948BB5B1600363,RUNNING,2.0,Desconocido,98,10,10,212.0,53.0
2026-10-05T08:37:02.361069,Bambu_H2D_1,0948BB5B1600363,RUNNING,2.0,Desconocido,98,10,10,209.0,53.0
2026-10-05T08:37:03.763295,Bambu_H2D_1,0948BB5B1600363,RUNNING,2.0,Desconocido,98,10,10,208.0,53.0
2026-10-05T08:37:05.109604,Bambu_H2D_1,0948BB5B1600363,RUNNING,2.0,Desconocido,98,10,10,206.0,53.0
2026-10-05T08:37:06.567224,Bambu_H2D_1,0948BB5B1600363,RUNNING,2.0,Desconocido,98,10,10,205.0,53.0
2026-10-05T08:37:07.830497,Bambu_H2D_1,0948BB5B1600363,RUNNING,2.0,Desconocido,98,10,10,204.0,53.0
2026-10-05T08:37:09.210717,Bambu_H2D_1,0948BB5B1600363,RUNNING,2.0,Desconocido,98,10,10,202.0,53.0
2026-10-05T08:37:10.609393,Bambu_H2D_1,0948BB5B1600363,RUNNING,2.0,Desconocido,98,10,10,201.0,53.0
2026-10-05T08:37:11.967817,Bambu_H2D_1,0948BB5B1600363,RUNNING,2.0,Desconocido,98,10,10,199.0,53.0
2026-10-05T08:37:13.391899,Bambu_H2D_1,0948BB5B1600363,RUNNING,2.0,Desconocido,98,10,10,198.0,53.0
2026-10-05T08:37:14.751727,Bambu_H2D_1,0948BB5B1600363,RUNNING,2.0,Desconocido,98,10,10,197.0,53.0
2026-10-05T08:37:16.080648,Bambu_H2D_1,0948BB5B1600363,RUNNING,2.0,Desconocido,98,10,10,195.0,53.0
2026-10-05T08:37:17.630582,Bambu_H2D_1,0948BB5B1600363,RUNNING,2.0,Desconocido,98,10,10,194.0,53.0
2026-10-05T08:37:18.982720,Bambu_H2D_1,0948BB5B1600363,RUNNING,2.0,Desconocido,98,10,10,192.0,53.0
2026-10-05T08:37:20.371333,Bambu_H2D_1,0948BB5B1600363,RUNNING,2.0,Desconocido,98,10,10,191.0,53.0
2026-10-05T08:37:21.930512,Bambu_H2D_1,0948BB5B1600363,RUNNING,2.0,Desconocido,98,10,10,190.0,53.0
2026-10-05T08:37:23.657569,Bambu_H2D_1,0948BB5B1600363,FINISH,1.0,Desconocido,100,10,10,188.0,53.0
2026-10-05T08:37:25.024539,Bambu_H2D_1,0948BB5B1600363,FINISH,1.0,Desconocido,100,10,10,186.0,53.0
2026-10-05T08:37:26.396297,Bambu_H2D_1,0948BB5B1600363,FINISH,1.0,Desconocido,100,10,10,185.0,53.0
2026-10-05T08:37:27.797530,Bambu_H2D_1,0948BB5B1600363,FINISH,1.0,Desconocido,100,10,10,184.0,53.0
2026-10-05T08:37:29.211986,Bambu_H2D_1,0948BB5B1600363,FINISH,1.0,Desconocido,100,10,10,182.0,52.0
2026-10-05T08:37:30.571791,Bambu_H2D_1,0948BB5B1600363,FINISH,1.0,Desconocido,100,10,10,181.0,52.0
2026-10-05T08:37:31.987636,Bambu_H2D_1,0948BB5B1600363,FINISH,1.0,Desconocido,100,10,10,180.0,52.0
2026-10-05T08:37:33.525518,Bambu_H2D_1,0948BB5B1600363,FINISH,1.0,Desconocido,100,10,10,179.0,52.0
2026-10-05T08:37:34.886937,Bambu_H2D_1,0948BB5B1600363,FINISH,1.0,Desconocido,100,10,10,177.0,52.0
2026-10-05T08:37:36.184832,Bambu_H2D_1,0948BB5B1600363,FINISH,1.0,Desconocido,100,10,10,176.0,52.0
2026-10-05T08:37:37.561047,Bambu_H2D_1,0948BB5B1600363,FINISH,1.0,Desconocido,100,10,10,175.0,52.0
2026-10-05T08:37:39.069301,Bambu_H2D_1,0948BB5B1600363,FINISH,1.0,Desconocido,100,10,10,174.0,52.0
2026-10-05T08:37:40.361192,Bambu_H2D_1,0948BB5B1600363,FINISH,1.0,Desconocido,100,10,10,173.0,52.0
2026-10-05T08:37:41.717634,Bambu_H2D_1,0948BB5B1600363,FINISH,1.0,Desconocido,100,10,10,172.0,52.0
2026-10-05T08:37:43.217092,Bambu_H2D_1,0948BB5B1600363,FINISH,1.0,Desconocido,100,10,10,170.0,52.0
2026-10-05T08:37:44.607155,Bambu_H2D_1,0948BB5B1600363,FINISH,1.0,Desconocido,100,10,10,170.0,52.0
2026-10-05T08:37:45.993792,Bambu_H2D_1,0948BB5B1600363,FINISH,1.0,Desconocido,100,10,10,168.0,52.0
2026-10-05T08:37:47.371959,Bambu_H2D_1,0948BB5B1600363,FINISH,1.0,Desconocido,100,10,10,167.0,52.0
2026-10-05T08:37:48.715515,Bambu_H2D_1,0948BB5B1600363,FINISH,1.0,Desconocido,100,10,10,167.0,52.0
2026-10-05T08:37:50.051316,Bambu_H2D_1,0948BB5B1600363,FINISH,1.0,Desconocido,100,10,10,165.0,52.0
2026-10-05T08:37:51.555555,Bambu_H2D_1,0948BB5B1600363,FINISH,1.0,Desconocido,100,10,10,164.0,52.0
2026-10-05T08:37:52.975981,Bambu_H2D_1,0948BB5B1600363,FINISH,1.0,Desconocido,100,10,10,163.0,52.0
2026-10-05T08:37:54.304258,Bambu_H2D_1,0948BB5B1600363,FINISH,1.0,Desconocido,100,10,10,162.0,52.0
2026-10-05T08:37:55.748261,Bambu_H2D_1,0948BB5B1600363,FINISH,1.0,Desconocido,100,10,10,161.0,52.0
2026-10-05T08:37:57.067660,Bambu_H2D_1,0948BB5B1600363,FINISH,1.0,Desconocido,100,10,10,160.0,52.0
2026-10-05T08:37:58.483917,Bambu_H2D_1,0948BB5B1600363,FINISH,1.0,Desconocido,100,10,10,159.0,52.0
2026-10-05T08:37:59.946344,Bambu_H2D_1,0948BB5B1600363,FINISH,1.0,Desconocido,100,10,10,159.0,52.0
2026-10-05T08:38:01.308213,Bambu_H2D_1,0948BB5B1600363,FINISH,1.0,Desconocido,100,10,10,157.0,52.0
2026-10-05T08:38:02.621477,Bambu_H2D_1,0948BB5B1600363,FINISH,1.0,Desconocido,100,10,10,157.0,52.0
2026-10-05T08:38:04.076852,Bambu_H2D_1,0948BB5B1600363,FINISH,1.0,Desconocido,100,10,10,155.0,52.0
2026-10-05T08:38:05.483236,Bambu_H2D_1,0948BB5B1600363,FINISH,1.0,Desconocido,100,10,10,155.0,52.0
2026-10-05T08:38:06.824421,Bambu_H2D_1,0948BB5B1600363,FINISH,1.0,Desconocido,100,10,10,154.0,52.0
2026-10-05T08:38:08.217726,Bambu_H2D_1,0948BB5B1600363,FINISH,1.0,Desconocido,100,10,10,153.0,51.0
2026-10-05T08:38:09.581669,Bambu_H2D_1,0948BB5B1600363,FINISH,1.0,Desconocido,100,10,10,152.0,51.0
2026-10-05T08:38:11.037966,Bambu_H2D_1,0948BB5B1600363,FINISH,1.0,Desconocido,100,10,10,151.0,51.0
2026-10-05T08:38:12.489188,Bambu_H2D_1,0948BB5B1600363,FINISH,1.0,Desconocido,100,10,10,150.0,51.0
2026-10-05T08:38:13.891043,Bambu_H2D_1,0948BB5B1600363,FINISH,1.0,Desconocido,100,10,10,150.0,51.0
2026-10-05T08:38:15.215760,Bambu_H2D_1,0948BB5B1600363,FINISH,1.0,Desconocido,100,10,10,148.0,51.0
2026-10-05T08:38:16.571780,Bambu_H2D_1,0948BB5B1600363,FINISH,1.0,Desconocido,100,10,10,148.0,51.0
2026-10-05T08:38:17.904225,Bambu_H2D_1,0948BB5B1600363,FINISH,1.0,Desconocido,100,10,10,147.0,51.0
2026-10-05T08:38:19.313201,Bambu_H2D_1,0948BB5B1600363,FINISH,1.0,Desconocido,100,10,10,146.0,51.0
2026-10-05T08:38:20.660406,Bambu_H2D_1,0948BB5B1600363,FINISH,1.0,Desconocido,100,10,10,145.0,51.0
2026-10-05T08:38:22.033602,Bambu_H2D_1,0948BB5B1600363,FINISH,1.0,Desconocido,100,10,10,144.0,51.0
2026-10-05T08:38:23.359643,Bambu_H2D_1,0948BB5B1600363,FINISH,1.0,Desconocido,100,10,10,144.0,51.0
2026-10-05T08:38:24.717221,Bambu_H2D_1,0948BB5B1600363,FINISH,1.0,Desconocido,100,10,10,143.0,51.0
2026-10-05T08:38:26.115363,Bambu_H2D_1,0948BB5B1600363,FINISH,1.0,Desconocido,100,10,10,142.0,51.0
2026-10-05T08:38:27.461912,Bambu_H2D_1,0948BB5B1600363,FINISH,1.0,Desconocido,100,10,10,141.0,51.0
2026-10-05T08:38:28.806881,Bambu_H2D_1,0948BB5B1600363,FINISH,1.0,Desconocido,100,10,10,141.0,51.0
2026-10-05T08:38:30.178410,Bambu_H2D_1,0948BB5B1600363,FINISH,1.0,Desconocido,100,10,10,140.0,51.0
2026-10-05T08:38:31.590667,Bambu_H2D_1,0948BB5B1600363,FINISH,1.0,Desconocido,100,10,10,139.0,51.0
2026-10-05T08:38:32.997025,Bambu_H2D_1,0948BB5B1600363,FINISH,1.0,Desconocido,100,10,10,138.0,51.0
2026-10-05T08:38:34.405260,Bambu_H2D_1,0948BB5B1600363,FINISH,1.0,Desconocido,100,10,10,138.0,51.0
2026-10-05T08:38:35.777036,Bambu_H2D_1,0948BB5B1600363,FINISH,1.0,Desconocido,100,10,10,137.0,51.0
2026-10-05T08:38:37.121731,Bambu_H2D_1,0948BB5B1600363,FINISH,1.0,Desconocido,100,10,10,136.0,51.0
2026-10-05T08:38:38.536527,Bambu_H2D_1,0948BB5B1600363,FINISH,1.0,Desconocido,100,10,10,135.0,51.0
2026-10-05T08:38:39.987373,Bambu_H2D_1,0948BB5B1600363,FINISH,1.0,Desconocido,100,10,10,135.0,51.0
2026-10-05T08:38:41.325881,Bambu_H2D_1,0948BB5B1600363,FINISH,1.0,Desconocido,100,10,10,134.0,51.0
2026-10-05T08:38:42.680619,Bambu_H2D_1,0948BB5B1600363,FINISH,1.0,Desconocido,100,10,10,133.0,51.0
2026-10-05T08:38:44.062803,Bambu_H2D_1,0948BB5B1600363,FINISH,1.0,Desconocido,100,10,10,132.0,51.0
2026-10-05T08:38:45.422208,Bambu_H2D_1,0948BB5B1600363,FINISH,1.0,Desconocido,100,10,10,132.0,51.0
2026-10-05T08:38:46.848546,Bambu_H2D_1,0948BB5B1600363,FINISH,1.0,Desconocido,100,10,10,131.0,51.0
2026-10-05T08:38:48.179684,Bambu_H2D_1,0948BB5B1600363,FINISH,1.0,Desconocido,100,10,10,130.0,51.0
2026-10-05T08:38:49.510927,Bambu_H2D_1,0948BB5B1600363,FINISH,1.0,Desconocido,100,10,10,130.0,50.0
2026-10-05T08:38:51.004634,Bambu_H2D_1,0948BB5B1600363,FINISH,1.0,Desconocido,100,10,10,129.0,50.0
2026-10-05T08:38:52.445574,Bambu_H2D_1,0948BB5B1600363,FINISH,1.0,Desconocido,100,10,10,128.0,50.0
2026-10-05T08:38:53.859099,Bambu_H2D_1,0948BB5B1600363,FINISH,1.0,Desconocido,100,10,10,128.0,50.0
2026-10-05T08:38:55.190933,Bambu_H2D_1,0948BB5B1600363,FINISH,1.0,Desconocido,100,10,10,127.0,50.0
2026-10-05T08:38:56.553213,Bambu_H2D_1,0948BB5B1600363,FINISH,1.0,Desconocido,100,10,10,126.0,50.0
2026-10-05T08:38:57.895159,Bambu_H2D_1,0948BB5B1600363,FINISH,1.0,Desconocido,100,10,10,125.0,50.0
2026-10-05T08:38:59.320570,Bambu_H2D_1,0948BB5B1600363,FINISH,1.0,Desconocido,100,10,10,125.0,50.0
2026-10-05T08:39:00.743224,Bambu_H2D_1,0948BB5B1600363,FINISH,1.0,Desconocido,100,10,10,125.0,50.0
2026-10-05T08:39:02.073364,Bambu_H2D_1,0948BB5B1600363,FINISH,1.0,Desconocido,100,10,10,124.0,50.0
2026-10-05T08:39:03.429754,Bambu_H2D_1,0948BB5B1600363,FINISH,1.0,Desconocido,100,10,10,123.0,50.0
2026-10-05T08:39:04.789183,Bambu_H2D_1,0948BB5B1600363,FINISH,1.0,Desconocido,100,10,10,123.0,50.0
2026-10-05T08:39:06.163683,Bambu_H2D_1,0948BB5B1600363,FINISH,1.0,Desconocido,100,10,10,122.0,50.0
2026-10-05T08:39:07.585816,Bambu_H2D_1,0948BB5B1600363,FINISH,1.0,Desconocido,100,10,10,121.0,50.0
2026-10-05T08:39:08.919530,Bambu_H2D_1,0948BB5B1600363,FINISH,1.0,Desconocido,100,10,10,120.0,50.0
2026-10-05T08:39:10.277081,Bambu_H2D_1,0948BB5B1600363,FINISH,1.0,Desconocido,100,10,10,120.0,50.0
2026-10-05T08:39:11.694562,Bambu_H2D_1,0948BB5B1600363,FINISH,1.0,Desconocido,100,10,10,120.0,50.0
2026-10-05T08:39:13.043306,Bambu_H2D_1,0948BB5B1600363,FINISH,1.0,Desconocido,100,10,10,119.0,50.0
2026-10-05T08:39:14.400523,Bambu_H2D_1,0948BB5B1600363,FINISH,1.0,Desconocido,100,10,10,118.0,50.0
2026-10-05T08:39:15.821892,Bambu_H2D_1,0948BB5B1600363,FINISH,1.0,Desconocido,100,10,10,118.0,50.0
2026-10-05T08:39:17.213273,Bambu_H2D_1,0948BB5B1600363,FINISH,1.0,Desconocido,100,10,10,117.0,50.0
2026-10-05T08:39:18.561446,Bambu_H2D_1,0948BB5B1600363,FINISH,1.0,Desconocido,100,10,10,117.0,50.0
2026-10-05T08:39:20.046276,Bambu_H2D_1,0948BB5B1600363,FINISH,1.0,Desconocido,100,10,10,116.0,50.0
2026-10-05T08:39:21.355371,Bambu_H2D_1,0948BB5B1600363,FINISH,1.0,Desconocido,100,10,10,115.0,50.0
2026-10-05T08:39:22.792307,Bambu_H2D_1,0948BB5B1600363,FINISH,1.0,Desconocido,100,10,10,115.0,50.0
2026-10-05T08:39:24.146621,Bambu_H2D_1,0948BB5B1600363,FINISH,1.0,Desconocido,100,10,10,114.0,50.0
2026-10-05T08:39:25.473111,Bambu_H2D_1,0948BB5B1600363,FINISH,1.0,Desconocido,100,10,10,114.0,50.0
2026-10-05T08:39:26.898704,Bambu_H2D_1,0948BB5B1600363,FINISH,1.0,Desconocido,100,10,10,113.0,50.0
2026-10-05T08:39:28.267558,Bambu_H2D_1,0948BB5B1600363,FINISH,1.0,Desconocido,100,10,10,112.0,50.0
2026-10-05T08:39:29.634166,Bambu_H2D_1,0948BB5B1600363,FINISH,1.0,Desconocido,100,10,10,112.0,50.0
2026-10-05T08:39:31.024619,Bambu_H2D_1,0948BB5B1600363,FINISH,1.0,Desconocido,100,10,10,111.0,50.0
2026-10-05T08:39:32.406679,Bambu_H2D_1,0948BB5B1600363,FINISH,1.0,Desconocido,100,10,10,111.0,50.0
2026-10-05T08:39:33.805356,Bambu_H2D_1,0948BB5B1600363,FINISH,1.0,Desconocido,100,10,10,110.0,50.0
2026-10-05T08:39:35.155257,Bambu_H2D_1,0948BB5B1600363,FINISH,1.0,Desconocido,100,10,10,110.0,49.0
2026-10-05T08:39:36.494489,Bambu_H2D_1,0948BB5B1600363,FINISH,1.0,Desconocido,100,10,10,109.0,49.0
2026-10-05T08:39:37.875617,Bambu_H2D_1,0948BB5B1600363,FINISH,1.0,Desconocido,100,10,10,109.0,49.0
2026-10-05T08:39:39.186678,Bambu_H2D_1,0948BB5B1600363,FINISH,1.0,Desconocido,100,10,10,108.0,49.0
2026-10-05T08:39:40.689726,Bambu_H2D_1,0948BB5B1600363,FINISH,1.0,Desconocido,100,10,10,108.0,49.0
2026-10-05T08:39:41.976736,Bambu_H2D_1,0948BB5B1600363,FINISH,1.0,Desconocido,100,10,10,107.0,49.0
2026-10-05T08:39:43.364357,Bambu_H2D_1,0948BB5B1600363,FINISH,1.0,Desconocido,100,10,10,107.0,49.0
2026-10-05T08:39:44.726975,Bambu_H2D_1,0948BB5B1600363,FINISH,1.0,Desconocido,100,10,10,106.0,49.0
2026-10-05T08:39:46.080496,Bambu_H2D_1,0948BB5B1600363,FINISH,1.0,Desconocido,100,10,10,106.0,49.0
2026-10-05T08:39:47.556315,Bambu_H2D_1,0948BB5B1600363,FINISH,1.0,Desconocido,100,10,10,105.0,49.0
2026-10-05T08:39:48.904635,Bambu_H2D_1,0948BB5B1600363,FINISH,1.0,Desconocido,100,10,10,104.0,49.0
2026-10-05T08:39:50.255726,Bambu_H2D_1,0948BB5B1600363,FINISH,1.0,Desconocido,100,10,10,104.0,49.0
2026-10-05T08:39:51.693405,Bambu_H2D_1,0948BB5B1600363,FINISH,1.0,Desconocido,100,10,10,104.0,49.0
2026-10-05T08:39:53.098432,Bambu_H2D_1,0948BB5B1600363,FINISH,1.0,Desconocido,100,10,10,103.0,49.0
2026-10-05T08:39:54.510028,Bambu_H2D_1,0948BB5B1600363,FINISH,1.0,Desconocido,100,10,10,103.0,49.0
2026-10-05T08:39:55.918899,Bambu_H2D_1,0948BB5B1600363,FINISH,1.0,Desconocido,100,10,10,102.0,49.0
2026-10-05T08:39:57.327717,Bambu_H2D_1,0948BB5B1600363,FINISH,1.0,Desconocido,100,10,10,102.0,49.0
2026-10-05T08:39:58.639807,Bambu_H2D_1,0948BB5B1600363,FINISH,1.0,Desconocido,100,10,10,101.0,49.0
2026-10-05T08:40:00.059739,Bambu_H2D_1,0948BB5B1600363,FINISH,1.0,Desconocido,100,10,10,101.0,49.0
2026-10-05T08:40:01.469451,Bambu_H2D_1,0948BB5B1600363,FINISH,1.0,Desconocido,100,10,10,100.0,49.0
2026-10-05T08:40:02.848812,Bambu_H2D_1,0948BB5B1600363,FINISH,1.0,Desconocido,100,10,10,100.0,49.0
2026-10-05T08:40:04.244909,Bambu_H2D_1,0948BB5B1600363,FINISH,1.0,Desconocido,100,10,10,99.0,49.0
2026-10-05T08:40:05.607872,Bambu_H2D_1,0948BB5B1600363,FINISH,1.0,Desconocido,100,10,10,99.0,49.0
2026-10-05T08:40:07.042657,Bambu_H2D_1,0948BB5B1600363,FINISH,1.0,Desconocido,100,10,10,98.0,49.0
2026-10-05T08:40:08.513976,Bambu_H2D_1,0948BB5B1600363,FINISH,1.0,Desconocido,100,10,10,98.0,49.0
2026-10-05T08:40:09.865969,Bambu_H2D_1,0948BB5B1600363,FINISH,1.0,Desconocido,100,10,10,98.0,49.0
2026-10-05T08:40:11.207842,Bambu_H2D_1,0948BB5B1600363,FINISH,1.0,Desconocido,100,10,10,97.0,49.0
2026-10-05T08:40:12.578261,Bambu_H2D_1,0948BB5B1600363,FINISH,1.0,Desconocido,100,10,10,97.0,49.0
2026-10-05T08:40:14.011319,Bambu_H2D_1,0948BB5B1600363,FINISH,1.0,Desconocido,100,10,10,96.0,49.0
2026-10-05T08:40:15.325664,Bambu_H2D_1,0948BB5B1600363,FINISH,1.0,Desconocido,100,10,10,96.0,49.0
2026-10-05T08:40:16.680272,Bambu_H2D_1,0948BB5B1600363,FINISH,1.0,Desconocido,100,10,10,95.0,49.0
2026-10-05T08:40:18.052518,Bambu_H2D_1,0948BB5B1600363,FINISH,1.0,Desconocido,100,10,10,95.0,49.0
2026-10-05T08:40:19.411939,Bambu_H2D_1,0948BB5B1600363,FINISH,1.0,Desconocido,100,10,10,94.0,49.0
2026-10-05T08:40:20.835530,Bambu_H2D_1,0948BB5B1600363,FINISH,1.0,Desconocido,100,10,10,94.0,49.0
2026-10-05T08:40:22.146469,Bambu_H2D_1,0948BB5B1600363,FINISH,1.0,Desconocido,100,10,10,94.0,48.0
2026-10-05T08:40:23.515632,Bambu_H2D_1,0948BB5B1600363,FINISH,1.0,Desconocido,100,10,10,93.0,48.0
2026-10-05T08:40:24.908563,Bambu_H2D_1,0948BB5B1600363,FINISH,1.0,Desconocido,100,10,10,93.0,48.0
2026-10-05T08:40:26.204606,Bambu_H2D_1,0948BB5B1600363,FINISH,1.0,Desconocido,100,10,10,92.0,48.0
2026-10-05T08:40:27.697835,Bambu_H2D_1,0948BB5B1600363,FINISH,1.0,Desconocido,100,10,10,92.0,48.0
2026-10-05T08:40:29.026938,Bambu_H2D_1,0948BB5B1600363,FINISH,1.0,Desconocido,100,10,10,91.0,48.0
2026-10-05T08:40:30.389662,Bambu_H2D_1,0948BB5B1600363,FINISH,1.0,Desconocido,100,10,10,91.0,48.0
2026-10-05T08:40:31.818311,Bambu_H2D_1,0948BB5B1600363,FINISH,1.0,Desconocido,100,10,10,91.0,48.0
2026-10-05T08:40:33.156186,Bambu_H2D_1,0948BB5B1600363,FINISH,1.0,Desconocido,100,10,10,90.0,48.0
2026-10-05T08:40:34.547779,Bambu_H2D_1,0948BB5B1600363,FINISH,1.0,Desconocido,100,10,10,90.0,48.0
2026-10-05T08:40:36.000606,Bambu_H2D_1,0948BB5B1600363,FINISH,1.0,Desconocido,100,10,10,89.0,48.0
2026-10-05T08:40:37.294080,Bambu_H2D_1,0948BB5B1600363,FINISH,1.0,Desconocido,100,10,10,89.0,48.0
2026-10-05T08:40:38.675083,Bambu_H2D_1,0948BB5B1600363,FINISH,1.0,Desconocido,100,10,10,89.0,48.0
2026-10-05T08:40:40.108120,Bambu_H2D_1,0948BB5B1600363,FINISH,1.0,Desconocido,100,10,10,88.0,48.0
2026-10-05T08:40:41.602077,Bambu_H2D_1,0948BB5B1600363,FINISH,1.0,Desconocido,100,10,10,88.0,48.0
2026-10-05T08:40:42.876729,Bambu_H2D_1,0948BB5B1600363,FINISH,1.0,Desconocido,100,10,10,88.0,48.0
2026-10-05T08:40:44.323608,Bambu_H2D_1,0948BB5B1600363,FINISH,1.0,Desconocido,100,10,10,87.0,48.0
2026-10-05T08:40:45.646239,Bambu_H2D_1,0948BB5B1600363,FINISH,1.0,Desconocido,100,10,10,87.0,48.0
2026-10-05T08:40:47.043241,Bambu_H2D_1,0948BB5B1600363,FINISH,1.0,Desconocido,100,10,10,86.0,48.0
2026-10-05T08:40:48.498923,Bambu_H2D_1,0948BB5B1600363,FINISH,1.0,Desconocido,100,10,10,86.0,48.0
2026-10-05T08:40:49.877712,Bambu_H2D_1,0948BB5B1600363,FINISH,1.0,Desconocido,100,10,10,86.0,48.0
2026-10-05T08:40:51.388144,Bambu_H2D_1,0948BB5B1600363,FINISH,1.0,Desconocido,100,10,10,85.0,48.0
2026-10-05T08:40:52.821972,Bambu_H2D_1,0948BB5B1600363,FINISH,1.0,Desconocido,100,10,10,85.0,48.0
2026-10-05T08:40:54.255384,Bambu_H2D_1,0948BB5B1600363,FINISH,1.0,Desconocido,100,10,10,85.0,48.0
2026-10-05T08:40:55.625428,Bambu_H2D_1,0948BB5B1600363,FINISH,1.0,Desconocido,100,10,10,84.0,48.0
2026-10-05T08:40:57.071959,Bambu_H2D_1,0948BB5B1600363,FINISH,1.0,Desconocido,100,10,10,84.0,48.0
2026-10-05T08:40:58.419123,Bambu_H2D_1,0948BB5B1600363,FINISH,1.0,Desconocido,100,10,10,84.0,48.0
2026-10-05T08:40:59.779396,Bambu_H2D_1,0948BB5B1600363,FINISH,1.0,Desconocido,100,10,10,83.0,48.0
2026-10-05T08:41:01.286678,Bambu_H2D_1,0948BB5B1600363,FINISH,1.0,Desconocido,100,10,10,83.0,48.0
2026-10-05T08:41:02.685985,Bambu_H2D_1,0948BB5B1600363,FINISH,1.0,Desconocido,100,10,10,83.0,48.0
2026-10-05T08:41:04.000690,Bambu_H2D_1,0948BB5B1600363,FINISH,1.0,Desconocido,100,10,10,82.0,48.0
2026-10-05T08:41:05.431360,Bambu_H2D_1,0948BB5B1600363,FINISH,1.0,Desconocido,100,10,10,82.0,48.0
2026-10-05T08:41:06.775654,Bambu_H2D_1,0948BB5B1600363,FINISH,1.0,Desconocido,100,10,10,82.0,48.0
2026-10-05T08:41:08.214972,Bambu_H2D_1,0948BB5B1600363,FINISH,1.0,Desconocido,100,10,10,81.0,48.0
2026-10-05T08:41:09.650722,Bambu_H2D_1,0948BB5B1600363,FINISH,1.0,Desconocido,100,10,10,81.0,48.0
2026-10-05T08:41:11.060923,Bambu_H2D_1,0948BB5B1600363,FINISH,1.0,Desconocido,100,10,10,80.0,48.0
2026-10-05T08:41:12.435986,Bambu_H2D_1,0948BB5B1600363,FINISH,1.0,Desconocido,100,10,10,80.0,48.0
2026-10-05T08:41:13.828102,Bambu_H2D_1,0948BB5B1600363,FINISH,1.0,Desconocido,100,10,10,80.0,48.0
2026-10-05T08:41:15.240208,Bambu_H2D_1,0948BB5B1600363,FINISH,1.0,Desconocido,100,10,10,79.0,48.0
2026-10-05T08:41:16.592400,Bambu_H2D_1,0948BB5B1600363,FINISH,1.0,Desconocido,100,10,10,79.0,47.0
2026-10-05T08:41:18.017945,Bambu_H2D_1,0948BB5B1600363,FINISH,1.0,Desconocido,100,10,10,79.0,47.0
2026-10-05T08:41:19.402441,Bambu_H2D_1,0948BB5B1600363,FINISH,1.0,Desconocido,100,10,10,79.0,47.0
2026-10-05T08:41:20.777346,Bambu_H2D_1,0948BB5B1600363,FINISH,1.0,Desconocido,100,10,10,78.0,47.0
2026-10-05T08:41:22.226375,Bambu_H2D_1,0948BB5B1600363,FINISH,1.0,Desconocido,100,10,10,78.0,47.0
2026-10-05T08:41:23.610089,Bambu_H2D_1,0948BB5B1600363,FINISH,1.0,Desconocido,100,10,10,78.0,47.0
2026-10-05T08:41:24.930964,Bambu_H2D_1,0948BB5B1600363,FINISH,1.0,Desconocido,100,10,10,77.0,47.0
2026-10-05T08:41:26.286571,Bambu_H2D_1,0948BB5B1600363,FINISH,1.0,Desconocido,100,10,10,77.0,47.0
2026-10-05T08:41:27.649164,Bambu_H2D_1,0948BB5B1600363,FINISH,1.0,Desconocido,100,10,10,77.0,47.0
2026-10-05T08:41:29.063941,Bambu_H2D_1,0948BB5B1600363,FINISH,1.0,Desconocido,100,10,10,76.0,47.0
2026-10-05T08:41:30.385794,Bambu_H2D_1,0948BB5B1600363,FINISH,1.0,Desconocido,100,10,10,76.0,47.0
2026-10-05T08:41:31.763439,Bambu_H2D_1,0948BB5B1600363,FINISH,1.0,Desconocido,100,10,10,76.0,47.0
2026-10-05T08:41:33.124869,Bambu_H2D_1,0948BB5B1600363,FINISH,1.0,Desconocido,100,10,10,75.0,47.0
2026-10-05T08:41:34.519072,Bambu_H2D_1,0948BB5B1600363,FINISH,1.0,Desconocido,100,10,10,75.0,47.0
2026-10-05T08:41:35.923930,Bambu_H2D_1,0948BB5B1600363,FINISH,1.0,Desconocido,100,10,10,75.0,47.0
2026-10-05T08:41:37.269004,Bambu_H2D_1,0948BB5B1600363,FINISH,1.0,Desconocido,100,10,10,75.0,47.0
2026-10-05T08:41:38.593396,Bambu_H2D_1,0948BB5B1600363,FINISH,1.0,Desconocido,100,10,10,74.0,47.0
2026-10-05T08:41:39.937071,Bambu_H2D_1,0948BB5B1600363,FINISH,1.0,Desconocido,100,10,10,74.0,47.0
2026-10-05T08:41:41.420699,Bambu_H2D_1,0948BB5B1600363,FINISH,1.0,Desconocido,100,10,10,74.0,47.0
2026-10-05T08:41:42.880777,Bambu_H2D_1,0948BB5B1600363,FINISH,1.0,Desconocido,100,10,10,74.0,47.0
2026-10-05T08:41:44.211722,Bambu_H2D_1,0948BB5B1600363,FINISH,1.0,Desconocido,100,10,10,73.0,47.0
2026-10-05T08:41:45.563460,Bambu_H2D_1,0948BB5B1600363,FINISH,1.0,Desconocido,100,10,10,73.0,47.0
2026-10-05T08:41:46.909278,Bambu_H2D_1,0948BB5B1600363,FINISH,1.0,Desconocido,100,10,10,73.0,47.0
2026-10-05T08:41:48.282184,Bambu_H2D_1,0948BB5B1600363,FINISH,1.0,Desconocido,100,10,10,72.0,47.0
2026-10-05T08:41:49.792538,Bambu_H2D_1,0948BB5B1600363,FINISH,1.0,Desconocido,100,10,10,72.0,47.0
2026-10-05T08:41:51.159961,Bambu_H2D_1,0948BB5B1600363,FINISH,1.0,Desconocido,100,10,10,72.0,47.0
2026-10-05T08:41:52.508433,Bambu_H2D_1,0948BB5B1600363,FINISH,1.0,Desconocido,100,10,10,72.0,47.0
2026-10-05T08:41:53.968029,Bambu_H2D_1,0948BB5B1600363,FINISH,1.0,Desconocido,100,10,10,71.0,47.0
2026-10-05T08:41:55.359847,Bambu_H2D_1,0948BB5B1600363,FINISH,1.0,Desconocido,100,10,10,71.0,47.0
2026-10-05T08:41:56.712991,Bambu_H2D_1,0948BB5B1600363,FINISH,1.0,Desconocido,100,10,10,71.0,47.0
2026-10-05T08:41:58.133256,Bambu_H2D_1,0948BB5B1600363,FINISH,1.0,Desconocido,100,10,10,70.0,47.0
2026-10-05T08:41:59.521057,Bambu_H2D_1,0948BB5B1600363,FINISH,1.0,Desconocido,100,10,10,70.0,47.0
2026-10-05T08:42:00.904446,Bambu_H2D_1,0948BB5B1600363,FINISH,1.0,Desconocido,100,10,10,70.0,47.0
2026-10-05T08:42:02.410947,Bambu_H2D_1,0948BB5B1600363,FINISH,1.0,Desconocido,100,10,10,70.0,47.0
2026-10-05T08:42:03.772633,Bambu_H2D_1,0948BB5B1600363,FINISH,1.0,Desconocido,100,10,10,69.0,47.0
2026-10-05T08:42:05.096437,Bambu_H2D_1,0948BB5B1600363,FINISH,1.0,Desconocido,100,10,10,69.0,47.0
2026-10-05T08:42:06.540839,Bambu_H2D_1,0948BB5B1600363,FINISH,1.0,Desconocido,100,10,10,69.0,47.0
2026-10-05T08:42:07.877863,Bambu_H2D_1,0948BB5B1600363,FINISH,1.0,Desconocido,100,10,10,69.0,47.0
2026-10-05T08:42:09.308947,Bambu_H2D_1,0948BB5B1600363,FINISH,1.0,Desconocido,100,10,10,68.0,47.0
2026-10-05T08:42:10.712611,Bambu_H2D_1,0948BB5B1600363,FINISH,1.0,Desconocido,100,10,10,68.0,47.0
2026-10-05T08:42:12.067958,Bambu_H2D_1,0948BB5B1600363,FINISH,1.0,Desconocido,100,10,10,68.0,46.0
2026-10-05T08:42:13.481495,Bambu_H2D_1,0948BB5B1600363,FINISH,1.0,Desconocido,100,10,10,68.0,46.0
2026-10-05T08:42:14.893812,Bambu_H2D_1,0948BB5B1600363,FINISH,1.0,Desconocido,100,10,10,68.0,46.0
2026-10-05T08:42:16.304106,Bambu_H2D_1,0948BB5B1600363,FINISH,1.0,Desconocido,100,10,10,67.0,46.0
2026-10-05T08:42:17.643248,Bambu_H2D_1,0948BB5B1600363,FINISH,1.0,Desconocido,100,10,10,67.0,46.0
2026-10-05T08:42:19.079094,Bambu_H2D_1,0948BB5B1600363,FINISH,1.0,Desconocido,100,10,10,67.0,46.0
2026-10-05T08:42:20.416094,Bambu_H2D_1,0948BB5B1600363,FINISH,1.0,Desconocido,100,10,10,67.0,46.0
2026-10-05T08:42:21.822078,Bambu_H2D_1,0948BB5B1600363,FINISH,1.0,Desconocido,100,10,10,66.0,46.0
2026-10-05T08:42:23.282448,Bambu_H2D_1,0948BB5B1600363,FINISH,1.0,Desconocido,100,10,10,66.0,46.0
2026-10-05T08:42:24.661664,Bambu_H2D_1,0948BB5B1600363,FINISH,1.0,Desconocido,100,10,10,66.0,46.0
2026-10-05T08:42:26.061921,Bambu_H2D_1,0948BB5B1600363,FINISH,1.0,Desconocido,100,10,10,66.0,46.0
2026-10-05T08:42:27.410658,Bambu_H2D_1,0948BB5B1600363,FINISH,1.0,Desconocido,100,10,10,65.0,46.0
2026-10-05T08:42:28.773286,Bambu_H2D_1,0948BB5B1600363,FINISH,1.0,Desconocido,100,10,10,65.0,46.0
2026-10-05T08:42:30.295765,Bambu_H2D_1,0948BB5B1600363,FINISH,1.0,Desconocido,100,10,10,65.0,46.0
2026-10-05T08:42:31.699509,Bambu_H2D_1,0948BB5B1600363,FINISH,1.0,Desconocido,100,10,10,65.0,46.0
2026-10-05T08:42:32.918457,Bambu_H2D_1,0948BB5B1600363,FINISH,1.0,Desconocido,100,10,10,65.0,46.0
2026-10-05T08:42:34.373996,Bambu_H2D_1,0948BB5B1600363,FINISH,1.0,Desconocido,100,10,10,64.0,46.0
2026-10-05T08:42:35.762258,Bambu_H2D_1,0948BB5B1600363,FINISH,1.0,Desconocido,100,10,10,64.0,46.0
2026-10-05T08:42:37.147733,Bambu_H2D_1,0948BB5B1600363,FINISH,1.0,Desconocido,100,10,10,64.0,46.0
2026-10-05T08:42:38.373787,Bambu_H2D_1,0948BB5B1600363,FINISH,1.0,Desconocido,100,10,10,64.0,46.0
2026-10-05T08:42:39.758269,Bambu_H2D_1,0948BB5B1600363,FINISH,1.0,Desconocido,100,10,10,63.0,46.0
2026-10-05T08:42:41.207487,Bambu_H2D_1,0948BB5B1600363,FINISH,1.0,Desconocido,100,10,10,63.0,46.0
2026-10-05T08:42:42.722939,Bambu_H2D_1,0948BB5B1600363,FINISH,1.0,Desconocido,100,10,10,63.0,46.0
2026-10-05T08:42:43.969573,Bambu_H2D_1,0948BB5B1600363,FINISH,1.0,Desconocido,100,10,10,63.0,46.0
2026-10-05T08:42:45.262474,Bambu_H2D_1,0948BB5B1600363,FINISH,1.0,Desconocido,100,10,10,63.0,46.0
2026-10-05T08:42:46.635177,Bambu_H2D_1,0948BB5B1600363,FINISH,1.0,Desconocido,100,10,10,62.0,46.0
2026-10-05T08:42:47.956560,Bambu_H2D_1,0948BB5B1600363,FINISH,1.0,Desconocido,100,10,10,62.0,46.0
2026-10-05T08:42:49.360792,Bambu_H2D_1,0948BB5B1600363,FINISH,1.0,Desconocido,100,10,10,62.0,46.0
2026-10-05T08:42:50.828280,Bambu_H2D_1,0948BB5B1600363,FINISH,1.0,Desconocido,100,10,10,62.0,46.0
2026-10-05T08:42:52.183391,Bambu_H2D_1,0948BB5B1600363,FINISH,1.0,Desconocido,100,10,10,61.0,46.0
2026-10-05T08:42:53.583261,Bambu_H2D_1,0948BB5B1600363,FINISH,1.0,Desconocido,100,10,10,61.0,46.0
2026-10-05T08:42:54.951207,Bambu_H2D_1,0948BB5B1600363,FINISH,1.0,Desconocido,100,10,10,61.0,46.0
2026-10-05T08:42:56.395431,Bambu_H2D_1,0948BB5B1600363,FINISH,1.0,Desconocido,100,10,10,61.0,46.0
2026-10-05T08:42:57.786109,Bambu_H2D_1,0948BB5B1600363,FINISH,1.0,Desconocido,100,10,10,61.0,46.0
2026-10-05T08:42:59.189304,Bambu_H2D_1,0948BB5B1600363,FINISH,1.0,Desconocido,100,10,10,61.0,46.0
2026-10-05T08:43:00.527752,Bambu_H2D_1,0948BB5B1600363,FINISH,1.0,Desconocido,100,10,10,60.0,46.0
2026-10-05T08:43:01.833404,Bambu_H2D_1,0948BB5B1600363,FINISH,1.0,Desconocido,100,10,10,60.0,46.0
2026-10-05T08:43:03.315804,Bambu_H2D_1,0948BB5B1600363,FINISH,1.0,Desconocido,100,10,10,60.0,46.0
2026-10-05T08:43:04.668073,Bambu_H2D_1,0948BB5B1600363,FINISH,1.0,Desconocido,100,10,10,60.0,46.0
2026-10-05T08:43:06.047761,Bambu_H2D_1,0948BB5B1600363,FINISH,1.0,Desconocido,100,10,10,60.0,46.0
2026-10-05T08:43:07.446237,Bambu_H2D_1,0948BB5B1600363,FINISH,1.0,Desconocido,100,10,10,59.0,46.0
2026-10-05T08:43:08.821704,Bambu_H2D_1,0948BB5B1600363,FINISH,1.0,Desconocido,100,10,10,59.0,46.0
2026-10-05T08:43:10.213488,Bambu_H2D_1,0948BB5B1600363,FINISH,1.0,Desconocido,100,10,10,59.0,46.0
2026-10-05T08:43:11.577490,Bambu_H2D_1,0948BB5B1600363,FINISH,1.0,Desconocido,100,10,10,59.0,46.0
2026-10-05T08:43:12.905285,Bambu_H2D_1,0948BB5B1600363,FINISH,1.0,Desconocido,100,10,10,59.0,45.0
2026-10-05T08:43:14.246241,Bambu_H2D_1,0948BB5B1600363,FINISH,1.0,Desconocido,100,10,10,59.0,45.0
2026-10-05T08:43:15.612418,Bambu_H2D_1,0948BB5B1600363,FINISH,1.0,Desconocido,100,10,10,58.0,45.0
2026-10-05T08:43:16.992348,Bambu_H2D_1,0948BB5B1600363,FINISH,1.0,Desconocido,100,10,10,58.0,45.0
2026-10-05T08:43:18.372592,Bambu_H2D_1,0948BB5B1600363,FINISH,1.0,Desconocido,100,10,10,58.0,45.0
2026-10-05T08:43:19.714965,Bambu_H2D_1,0948BB5B1600363,FINISH,1.0,Desconocido,100,10,10,58.0,45.0
2026-10-05T08:43:21.111920,Bambu_H2D_1,0948BB5B1600363,FINISH,1.0,Desconocido,100,10,10,58.0,45.0
2026-10-05T08:43:22.495703,Bambu_H2D_1,0948BB5B1600363,FINISH,1.0,Desconocido,100,10,10,58.0,45.0
2026-10-05T08:43:23.905362,Bambu_H2D_1,0948BB5B1600363,FINISH,1.0,Desconocido,100,10,10,57.0,45.0
2026-10-05T08:43:25.242179,Bambu_H2D_1,0948BB5B1600363,FINISH,1.0,Desconocido,100,10,10,57.0,45.0
2026-10-05T08:43:26.610265,Bambu_H2D_1,0948BB5B1600363,FINISH,1.0,Desconocido,100,10,10,57.0,45.0
2026-10-05T08:43:28.039446,Bambu_H2D_1,0948BB5B1600363,FINISH,1.0,Desconocido,100,10,10,57.0,45.0
2026-10-05T08:43:29.339493,Bambu_H2D_1,0948BB5B1600363,FINISH,1.0,Desconocido,100,10,10,57.0,45.0
2026-10-05T08:43:30.918596,Bambu_H2D_1,0948BB5B1600363,FINISH,1.0,Desconocido,100,10,10,57.0,45.0
2026-10-05T08:43:32.228940,Bambu_H2D_1,0948BB5B1600363,FINISH,1.0,Desconocido,100,10,10,56.0,45.0
2026-10-05T08:43:33.627208,Bambu_H2D_1,0948BB5B1600363,FINISH,1.0,Desconocido,100,10,10,56.0,45.0
2026-10-05T08:43:34.979016,Bambu_H2D_1,0948BB5B1600363,FINISH,1.0,Desconocido,100,10,10,56.0,45.0
2026-10-05T08:43:36.423301,Bambu_H2D_1,0948BB5B1600363,FINISH,1.0,Desconocido,100,10,10,56.0,45.0
2026-10-05T08:43:37.802239,Bambu_H2D_1,0948BB5B1600363,FINISH,1.0,Desconocido,100,10,10,56.0,45.0
2026-10-05T08:43:39.235432,Bambu_H2D_1,0948BB5B1600363,FINISH,1.0,Desconocido,100,10,10,56.0,45.0
2026-10-05T08:43:40.640234,Bambu_H2D_1,0948BB5B1600363,FINISH,1.0,Desconocido,100,10,10,55.0,45.0
2026-10-05T08:43:41.996941,Bambu_H2D_1,0948BB5B1600363,FINISH,1.0,Desconocido,100,10,10,55.0,45.0
2026-10-05T08:43:43.527854,Bambu_H2D_1,0948BB5B1600363,FINISH,1.0,Desconocido,100,10,10,55.0,45.0
2026-10-05T08:43:44.814407,Bambu_H2D_1,0948BB5B1600363,FINISH,1.0,Desconocido,100,10,10,55.0,45.0
2026-10-05T08:43:46.174213,Bambu_H2D_1,0948BB5B1600363,FINISH,1.0,Desconocido,100,10,10,55.0,45.0
2026-10-05T08:43:47.554649,Bambu_H2D_1,0948BB5B1600363,FINISH,1.0,Desconocido,100,10,10,55.0,45.0
2026-10-05T08:43:48.947016,Bambu_H2D_1,0948BB5B1600363,FINISH,1.0,Desconocido,100,10,10,54.0,45.0
2026-10-05T08:43:50.310341,Bambu_H2D_1,0948BB5B1600363,FINISH,1.0,Desconocido,100,10,10,54.0,45.0
2026-10-05T08:43:51.674980,Bambu_H2D_1,0948BB5B1600363,FINISH,1.0,Desconocido,100,10,10,54.0,45.0
2026-10-05T08:43:53.083547,Bambu_H2D_1,0948BB5B1600363,FINISH,1.0,Desconocido,100,10,10,54.0,45.0
2026-10-05T08:43:54.563097,Bambu_H2D_1,0948BB5B1600363,FINISH,1.0,Desconocido,100,10,10,54.0,45.0
2026-10-05T08:43:55.739493,Bambu_H2D_1,0948BB5B1600363,FINISH,1.0,Desconocido,100,10,10,54.0,45.0
2026-10-05T08:43:57.126526,Bambu_H2D_1,0948BB5B1600363,FINISH,1.0,Desconocido,100,10,10,54.0,45.0
2026-10-05T08:43:58.483415,Bambu_H2D_1,0948BB5B1600363,FINISH,1.0,Desconocido,100,10,10,53.0,45.0
2026-10-05T08:43:59.873794,Bambu_H2D_1,0948BB5B1600363,FINISH,1.0,Desconocido,100,10,10,53.0,45.0
2026-10-05T08:44:01.189225,Bambu_H2D_1,0948BB5B1600363,FINISH,1.0,Desconocido,100,10,10,53.0,45.0
2026-10-05T08:44:02.551109,Bambu_H2D_1,0948BB5B1600363,FINISH,1.0,Desconocido,100,10,10,53.0,45.0
2026-10-05T08:44:03.963301,Bambu_H2D_1,0948BB5B1600363,FINISH,1.0,Desconocido,100,10,10,53.0,45.0
2026-10-05T08:44:05.283339,Bambu_H2D_1,0948BB5B1600363,FINISH,1.0,Desconocido,100,10,10,53.0,45.0
2026-10-05T08:44:06.761493,Bambu_H2D_1,0948BB5B1600363,FINISH,1.0,Desconocido,100,10,10,53.0,45.0
2026-10-05T08:44:08.107437,Bambu_H2D_1,0948BB5B1600363,FINISH,1.0,Desconocido,100,10,10,52.0,45.0
2026-10-05T08:44:09.440875,Bambu_H2D_1,0948BB5B1600363,FINISH,1.0,Desconocido,100,10,10,52.0,45.0
2026-10-05T08:44:11.016796,Bambu_H2D_1,0948BB5B1600363,FINISH,1.0,Desconocido,100,10,10,52.0,45.0
2026-10-05T08:44:12.346273,Bambu_H2D_1,0948BB5B1600363,FINISH,1.0,Desconocido,100,10,10,52.0,45.0
2026-10-05T08:44:13.693197,Bambu_H2D_1,0948BB5B1600363,FINISH,1.0,Desconocido,100,10,10,52.0,45.0
2026-10-05T08:44:15.116993,Bambu_H2D_1,0948BB5B1600363,FINISH,1.0,Desconocido,100,10,10,52.0,45.0
2026-10-05T08:44:16.482815,Bambu_H2D_1,0948BB5B1600363,FINISH,1.0,Desconocido,100,10,10,52.0,45.0
2026-10-05T08:44:17.938004,Bambu_H2D_1,0948BB5B1600363,FINISH,1.0,Desconocido,100,10,10,51.0,45.0
2026-10-05T08:44:19.328455,Bambu_H2D_1,0948BB5B1600363,FINISH,1.0,Desconocido,100,10,10,51.0,45.0
2026-10-05T08:44:20.708712,Bambu_H2D_1,0948BB5B1600363,FINISH,1.0,Desconocido,100,10,10,51.0,45.0
2026-10-05T08:44:22.009398,Bambu_H2D_1,0948BB5B1600363,FINISH,1.0,Desconocido,100,10,10,51.0,44.0
2026-10-05T08:44:23.408208,Bambu_H2D_1,0948BB5B1600363,FINISH,1.0,Desconocido,100,10,10,51.0,44.0
2026-10-05T08:44:24.867097,Bambu_H2D_1,0948BB5B1600363,FINISH,1.0,Desconocido,100,10,10,51.0,44.0
2026-10-05T08:44:26.208238,Bambu_H2D_1,0948BB5B1600363,FINISH,1.0,Desconocido,100,10,10,51.0,44.0
2026-10-05T08:44:27.534646,Bambu_H2D_1,0948BB5B1600363,FINISH,1.0,Desconocido,100,10,10,51.0,44.0
2026-10-05T08:44:28.893436,Bambu_H2D_1,0948BB5B1600363,FINISH,1.0,Desconocido,100,10,10,50.0,44.0
2026-10-05T08:44:30.319759,Bambu_H2D_1,0948BB5B1600363,FINISH,1.0,Desconocido,100,10,10,50.0,44.0
2026-10-05T08:44:31.714048,Bambu_H2D_1,0948BB5B1600363,FINISH,1.0,Desconocido,100,10,10,50.0,44.0
2026-10-05T08:44:33.057767,Bambu_H2D_1,0948BB5B1600363,FINISH,1.0,Desconocido,100,10,10,50.0,44.0
2026-10-05T08:44:34.392690,Bambu_H2D_1,0948BB5B1600363,FINISH,1.0,Desconocido,100,10,10,50.0,44.0
2026-10-05T08:44:35.780059,Bambu_H2D_1,0948BB5B1600363,FINISH,1.0,Desconocido,100,10,10,50.0,44.0
2026-10-05T08:44:37.187393,Bambu_H2D_1,0948BB5B1600363,FINISH,1.0,Desconocido,100,10,10,50.0,44.0
2026-10-05T08:44:38.584156,Bambu_H2D_1,0948BB5B1600363,FINISH,1.0,Desconocido,100,10,10,50.0,44.0
2026-10-05T08:44:39.968703,Bambu_H2D_1,0948BB5B1600363,FINISH,1.0,Desconocido,100,10,10,50.0,44.0
2026-10-05T08:44:41.273569,Bambu_H2D_1,0948BB5B1600363,FINISH,1.0,Desconocido,100,10,10,49.0,44.0
2026-10-05T08:44:42.674218,Bambu_H2D_1,0948BB5B1600363,FINISH,1.0,Desconocido,100,10,10,49.0,44.0
2026-10-05T08:44:44.071956,Bambu_H2D_1,0948BB5B1600363,FINISH,1.0,Desconocido,100,10,10,49.0,44.0
2026-10-05T08:44:45.444058,Bambu_H2D_1,0948BB5B1600363,FINISH,1.0,Desconocido,100,10,10,49.0,44.0
2026-10-05T08:44:46.852317,Bambu_H2D_1,0948BB5B1600363,FINISH,1.0,Desconocido,100,10,10,49.0,44.0
2026-10-05T08:44:48.189622,Bambu_H2D_1,0948BB5B1600363,FINISH,1.0,Desconocido,100,10,10,49.0,44.0
2026-10-05T08:44:49.545196,Bambu_H2D_1,0948BB5B1600363,FINISH,1.0,Desconocido,100,10,10,49.0,44.0
2026-10-05T08:44:51.092714,Bambu_H2D_1,0948BB5B1600363,FINISH,1.0,Desconocido,100,10,10,49.0,44.0
2026-10-05T08:44:52.518930,Bambu_H2D_1,0948BB5B1600363,FINISH,1.0,Desconocido,100,10,10,49.0,44.0
2026-10-05T08:44:53.907863,Bambu_H2D_1,0948BB5B1600363,FINISH,1.0,Desconocido,100,10,10,48.0,44.0
2026-10-05T08:44:55.348458,Bambu_H2D_1,0948BB5B1600363,FINISH,1.0,Desconocido,100,10,10,48.0,44.0
2026-10-05T08:44:56.692612,Bambu_H2D_1,0948BB5B1600363,FINISH,1.0,Desconocido,100,10,10,48.0,44.0
2026-10-05T08:44:58.082354,Bambu_H2D_1,0948BB5B1600363,FINISH,1.0,Desconocido,100,10,10,48.0,44.0
2026-10-05T08:44:59.554623,Bambu_H2D_1,0948BB5B1600363,FINISH,1.0,Desconocido,100,10,10,48.0,44.0
2026-10-05T08:45:00.956472,Bambu_H2D_1,0948BB5B1600363,FINISH,1.0,Desconocido,100,10,10,48.0,44.0
2026-10-05T08:45:02.326229,Bambu_H2D_1,0948BB5B1600363,FINISH,1.0,Desconocido,100,10,10,48.0,44.0
2026-10-05T08:45:03.755327,Bambu_H2D_1,0948BB5B1600363,FINISH,1.0,Desconocido,100,10,10,48.0,44.0
2026-10-05T08:45:05.183205,Bambu_H2D_1,0948BB5B1600363,FINISH,1.0,Desconocido,100,10,10,48.0,44.0
2026-10-05T08:45:06.524743,Bambu_H2D_1,0948BB5B1600363,FINISH,1.0,Desconocido,100,10,10,48.0,44.0
2026-10-05T08:45:07.955189,Bambu_H2D_1,0948BB5B1600363,FINISH,1.0,Desconocido,100,10,10,48.0,44.0
2026-10-05T08:45:09.305539,Bambu_H2D_1,0948BB5B1600363,FINISH,1.0,Desconocido,100,10,10,47.0,44.0
2026-10-05T08:45:10.722243,Bambu_H2D_1,0948BB5B1600363,FINISH,1.0,Desconocido,100,10,10,47.0,44.0
2026-10-05T08:45:12.233493,Bambu_H2D_1,0948BB5B1600363,FINISH,1.0,Desconocido,100,10,10,47.0,44.0
2026-10-05T08:45:13.591132,Bambu_H2D_1,0948BB5B1600363,FINISH,1.0,Desconocido,100,10,10,47.0,44.0
2026-10-05T08:45:14.898091,Bambu_H2D_1,0948BB5B1600363,FINISH,1.0,Desconocido,100,10,10,47.0,44.0
2026-10-05T08:45:16.366432,Bambu_H2D_1,0948BB5B1600363,FINISH,1.0,Desconocido,100,10,10,47.0,44.0
2026-10-05T08:45:17.729908,Bambu_H2D_1,0948BB5B1600363,FINISH,1.0,Desconocido,100,10,10,47.0,44.0
2026-10-05T08:45:19.113539,Bambu_H2D_1,0948BB5B1600363,FINISH,1.0,Desconocido,100,10,10,47.0,44.0
2026-10-05T08:45:20.502002,Bambu_H2D_1,0948BB5B1600363,FINISH,1.0,Desconocido,100,10,10,47.0,44.0
2026-10-05T08:45:21.889262,Bambu_H2D_1,0948BB5B1600363,FINISH,1.0,Desconocido,100,10,10,47.0,44.0
2026-10-05T08:45:23.220205,Bambu_H2D_1,0948BB5B1600363,FINISH,1.0,Desconocido,100,10,10,47.0,44.0
2026-10-05T08:45:24.717359,Bambu_H2D_1,0948BB5B1600363,FINISH,1.0,Desconocido,100,10,10,47.0,44.0
2026-10-05T08:45:26.082542,Bambu_H2D_1,0948BB5B1600363,FINISH,1.0,Desconocido,100,10,10,47.0,44.0
2026-10-05T08:45:27.458648,Bambu_H2D_1,0948BB5B1600363,FINISH,1.0,Desconocido,100,10,10,46.0,44.0
2026-10-05T08:45:28.786943,Bambu_H2D_1,0948BB5B1600363,FINISH,1.0,Desconocido,100,10,10,46.0,44.0
2026-10-05T08:45:30.180696,Bambu_H2D_1,0948BB5B1600363,FINISH,1.0,Desconocido,100,10,10,46.0,44.0
2026-10-05T08:45:31.594554,Bambu_H2D_1,0948BB5B1600363,FINISH,1.0,Desconocido,100,10,10,46.0,44.0
2026-10-05T08:45:32.943619,Bambu_H2D_1,0948BB5B1600363,FINISH,1.0,Desconocido,100,10,10,46.0,44.0
2026-10-05T08:45:34.273555,Bambu_H2D_1,0948BB5B1600363,FINISH,1.0,Desconocido,100,10,10,46.0,44.0
2026-10-05T08:45:35.628981,Bambu_H2D_1,0948BB5B1600363,FINISH,1.0,Desconocido,100,10,10,46.0,44.0
2026-10-05T08:45:36.972079,Bambu_H2D_1,0948BB5B1600363,FINISH,1.0,Desconocido,100,10,10,46.0,43.0
2026-10-05T08:45:38.373835,Bambu_H2D_1,0948BB5B1600363,FINISH,1.0,Desconocido,100,10,10,46.0,43.0
2026-10-05T08:45:39.728569,Bambu_H2D_1,0948BB5B1600363,FINISH,1.0,Desconocido,100,10,10,46.0,43.0
2026-10-05T08:45:41.088846,Bambu_H2D_1,0948BB5B1600363,FINISH,1.0,Desconocido,100,10,10,46.0,43.0
2026-10-05T08:45:42.465537,Bambu_H2D_1,0948BB5B1600363,FINISH,1.0,Desconocido,100,10,10,46.0,43.0
2026-10-05T08:45:43.867942,Bambu_H2D_1,0948BB5B1600363,FINISH,1.0,Desconocido,100,10,10,46.0,43.0
2026-10-05T08:45:45.326841,Bambu_H2D_1,0948BB5B1600363,FINISH,1.0,Desconocido,100,10,10,46.0,43.0
2026-10-05T08:45:46.629271,Bambu_H2D_1,0948BB5B1600363,FINISH,1.0,Desconocido,100,10,10,46.0,43.0
2026-10-05T08:45:48.053943,Bambu_H2D_1,0948BB5B1600363,FINISH,1.0,Desconocido,100,10,10,46.0,43.0
2026-10-05T08:45:49.403503,Bambu_H2D_1,0948BB5B1600363,FINISH,1.0,Desconocido,100,10,10,46.0,43.0
2026-10-05T08:45:50.754927,Bambu_H2D_1,0948BB5B1600363,FINISH,1.0,Desconocido,100,10,10,46.0,43.0
2026-10-05T08:45:52.286923,Bambu_H2D_1,0948BB5B1600363,FINISH,1.0,Desconocido,100,10,10,45.0,43.0
2026-10-05T08:45:53.612982,Bambu_H2D_1,0948BB5B1600363,FINISH,1.0,Desconocido,100,10,10,45.0,43.0
2026-10-05T08:45:55.012245,Bambu_H2D_1,0948BB5B1600363,FINISH,1.0,Desconocido,100,10,10,45.0,43.0
2026-10-05T08:45:56.393448,Bambu_H2D_1,0948BB5B1600363,FINISH,1.0,Desconocido,100,10,10,45.0,43.0
2026-10-05T08:45:57.874547,Bambu_H2D_1,0948BB5B1600363,FINISH,1.0,Desconocido,100,10,10,45.0,43.0
2026-10-05T08:45:59.285333,Bambu_H2D_1,0948BB5B1600363,FINISH,1.0,Desconocido,100,10,10,45.0,43.0
2026-10-05T08:46:00.635866,Bambu_H2D_1,0948BB5B1600363,FINISH,1.0,Desconocido,100,10,10,45.0,43.0
2026-10-05T08:46:01.988554,Bambu_H2D_1,0948BB5B1600363,FINISH,1.0,Desconocido,100,10,10,45.0,43.0
2026-10-05T08:46:03.362857,Bambu_H2D_1,0948BB5B1600363,FINISH,1.0,Desconocido,100,10,10,45.0,43.0
2026-10-05T08:46:04.855514,Bambu_H2D_1,0948BB5B1600363,FINISH,1.0,Desconocido,100,10,10,45.0,43.0
2026-10-05T08:46:06.252442,Bambu_H2D_1,0948BB5B1600363,FINISH,1.0,Desconocido,100,10,10,45.0,43.0
2026-10-05T08:46:07.593406,Bambu_H2D_1,0948BB5B1600363,FINISH,1.0,Desconocido,100,10,10,45.0,43.0
2026-10-05T08:46:09.049977,Bambu_H2D_1,0948BB5B1600363,FINISH,1.0,Desconocido,100,10,10,45.0,43.0
2026-10-05T08:46:10.370288,Bambu_H2D_1,0948BB5B1600363,FINISH,1.0,Desconocido,100,10,10,45.0,43.0
2026-10-05T08:46:11.795966,Bambu_H2D_1,0948BB5B1600363,FINISH,1.0,Desconocido,100,10,10,45.0,43.0
2026-10-05T08:46:13.281211,Bambu_H2D_1,0948BB5B1600363,FINISH,1.0,Desconocido,100,10,10,45.0,43.0
2026-10-05T08:46:14.569081,Bambu_H2D_1,0948BB5B1600363,FINISH,1.0,Desconocido,100,10,10,45.0,43.0
2026-10-05T08:46:15.960211,Bambu_H2D_1,0948BB5B1600363,FINISH,1.0,Desconocido,100,10,10,44.0,43.0
2026-10-05T08:46:17.372053,Bambu_H2D_1,0948BB5B1600363,FINISH,1.0,Desconocido,100,10,10,44.0,43.0
2026-10-05T08:46:18.823264,Bambu_H2D_1,0948BB5B1600363,FINISH,1.0,Desconocido,100,10,10,44.0,43.0
2026-10-05T08:46:20.168378,Bambu_H2D_1,0948BB5B1600363,FINISH,1.0,Desconocido,100,10,10,44.0,43.0
2026-10-05T08:46:21.593859,Bambu_H2D_1,0948BB5B1600363,FINISH,1.0,Desconocido,100,10,10,44.0,43.0
2026-10-05T08:46:22.966449,Bambu_H2D_1,0948BB5B1600363,FINISH,1.0,Desconocido,100,10,10,44.0,43.0
2026-10-05T08:46:24.299165,Bambu_H2D_1,0948BB5B1600363,FINISH,1.0,Desconocido,100,10,10,44.0,43.0
2026-10-05T08:46:25.722424,Bambu_H2D_1,0948BB5B1600363,FINISH,1.0,Desconocido,100,10,10,44.0,43.0
2026-10-05T08:46:27.052864,Bambu_H2D_1,0948BB5B1600363,FINISH,1.0,Desconocido,100,10,10,44.0,43.0
2026-10-05T08:46:28.407592,Bambu_H2D_1,0948BB5B1600363,FINISH,1.0,Desconocido,100,10,10,44.0,43.0
2026-10-05T08:46:29.749147,Bambu_H2D_1,0948BB5B1600363,FINISH,1.0,Desconocido,100,10,10,44.0,43.0
2026-10-05T08:46:31.122861,Bambu_H2D_1,0948BB5B1600363,FINISH,1.0,Desconocido,100,10,10,44.0,42.0
2026-10-05T08:46:32.499352,Bambu_H2D_1,0948BB5B1600363,FINISH,1.0,Desconocido,100,10,10,44.0,42.0
2026-10-05T08:46:33.870907,Bambu_H2D_1,0948BB5B1600363,FINISH,1.0,Desconocido,100,10,10,44.0,42.0
2026-10-05T08:46:35.246840,Bambu_H2D_1,0948BB5B1600363,FINISH,1.0,Desconocido,100,10,10,44.0,42.0
2026-10-05T08:46:36.632699,Bambu_H2D_1,0948BB5B1600363,FINISH,1.0,Desconocido,100,10,10,44.0,42.0
2026-10-05T08:46:38.005402,Bambu_H2D_1,0948BB5B1600363,FINISH,1.0,Desconocido,100,10,10,43.0,42.0
2026-10-05T08:46:39.374683,Bambu_H2D_1,0948BB5B1600363,FINISH,1.0,Desconocido,100,10,10,43.0,42.0
2026-10-05T08:46:40.760151,Bambu_H2D_1,0948BB5B1600363,FINISH,1.0,Desconocido,100,10,10,43.0,42.0
2026-10-05T08:46:42.123305,Bambu_H2D_1,0948BB5B1600363,FINISH,1.0,Desconocido,100,10,10,43.0,42.0
2026-10-05T08:46:43.518889,Bambu_H2D_1,0948BB5B1600363,FINISH,1.0,Desconocido,100,10,10,43.0,42.0
2026-10-05T08:46:44.931275,Bambu_H2D_1,0948BB5B1600363,FINISH,1.0,Desconocido,100,10,10,43.0,42.0
2026-10-05T08:46:46.304947,Bambu_H2D_1,0948BB5B1600363,FINISH,1.0,Desconocido,100,10,10,43.0,42.0
2026-10-05T08:46:47.657719,Bambu_H2D_1,0948BB5B1600363,FINISH,1.0,Desconocido,100,10,10,43.0,42.0
2026-10-05T08:46:49.089314,Bambu_H2D_1,0948BB5B1600363,FINISH,1.0,Desconocido,100,10,10,43.0,42.0
2026-10-05T08:46:50.432685,Bambu_H2D_1,0948BB5B1600363,FINISH,1.0,Desconocido,100,10,10,43.0,42.0
2026-10-05T08:46:51.840298,Bambu_H2D_1,0948BB5B1600363,FINISH,1.0,Desconocido,100,10,10,43.0,42.0
2026-10-05T08:46:53.194540,Bambu_H2D_1,0948BB5B1600363,FINISH,1.0,Desconocido,100,10,10,43.0,42.0
2026-10-05T08:46:54.535867,Bambu_H2D_1,0948BB5B1600363,FINISH,1.0,Desconocido,100,10,10,43.0,42.0
2026-10-05T08:46:55.885454,Bambu_H2D_1,0948BB5B1600363,FINISH,1.0,Desconocido,100,10,10,43.0,41.0
2026-10-05T08:46:57.236990,Bambu_H2D_1,0948BB5B1600363,FINISH,1.0,Desconocido,100,10,10,43.0,41.0
2026-10-05T08:46:58.593523,Bambu_H2D_1,0948BB5B1600363,FINISH,1.0,Desconocido,100,10,10,43.0,41.0
2026-10-05T08:47:00.008005,Bambu_H2D_1,0948BB5B1600363,FINISH,1.0,Desconocido,100,10,10,43.0,41.0
2026-10-05T08:47:01.348366,Bambu_H2D_1,0948BB5B1600363,FINISH,1.0,Desconocido,100,10,10,43.0,41.0
2026-10-05T08:47:02.739120,Bambu_H2D_1,0948BB5B1600363,FINISH,1.0,Desconocido,100,10,10,43.0,41.0
2026-10-05T08:47:04.073945,Bambu_H2D_1,0948BB5B1600363,FINISH,1.0,Desconocido,100,10,10,43.0,41.0
2026-10-05T08:47:05.451469,Bambu_H2D_1,0948BB5B1600363,FINISH,1.0,Desconocido,100,10,10,43.0,41.0
2026-10-05T08:47:06.833629,Bambu_H2D_1,0948BB5B1600363,FINISH,1.0,Desconocido,100,10,10,42.0,41.0
2026-10-05T09:44:47.218291,Bambu_H2D_1,0948BB5B1600363,FINISH,1,Desconocido,100,10,10,29.0,29.0
2026-10-05T09:44:48.629753,Bambu_H2D_1,0948BB5B1600363,FINISH,1,Desconocido,100,10,10,29.0,29.0
2026-10-05T09:44:49.999837,Bambu_H2D_1,0948BB5B1600363,FINISH,1,Desconocido,100,10,10,29.0,29.0
2026-10-05T09:44:51.389107,Bambu_H2D_1,0948BB5B1600363,FINISH,1,Desconocido,100,10,10,29.0,29.0
2026-10-05T09:44:52.742734,Bambu_H2D_1,0948BB5B1600363,FINISH,1,Desconocido,100,10,10,29.0,29.0
2026-10-05T09:44:54.100445,Bambu_H2D_1,0948BB5B1600363,FINISH,1,Desconocido,100,10,10,29.0,29.0
2026-10-05T09:44:55.471938,Bambu_H2D_1,0948BB5B1600363,FINISH,1,Desconocido,100,10,10,29.0,29.0
2026-10-05T09:44:56.858264,Bambu_H2D_1,0948BB5B1600363,FINISH,1,Desconocido,100,10,10,29.0,29.0
2026-10-05T09:44:58.240519,Bambu_H2D_1,0948BB5B1600363,FINISH,1,Desconocido,100,10,10,29.0,29.0
2026-10-05T09:44:59.538700,Bambu_H2D_1,0948BB5B1600363,FINISH,1,Desconocido,100,10,10,29.0,29.0
2026-10-05T09:45:00.958975,Bambu_H2D_1,0948BB5B1600363,FINISH,1,Desconocido,100,10,10,29.0,29.0
2026-10-05T09:45:02.345672,Bambu_H2D_1,0948BB5B1600363,FINISH,1,Desconocido,100,10,10,29.0,29.0
2026-10-05T09:45:03.771209,Bambu_H2D_1,0948BB5B1600363,FINISH,1,Desconocido,100,10,10,29.0,29.0
2026-10-05T09:45:05.085703,Bambu_H2D_1,0948BB5B1600363,FINISH,1,Desconocido,100,10,10,29.0,29.0
2026-10-05T09:45:06.487273,Bambu_H2D_1,0948BB5B1600363,FINISH,1,Desconocido,100,10,10,29.0,29.0
2026-10-05T09:45:07.849063,Bambu_H2D_1,0948BB5B1600363,FINISH,1,Desconocido,100,10,10,29.0,29.0
2026-10-05T09:45:09.248545,Bambu_H2D_1,0948BB5B1600363,FINISH,1,Desconocido,100,10,10,29.0,29.0
2026-10-05T09:45:10.756621,Bambu_H2D_1,0948BB5B1600363,FINISH,1,Desconocido,100,10,10,29.0,29.0
2026-10-05T09:45:12.134463,Bambu_H2D_1,0948BB5B1600363,FINISH,1,Desconocido,100,10,10,29.0,29.0
2026-10-07T08:37:43.792526,Bambu_H2D_2,0948BB5B1601428,FAILED,1,Desconocido,0,0,10,26.0,25.0
2026-10-07T08:37:43.856239,Bambu_H2D_1,0948BB5B1600363,FINISH,1,Desconocido,100,10,10,35.0,37.0
2026-10-07T08:37:45.260241,Bambu_H2D_1,0948BB5B1600363,FINISH,1,Desconocido,100,10,10,35.0,37.0
2026-10-07T08:37:45.276471,Bambu_H2D_2,0948BB5B1601428,FAILED,1,Desconocido,0,0,10,26.0,25.0
2026-10-07T08:37:46.642839,Bambu_H2D_1,0948BB5B1600363,FINISH,1,Desconocido,100,10,10,35.0,37.0
2026-10-07T08:37:46.705315,Bambu_H2D_2,0948BB5B1601428,FAILED,1,Desconocido,0,0,10,26.0,25.0
2026-10-07T08:37:47.977758,Bambu_H2D_1,0948BB5B1600363,FINISH,1,Desconocido,100,10,10,35.0,37.0
2026-10-07T08:37:48.065307,Bambu_H2D_2,0948BB5B1601428,FAILED,1,Desconocido,0,0,10,26.0,25.0
2026-10-07T08:37:49.320022,Bambu_H2D_1,0948BB5B1600363,FINISH,1,Desconocido,100,10,10,35.0,37.0
2026-10-07T08:37:49.373538,Bambu_H2D_2,0948BB5B1601428,FAILED,1,Desconocido,0,0,10,26.0,25.0
2026-10-07T08:37:50.672619,Bambu_H2D_1,0948BB5B1600363,FINISH,1,Desconocido,100,10,10,35.0,37.0
2026-10-07T08:37:50.864784,Bambu_H2D_2,0948BB5B1601428,FAILED,1,Desconocido,0,0,10,26.0,25.0
2026-10-07T08:37:52.103081,Bambu_H2D_1,0948BB5B1600363,FINISH,1,Desconocido,100,10,10,35.0,37.0
2026-10-07T08:37:52.252360,Bambu_H2D_2,0948BB5B1601428,FAILED,1,Desconocido,0,0,10,26.0,25.0
2026-10-07T08:37:53.457129,Bambu_H2D_1,0948BB5B1600363,FINISH,1,Desconocido,100,10,10,35.0,37.0
2026-10-07T08:37:53.681790,Bambu_H2D_2,0948BB5B1601428,FAILED,1,Desconocido,0,0,10,26.0,25.0
2026-10-07T08:37:54.824300,Bambu_H2D_1,0948BB5B1600363,FINISH,1,Desconocido,100,10,10,35.0,37.0
2026-10-07T08:37:55.003194,Bambu_H2D_2,0948BB5B1601428,FAILED,1,Desconocido,0,0,10,26.0,25.0
2026-10-07T08:37:56.273645,Bambu_H2D_1,0948BB5B1600363,FINISH,1,Desconocido,100,10,10,35.0,37.0
2026-10-07T08:37:56.509209,Bambu_H2D_2,0948BB5B1601428,FAILED,1,Desconocido,0,0,10,26.0,25.0
2026-10-07T08:37:57.587915,Bambu_H2D_1,0948BB5B1600363,FINISH,1,Desconocido,100,10,10,35.0,37.0
2026-10-07T08:37:57.851968,Bambu_H2D_2,0948BB5B1601428,FAILED,1,Desconocido,0,0,10,26.0,25.0
2026-10-07T08:37:58.976110,Bambu_H2D_1,0948BB5B1600363,FINISH,1,Desconocido,100,10,10,35.0,37.0
2026-10-07T08:37:59.182779,Bambu_H2D_2,0948BB5B1601428,FAILED,1,Desconocido,0,0,10,26.0,25.0
2026-10-07T08:38:00.421531,Bambu_H2D_1,0948BB5B1600363,FINISH,1,Desconocido,100,10,10,35.0,37.0
2026-10-07T08:38:00.792275,Bambu_H2D_2,0948BB5B1601428,FAILED,1,Desconocido,0,0,10,26.0,25.0
2026-10-07T08:38:01.785864,Bambu_H2D_1,0948BB5B1600363,FINISH,1,Desconocido,100,10,10,35.0,37.0
2026-10-07T08:38:02.109760,Bambu_H2D_2,0948BB5B1601428,FAILED,1,Desconocido,0,0,10,26.0,25.0
2026-10-07T08:38:03.129903,Bambu_H2D_1,0948BB5B1600363,FINISH,1,Desconocido,100,10,10,35.0,37.0
2026-10-07T08:38:03.429916,Bambu_H2D_2,0948BB5B1601428,FAILED,1,Desconocido,0,0,10,26.0,25.0
2026-10-07T08:38:04.626853,Bambu_H2D_1,0948BB5B1600363,FINISH,1,Desconocido,100,10,10,35.0,37.0
2026-10-07T08:38:04.790906,Bambu_H2D_2,0948BB5B1601428,FAILED,1,Desconocido,0,0,10,26.0,25.0
2026-10-07T08:38:06.038688,Bambu_H2D_1,0948BB5B1600363,FINISH,1,Desconocido,100,10,10,35.0,37.0
2026-10-07T08:38:06.341518,Bambu_H2D_2,0948BB5B1601428,FAILED,1,Desconocido,0,0,10,26.0,25.0
2026-10-07T08:38:07.373278,Bambu_H2D_1,0948BB5B1600363,FINISH,1,Desconocido,100,10,10,35.0,37.0
2026-10-07T08:38:07.746210,Bambu_H2D_2,0948BB5B1601428,FAILED,1,Desconocido,0,0,10,26.0,25.0
2026-10-07T08:38:08.821742,Bambu_H2D_1,0948BB5B1600363,FINISH,1,Desconocido,100,10,10,35.0,37.0
2026-10-07T08:38:09.077628,Bambu_H2D_2,0948BB5B1601428,FAILED,1,Desconocido,0,0,10,26.0,25.0
2026-10-07T08:38:09.542509,Bambu_H2D_1,0948BB5B1600363,N/A,N/A,Desconocido,0,0,0,0.0,0.0
2026-10-07T08:38:09.606362,Bambu_H2D_1,0948BB5B1600363,N/A,N/A,Desconocido,0,0,0,0.0,0.0
2026-10-07T08:38:09.607458,Bambu_H2D_1,0948BB5B1600363,N/A,N/A,Desconocido,0,0,0,0.0,0.0
2026-10-07T08:38:09.608216,Bambu_H2D_1,0948BB5B1600363,N/A,N/A,Desconocido,0,0,0,0.0,0.0
2026-10-07T08:38:09.667010,Bambu_H2D_1,0948BB5B1600363,N/A,N/A,Desconocido,0,0,0,0.0,0.0
2026-10-07T08:38:09.852448,Bambu_H2D_1,0948BB5B1600363,N/A,N/A,Desconocido,0,0,0,0.0,0.0
2026-10-07T08:38:09.906109,Bambu_H2D_1,0948BB5B1600363,N/A,N/A,Desconocido,0,0,0,0.0,0.0
2026-10-07T08:38:10.590780,Bambu_H2D_2,0948BB5B1601428,FAILED,1,Desconocido,0,0,10,26.0,25.0
2026-10-07T08:38:11.265818,Bambu_H2D_1,0948BB5B1600363,PREPARE,1,Desconocido,0,10,10,35.0,37.0
2026-10-07T08:38:11.950166,Bambu_H2D_2,0948BB5B1601428,FAILED,1,Desconocido,0,0,10,26.0,25.0
2026-10-07T08:38:12.745140,Bambu_H2D_1,0948BB5B1600363,RUNNING,2,Desconocido,0,10,10,35.0,37.0
2026-10-07T08:38:13.332799,Bambu_H2D_2,0948BB5B1601428,FAILED,1,Desconocido,0,0,10,26.0,25.0
2026-10-07T08:38:14.099387,Bambu_H2D_1,0948BB5B1600363,RUNNING,2,Desconocido,0,0,10,35.0,37.0
2026-10-07T08:38:14.710333,Bambu_H2D_2,0948BB5B1601428,FAILED,1,Desconocido,0,0,10,26.0,25.0
2026-10-07T08:38:15.449048,Bambu_H2D_1,0948BB5B1600363,RUNNING,2,Desconocido,0,0,10,35.0,37.0
2026-10-07T08:38:16.202938,Bambu_H2D_2,0948BB5B1601428,FAILED,1,Desconocido,0,0,10,26.0,25.0
2026-10-07T08:38:16.823990,Bambu_H2D_1,0948BB5B1600363,RUNNING,2,Desconocido,0,0,10,35.0,37.0
2026-10-07T08:38:17.583946,Bambu_H2D_2,0948BB5B1601428,FAILED,1,Desconocido,0,0,10,26.0,25.0
2026-10-07T08:38:18.192872,Bambu_H2D_1,0948BB5B1600363,RUNNING,2,Desconocido,0,0,10,35.0,37.0
2026-10-07T08:38:18.937761,Bambu_H2D_2,0948BB5B1601428,FAILED,1,Desconocido,0,0,10,26.0,25.0
2026-10-07T08:38:19.641644,Bambu_H2D_1,0948BB5B1600363,RUNNING,2,Desconocido,0,0,10,35.0,37.0
2026-10-07T08:38:20.376511,Bambu_H2D_2,0948BB5B1601428,FAILED,1,Desconocido,0,0,10,26.0,25.0
2026-10-07T08:38:20.967366,Bambu_H2D_1,0948BB5B1600363,RUNNING,2,Desconocido,0,0,10,35.0,37.0
2026-10-07T08:38:21.540191,Bambu_H2D_2,0948BB5B1601428,N/A,N/A,Desconocido,0,0,0,0.0,0.0
2026-10-07T08:38:21.596678,Bambu_H2D_2,0948BB5B1601428,N/A,N/A,Desconocido,0,0,0,0.0,0.0
2026-10-07T08:38:21.599053,Bambu_H2D_2,0948BB5B1601428,N/A,N/A,Desconocido,0,0,0,0.0,0.0
2026-10-07T08:38:21.645509,Bambu_H2D_2,0948BB5B1601428,N/A,N/A,Desconocido,0,0,0,0.0,0.0
2026-10-07T08:38:21.647817,Bambu_H2D_2,0948BB5B1601428,N/A,N/A,Desconocido,0,0,0,0.0,0.0
2026-10-07T08:38:21.931922,Bambu_H2D_2,0948BB5B1601428,N/A,N/A,Desconocido,0,0,0,0.0,0.0
2026-10-07T08:38:21.985003,Bambu_H2D_2,0948BB5B1601428,N/A,N/A,Desconocido,0,0,0,0.0,0.0
2026-10-07T08:38:22.126760,Bambu_H2D_2,0948BB5B1601428,PREPARE,1,Desconocido,0,0,10,26.0,25.0
2026-10-07T08:38:22.324042,Bambu_H2D_1,0948BB5B1600363,RUNNING,2,Desconocido,0,0,10,35.0,37.0
2026-10-07T08:38:23.537990,Bambu_H2D_2,0948BB5B1601428,RUNNING,2,Desconocido,0,0,10,26.0,25.0
2026-10-07T08:38:23.686391,Bambu_H2D_1,0948BB5B1600363,RUNNING,2,Desconocido,0,0,10,35.0,37.0
2026-10-07T08:38:24.882334,Bambu_H2D_1,0948BB5B1600363,RUNNING,2,Desconocido,0,0,10,34.0,37.0
2026-10-07T08:38:24.908768,Bambu_H2D_2,0948BB5B1601428,RUNNING,2,Desconocido,0,0,10,26.0,25.0
2026-10-07T08:38:26.105872,Bambu_H2D_1,0948BB5B1600363,RUNNING,2,Desconocido,0,0,10,35.0,37.0
2026-10-07T08:38:26.268764,Bambu_H2D_2,0948BB5B1601428,RUNNING,2,Desconocido,0,0,10,26.0,25.0
2026-10-07T08:38:27.309945,Bambu_H2D_1,0948BB5B1600363,RUNNING,2,Desconocido,0,0,10,38.0,37.0
2026-10-07T08:38:27.926482,Bambu_H2D_2,0948BB5B1601428,RUNNING,2,Desconocido,0,0,10,26.0,25.0
2026-10-07T08:38:28.543956,Bambu_H2D_1,0948BB5B1600363,RUNNING,2,Desconocido,0,0,10,50.0,38.0
2026-10-07T08:38:29.270340,Bambu_H2D_2,0948BB5B1601428,RUNNING,2,Desconocido,0,0,10,26.0,25.0
2026-10-07T08:38:29.778756,Bambu_H2D_1,0948BB5B1600363,RUNNING,2,Desconocido,0,0,10,58.0,38.0
2026-10-07T08:38:30.609529,Bambu_H2D_2,0948BB5B1601428,RUNNING,2,Desconocido,0,0,10,26.0,25.0
2026-10-07T08:38:30.978272,Bambu_H2D_1,0948BB5B1600363,RUNNING,2,Desconocido,0,0,10,65.0,39.0
2026-10-07T08:38:31.939647,Bambu_H2D_2,0948BB5B1601428,RUNNING,2,Desconocido,0,0,10,26.0,25.0
2026-10-07T08:38:32.238550,Bambu_H2D_1,0948BB5B1600363,RUNNING,2,Desconocido,0,0,10,72.0,39.0
2026-10-07T08:38:33.424980,Bambu_H2D_1,0948BB5B1600363,RUNNING,2,Desconocido,0,0,10,86.0,41.0
2026-10-07T08:38:33.515882,Bambu_H2D_2,0948BB5B1601428,RUNNING,2,Desconocido,0,0,10,26.0,25.0
2026-10-07T08:38:34.631959,Bambu_H2D_1,0948BB5B1600363,RUNNING,2,Desconocido,0,0,10,93.0,41.0
2026-10-07T08:38:34.886879,Bambu_H2D_2,0948BB5B1601428,RUNNING,2,Desconocido,0,0,10,26.0,25.0
2026-10-07T08:38:35.865656,Bambu_H2D_1,0948BB5B1600363,RUNNING,2,Desconocido,0,0,10,99.0,42.0
2026-10-07T08:38:36.076575,Bambu_H2D_2,0948BB5B1601428,RUNNING,2,Desconocido,0,0,10,26.0,25.0
2026-10-07T08:38:37.058739,Bambu_H2D_1,0948BB5B1600363,RUNNING,2,Desconocido,0,0,10,105.0,43.0
2026-10-07T08:38:37.282049,Bambu_H2D_2,0948BB5B1601428,RUNNING,2,Desconocido,0,0,10,27.0,25.0
2026-10-07T08:38:38.270462,Bambu_H2D_1,0948BB5B1600363,RUNNING,2,Desconocido,0,0,10,111.0,44.0
2026-10-07T08:38:38.624966,Bambu_H2D_2,0948BB5B1601428,RUNNING,2,Desconocido,0,0,10,31.0,25.0
2026-10-07T08:38:39.513449,Bambu_H2D_1,0948BB5B1600363,RUNNING,2,Desconocido,0,0,10,123.0,45.0
2026-10-07T08:38:39.867051,Bambu_H2D_2,0948BB5B1601428,RUNNING,2,Desconocido,0,0,10,37.0,26.0
2026-10-07T08:38:40.758473,Bambu_H2D_1,0948BB5B1600363,RUNNING,2,Desconocido,0,0,10,128.0,46.0
2026-10-07T08:38:41.049969,Bambu_H2D_2,0948BB5B1601428,RUNNING,2,Desconocido,0,0,10,44.0,26.0
2026-10-07T08:38:41.897841,Bambu_H2D_1,0948BB5B1600363,RUNNING,2,Desconocido,0,0,10,134.0,47.0
2026-10-07T08:38:42.273042,Bambu_H2D_2,0948BB5B1601428,RUNNING,2,Desconocido,0,0,10,52.0,27.0
2026-10-07T08:38:43.100808,Bambu_H2D_1,0948BB5B1600363,RUNNING,2,Desconocido,0,0,10,138.0,47.0
2026-10-07T08:38:43.610256,Bambu_H2D_2,0948BB5B1601428,RUNNING,2,Desconocido,0,0,10,60.0,27.0
2026-10-07T08:38:44.322290,Bambu_H2D_1,0948BB5B1600363,RUNNING,2,Desconocido,0,0,10,139.0,48.0
2026-10-07T08:38:44.819708,Bambu_H2D_2,0948BB5B1601428,RUNNING,2,Desconocido,0,0,10,74.0,29.0
2026-10-07T08:38:45.544515,Bambu_H2D_1,0948BB5B1600363,RUNNING,2,Desconocido,0,0,10,141.0,50.0
2026-10-07T08:38:46.038228,Bambu_H2D_2,0948BB5B1601428,RUNNING,2,Desconocido,0,0,10,82.0,29.0
2026-10-07T08:38:46.771953,Bambu_H2D_1,0948BB5B1600363,RUNNING,2,Desconocido,0,0,10,142.0,50.0
2026-10-07T08:38:47.270478,Bambu_H2D_2,0948BB5B1601428,RUNNING,2,Desconocido,0,0,10,89.0,30.0
2026-10-07T08:38:47.965369,Bambu_H2D_1,0948BB5B1600363,RUNNING,2,Desconocido,0,0,10,142.0,51.0
2026-10-07T08:38:48.667802,Bambu_H2D_2,0948BB5B1601428,RUNNING,2,Desconocido,0,0,10,96.0,31.0
2026-10-07T08:38:49.189809,Bambu_H2D_1,0948BB5B1600363,RUNNING,2,Desconocido,0,0,10,142.0,52.0
2026-10-07T08:38:49.890766,Bambu_H2D_2,0948BB5B1601428,RUNNING,2,Desconocido,0,0,10,109.0,32.0
2026-10-07T08:38:50.414171,Bambu_H2D_1,0948BB5B1600363,RUNNING,2,Desconocido,0,0,10,141.0,53.0
2026-10-07T08:38:50.450071,Bambu_H2D_1,0948BB5B1600363,N/A,N/A,Desconocido,0,0,0,0.0,0.0
2026-10-07T08:38:50.610404,Bambu_H2D_1,0948BB5B1600363,N/A,N/A,Desconocido,0,0,0,0.0,0.0
2026-10-07T08:38:51.033672,Bambu_H2D_1,0948BB5B1600363,N/A,N/A,Desconocido,0,0,0,0.0,0.0
2026-10-07T08:38:51.088269,Bambu_H2D_2,0948BB5B1601428,RUNNING,2,Desconocido,0,0,10,115.0,33.0
2026-10-07T08:38:51.655868,Bambu_H2D_1,0948BB5B1600363,RUNNING,2,Desconocido,0,0,10,141.0,53.0
2026-10-07T08:38:52.301151,Bambu_H2D_2,0948BB5B1601428,RUNNING,2,Desconocido,0,0,10,122.0,34.0
2026-10-07T08:38:52.591676,Bambu_H2D_1,0948BB5B1600363,N/A,N/A,Desconocido,0,0,0,0.0,0.0
2026-10-07T08:38:52.643298,Bambu_H2D_1,0948BB5B1600363,N/A,N/A,Desconocido,0,0,0,0.0,0.0
2026-10-07T08:38:52.986029,Bambu_H2D_1,0948BB5B1600363,RUNNING,2,Desconocido,0,0,10,140.0,53.0
2026-10-07T08:38:53.728921,Bambu_H2D_2,0948BB5B1601428,RUNNING,2,Desconocido,0,0,10,134.0,35.0
2026-10-07T08:38:54.266619,Bambu_H2D_1,0948BB5B1600363,RUNNING,2,Desconocido,0,0,10,139.0,54.0
2026-10-07T08:38:54.888144,Bambu_H2D_2,0948BB5B1601428,RUNNING,2,Desconocido,0,0,10,138.0,36.0
2026-10-07T08:38:55.483432,Bambu_H2D_1,0948BB5B1600363,RUNNING,2,Desconocido,0,0,10,138.0,54.0
2026-10-07T08:38:55.493729,Bambu_H2D_1,0948BB5B1600363,N/A,N/A,Desconocido,0,0,0,0.0,0.0
2026-10-07T08:38:55.498882,Bambu_H2D_1,0948BB5B1600363,N/A,N/A,Desconocido,0,0,0,0.0,0.0
2026-10-07T08:38:56.089207,Bambu_H2D_2,0948BB5B1601428,RUNNING,2,Desconocido,0,0,10,139.0,37.0
2026-10-07T08:38:56.818057,Bambu_H2D_1,0948BB5B1600363,RUNNING,2,Desconocido,0,0,10,137.0,55.0
2026-10-07T08:38:57.302302,Bambu_H2D_2,0948BB5B1601428,RUNNING,2,Desconocido,0,0,10,141.0,37.0
2026-10-07T08:38:58.063869,Bambu_H2D_1,0948BB5B1600363,RUNNING,2,Desconocido,0,0,10,137.0,55.0
2026-10-07T08:38:58.614526,Bambu_H2D_2,0948BB5B1601428,RUNNING,2,Desconocido,0,0,10,144.0,39.0
2026-10-07T08:38:59.421035,Bambu_H2D_1,0948BB5B1600363,RUNNING,2,Desconocido,0,0,10,138.0,55.0
2026-10-07T08:38:59.854651,Bambu_H2D_2,0948BB5B1601428,RUNNING,2,Desconocido,0,0,10,144.0,39.0
2026-10-07T08:39:00.767857,Bambu_H2D_1,0948BB5B1600363,RUNNING,2,Desconocido,0,0,10,139.0,55.0
2026-10-07T08:39:01.134378,Bambu_H2D_2,0948BB5B1601428,RUNNING,2,Desconocido,0,0,10,145.0,40.0
2026-10-07T08:39:02.052272,Bambu_H2D_1,0948BB5B1600363,RUNNING,2,Desconocido,0,0,10,139.0,55.0
2026-10-07T08:39:02.098041,Bambu_H2D_1,0948BB5B1600363,N/A,N/A,Desconocido,0,0,0,0.0,0.0
2026-10-07T08:39:02.142762,Bambu_H2D_1,0948BB5B1600363,N/A,N/A,Desconocido,0,0,0,0.0,0.0
2026-10-07T08:39:02.361838,Bambu_H2D_2,0948BB5B1601428,RUNNING,2,Desconocido,0,0,10,145.0,41.0
2026-10-07T08:39:02.846749,Bambu_H2D_1,0948BB5B1600363,N/A,N/A,Desconocido,0,0,0,0.0,0.0
2026-10-07T08:39:02.894612,Bambu_H2D_1,0948BB5B1600363,N/A,N/A,Desconocido,0,0,0,0.0,0.0
2026-10-07T08:39:03.276393,Bambu_H2D_1,0948BB5B1600363,RUNNING,2,Desconocido,0,0,10,140.0,55.0
2026-10-07T08:39:03.560383,Bambu_H2D_1,0948BB5B1600363,N/A,N/A,Desconocido,0,0,0,0.0,0.0
2026-10-07T08:39:03.616633,Bambu_H2D_1,0948BB5B1600363,N/A,N/A,Desconocido,0,0,0,0.0,0.0
2026-10-07T08:39:03.711076,Bambu_H2D_2,0948BB5B1601428,RUNNING,2,Desconocido,0,0,10,144.0,42.0
2026-10-07T08:39:04.496641,Bambu_H2D_1,0948BB5B1600363,RUNNING,2,Desconocido,0,0,10,140.0,55.0
2026-10-07T08:39:04.872999,Bambu_H2D_2,0948BB5B1601428,N/A,N/A,Desconocido,0,0,0,0.0,0.0
2026-10-07T08:39:04.921944,Bambu_H2D_2,0948BB5B1601428,N/A,N/A,Desconocido,0,0,0,0.0,0.0
2026-10-07T08:39:04.944866,Bambu_H2D_2,0948BB5B1601428,RUNNING,2,Desconocido,0,0,10,143.0,43.0
2026-10-07T08:39:05.780612,Bambu_H2D_1,0948BB5B1600363,RUNNING,2,Desconocido,0,0,10,140.0,55.0
2026-10-07T08:39:06.170209,Bambu_H2D_2,0948BB5B1601428,RUNNING,2,Desconocido,0,0,10,142.0,44.0
2026-10-07T08:39:07.059262,Bambu_H2D_1,0948BB5B1600363,RUNNING,2,Desconocido,0,0,10,140.0,55.0
2026-10-07T08:39:07.091090,Bambu_H2D_2,0948BB5B1601428,N/A,N/A,Desconocido,0,0,0,0.0,0.0
2026-10-07T08:39:07.145513,Bambu_H2D_2,0948BB5B1601428,N/A,N/A,Desconocido,0,0,0,0.0,0.0
2026-10-07T08:39:07.416303,Bambu_H2D_2,0948BB5B1601428,RUNNING,2,Desconocido,0,0,10,141.0,44.0
2026-10-07T08:39:08.342175,Bambu_H2D_1,0948BB5B1600363,RUNNING,2,Desconocido,0,0,10,140.0,55.0
2026-10-07T08:39:08.937233,Bambu_H2D_2,0948BB5B1601428,RUNNING,2,Desconocido,0,0,10,139.0,46.0
2026-10-07T08:39:09.602629,Bambu_H2D_1,0948BB5B1600363,RUNNING,2,Desconocido,0,0,10,140.0,55.0
2026-10-07T08:39:10.036977,Bambu_H2D_2,0948BB5B1601428,N/A,N/A,Desconocido,0,0,0,0.0,0.0
2026-10-07T08:39:10.091803,Bambu_H2D_2,0948BB5B1601428,N/A,N/A,Desconocido,0,0,0,0.0,0.0
2026-10-07T08:39:10.169443,Bambu_H2D_2,0948BB5B1601428,RUNNING,2,Desconocido,0,0,10,138.0,46.0
2026-10-07T08:39:10.830551,Bambu_H2D_1,0948BB5B1600363,RUNNING,2,Desconocido,0,0,10,140.0,55.0
2026-10-07T08:39:11.518188,Bambu_H2D_2,0948BB5B1601428,RUNNING,2,Desconocido,0,0,10,137.0,47.0
2026-10-07T08:39:11.608381,Bambu_H2D_1,0948BB5B1600363,N/A,N/A,Desconocido,0,0,0,0.0,0.0
2026-10-07T08:39:11.665001,Bambu_H2D_1,0948BB5B1600363,N/A,N/A,Desconocido,0,0,0,0.0,0.0
2026-10-07T08:39:12.074117,Bambu_H2D_1,0948BB5B1600363,RUNNING,2,Desconocido,0,0,10,140.0,55.0
2026-10-07T08:39:12.250000,Bambu_H2D_2,0948BB5B1601428,N/A,N/A,Desconocido,0,0,0,0.0,0.0
2026-10-07T08:39:12.324408,Bambu_H2D_2,0948BB5B1601428,N/A,N/A,Desconocido,0,0,0,0.0,0.0
2026-10-07T08:39:12.737912,Bambu_H2D_2,0948BB5B1601428,RUNNING,2,Desconocido,0,0,10,137.0,48.0
2026-10-07T08:39:13.257026,Bambu_H2D_1,0948BB5B1600363,RUNNING,2,Desconocido,0,0,10,140.0,55.0
2026-10-07T08:39:14.211601,Bambu_H2D_2,0948BB5B1601428,RUNNING,2,Desconocido,0,0,10,138.0,49.0
2026-10-07T08:39:14.565464,Bambu_H2D_1,0948BB5B1600363,RUNNING,2,Desconocido,0,0,10,140.0,55.0
2026-10-07T08:39:15.532500,Bambu_H2D_2,0948BB5B1601428,RUNNING,2,Desconocido,0,0,10,138.0,49.0
2026-10-07T08:39:15.776446,Bambu_H2D_1,0948BB5B1600363,RUNNING,2,Desconocido,0,0,10,140.0,55.0
2026-10-07T08:39:16.493065,Bambu_H2D_2,0948BB5B1601428,N/A,N/A,Desconocido,0,0,0,0.0,0.0
2026-10-07T08:39:16.547023,Bambu_H2D_2,0948BB5B1601428,N/A,N/A,Desconocido,0,0,0,0.0,0.0
2026-10-07T08:39:16.725130,Bambu_H2D_2,0948BB5B1601428,RUNNING,2,Desconocido,0,0,10,140.0,51.0
2026-10-07T08:39:16.997649,Bambu_H2D_1,0948BB5B1600363,RUNNING,2,Desconocido,0,0,10,140.0,55.0
2026-10-07T08:39:17.955508,Bambu_H2D_2,0948BB5B1601428,RUNNING,2,Desconocido,0,0,10,140.0,51.0
2026-10-07T08:39:18.314843,Bambu_H2D_1,0948BB5B1600363,RUNNING,2,Desconocido,0,0,10,140.0,55.0
2026-10-07T08:39:19.307476,Bambu_H2D_2,0948BB5B1601428,RUNNING,2,Desconocido,0,0,10,141.0,52.0
2026-10-07T08:39:19.642729,Bambu_H2D_1,0948BB5B1600363,RUNNING,2,Desconocido,0,0,10,140.0,55.0
2026-10-07T08:39:20.516770,Bambu_H2D_2,0948BB5B1601428,RUNNING,2,Desconocido,0,0,10,141.0,53.0
2026-10-07T08:39:20.916691,Bambu_H2D_1,0948BB5B1600363,RUNNING,2,Desconocido,0,0,10,140.0,55.0
2026-10-07T08:39:21.769187,Bambu_H2D_2,0948BB5B1601428,RUNNING,2,Desconocido,0,0,10,140.0,53.0
2026-10-07T08:39:21.826489,Bambu_H2D_2,0948BB5B1601428,N/A,N/A,Desconocido,0,0,0,0.0,0.0
2026-10-07T08:39:21.827660,Bambu_H2D_2,0948BB5B1601428,N/A,N/A,Desconocido,0,0,0,0.0,0.0
2026-10-07T08:39:22.131326,Bambu_H2D_1,0948BB5B1600363,RUNNING,2,Desconocido,0,0,10,140.0,55.0
2026-10-07T08:39:23.179140,Bambu_H2D_2,0948BB5B1601428,RUNNING,2,Desconocido,0,0,10,140.0,53.0
2026-10-07T08:39:23.337819,Bambu_H2D_1,0948BB5B1600363,RUNNING,2,Desconocido,0,0,10,140.0,55.0
2026-10-07T08:39:24.587731,Bambu_H2D_2,0948BB5B1601428,RUNNING,2,Desconocido,0,0,10,140.0,54.0
2026-10-07T08:39:24.618452,Bambu_H2D_1,0948BB5B1600363,RUNNING,2,Desconocido,0,0,10,140.0,55.0
2026-10-07T08:39:25.822815,Bambu_H2D_1,0948BB5B1600363,RUNNING,2,Desconocido,0,0,10,140.0,55.0
2026-10-07T08:39:25.845323,Bambu_H2D_2,0948BB5B1601428,RUNNING,2,Desconocido,0,0,10,139.0,54.0
2026-10-07T08:39:27.046647,Bambu_H2D_1,0948BB5B1600363,RUNNING,2,Desconocido,0,0,10,140.0,55.0
2026-10-07T08:39:27.134297,Bambu_H2D_2,0948BB5B1601428,RUNNING,2,Desconocido,0,0,10,139.0,54.0
2026-10-07T08:39:27.728303,Bambu_H2D_2,0948BB5B1601428,N/A,N/A,Desconocido,0,0,0,0.0,0.0
2026-10-07T08:39:27.783055,Bambu_H2D_2,0948BB5B1601428,N/A,N/A,Desconocido,0,0,0,0.0,0.0
2026-10-07T08:39:28.295653,Bambu_H2D_1,0948BB5B1600363,RUNNING,2,Desconocido,0,0,10,140.0,55.0
2026-10-07T08:39:28.336406,Bambu_H2D_2,0948BB5B1601428,RUNNING,2,Desconocido,0,0,10,139.0,54.0
2026-10-07T08:39:28.471656,Bambu_H2D_2,0948BB5B1601428,N/A,N/A,Desconocido,0,0,0,0.0,0.0
2026-10-07T08:39:28.519352,Bambu_H2D_2,0948BB5B1601428,N/A,N/A,Desconocido,0,0,0,0.0,0.0
2026-10-07T08:39:29.199037,Bambu_H2D_2,0948BB5B1601428,N/A,N/A,Desconocido,0,0,0,0.0,0.0
2026-10-07T08:39:29.255943,Bambu_H2D_2,0948BB5B1601428,N/A,N/A,Desconocido,0,0,0,0.0,0.0
2026-10-07T08:39:29.543183,Bambu_H2D_1,0948BB5B1600363,RUNNING,2,Desconocido,0,0,10,140.0,55.0
2026-10-07T08:39:29.801192,Bambu_H2D_2,0948BB5B1601428,RUNNING,2,Desconocido,0,0,10,140.0,55.0
2026-10-07T08:39:30.760169,Bambu_H2D_1,0948BB5B1600363,RUNNING,2,Desconocido,0,0,10,140.0,55.0
2026-10-07T08:39:31.214384,Bambu_H2D_2,0948BB5B1601428,RUNNING,2,Desconocido,0,0,10,140.0,55.0
2026-10-07T08:39:31.985783,Bambu_H2D_1,0948BB5B1600363,RUNNING,2,Desconocido,0,0,10,140.0,55.0
2026-10-07T08:39:32.456243,Bambu_H2D_2,0948BB5B1601428,RUNNING,2,Desconocido,0,0,10,140.0,55.0
2026-10-07T08:39:33.193883,Bambu_H2D_1,0948BB5B1600363,RUNNING,2,Desconocido,0,0,10,140.0,55.0
2026-10-07T08:39:33.764012,Bambu_H2D_2,0948BB5B1601428,RUNNING,2,Desconocido,0,0,10,140.0,55.0
2026-10-07T08:39:34.440463,Bambu_H2D_1,0948BB5B1600363,RUNNING,2,Desconocido,0,0,10,140.0,55.0
2026-10-07T08:39:35.153485,Bambu_H2D_2,0948BB5B1601428,RUNNING,2,Desconocido,0,0,10,141.0,55.0
2026-10-07T08:39:35.658381,Bambu_H2D_1,0948BB5B1600363,RUNNING,2,Desconocido,0,0,10,140.0,55.0
2026-10-07T08:39:36.453763,Bambu_H2D_2,0948BB5B1601428,RUNNING,2,Desconocido,0,0,10,141.0,55.0
2026-10-07T08:39:36.859812,Bambu_H2D_1,0948BB5B1600363,RUNNING,2,Desconocido,0,0,10,140.0,55.0
2026-10-07T08:39:37.342448,Bambu_H2D_2,0948BB5B1601428,N/A,N/A,Desconocido,0,0,0,0.0,0.0
2026-10-07T08:39:37.400560,Bambu_H2D_2,0948BB5B1601428,N/A,N/A,Desconocido,0,0,0,0.0,0.0
2026-10-07T08:39:37.658596,Bambu_H2D_2,0948BB5B1601428,RUNNING,2,Desconocido,0,0,10,140.0,55.0
2026-10-07T08:39:38.095652,Bambu_H2D_1,0948BB5B1600363,RUNNING,2,Desconocido,0,0,10,140.0,55.0
2026-10-07T08:39:38.882221,Bambu_H2D_2,0948BB5B1601428,RUNNING,2,Desconocido,0,0,10,140.0,55.0
2026-10-07T08:39:39.096778,Bambu_H2D_1,0948BB5B1600363,N/A,N/A,Desconocido,0,0,0,0.0,0.0
2026-10-07T08:39:39.155781,Bambu_H2D_1,0948BB5B1600363,N/A,N/A,Desconocido,0,0,0,0.0,0.0
2026-10-07T08:39:39.349774,Bambu_H2D_1,0948BB5B1600363,RUNNING,2,Desconocido,0,0,10,140.0,55.0
2026-10-07T08:39:40.235624,Bambu_H2D_2,0948BB5B1601428,RUNNING,2,Desconocido,0,0,10,140.0,55.0
2026-10-07T08:39:40.577465,Bambu_H2D_1,0948BB5B1600363,RUNNING,2,Desconocido,0,0,10,140.0,55.0
2026-10-07T08:39:41.491971,Bambu_H2D_2,0948BB5B1601428,RUNNING,2,Desconocido,0,0,10,140.0,55.0
2026-10-07T08:39:41.811536,Bambu_H2D_1,0948BB5B1600363,RUNNING,2,Desconocido,0,0,10,140.0,55.0
2026-10-07T08:39:42.740365,Bambu_H2D_2,0948BB5B1601428,RUNNING,2,Desconocido,0,0,10,140.0,55.0
2026-10-07T08:39:43.440442,Bambu_H2D_1,0948BB5B1600363,RUNNING,2,Desconocido,0,0,10,140.0,55.0
2026-10-07T08:39:43.681293,Bambu_H2D_1,0948BB5B1600363,N/A,N/A,Desconocido,0,0,0,0.0,0.0
2026-10-07T08:39:43.729166,Bambu_H2D_1,0948BB5B1600363,N/A,N/A,Desconocido,0,0,0,0.0,0.0
2026-10-07T08:39:43.783919,Bambu_H2D_1,0948BB5B1600363,N/A,N/A,Desconocido,0,0,0,0.0,0.0
2026-10-07T08:39:43.986628,Bambu_H2D_2,0948BB5B1601428,RUNNING,2,Desconocido,0,0,10,140.0,55.0
2026-10-07T08:39:44.644027,Bambu_H2D_1,0948BB5B1600363,RUNNING,2,Desconocido,0,0,10,140.0,55.0
2026-10-07T08:39:45.351457,Bambu_H2D_2,0948BB5B1601428,RUNNING,2,Desconocido,0,0,10,140.0,55.0
2026-10-07T08:39:46.017679,Bambu_H2D_1,0948BB5B1600363,RUNNING,2,Desconocido,0,0,10,140.0,55.0
2026-10-07T08:39:46.568604,Bambu_H2D_2,0948BB5B1601428,RUNNING,2,Desconocido,0,0,10,140.0,55.0
2026-10-07T08:39:47.314238,Bambu_H2D_1,0948BB5B1600363,RUNNING,2,Desconocido,0,0,10,140.0,55.0
2026-10-07T08:39:47.798057,Bambu_H2D_2,0948BB5B1601428,RUNNING,2,Desconocido,0,0,10,141.0,55.0
2026-10-07T08:39:48.739071,Bambu_H2D_1,0948BB5B1600363,RUNNING,2,Desconocido,0,0,10,140.0,55.0
2026-10-07T08:39:49.013581,Bambu_H2D_2,0948BB5B1601428,RUNNING,2,Desconocido,0,0,10,141.0,55.0
2026-10-07T08:39:50.166228,Bambu_H2D_1,0948BB5B1600363,RUNNING,2,Desconocido,0,0,10,140.0,55.0
2026-10-07T08:39:50.448154,Bambu_H2D_2,0948BB5B1601428,RUNNING,2,Desconocido,0,0,10,141.0,55.0
2026-10-07T08:39:51.220554,Bambu_H2D_1,0948BB5B1600363,N/A,N/A,Desconocido,0,0,0,0.0,0.0
2026-10-07T08:39:51.356358,Bambu_H2D_1,0948BB5B1600363,N/A,N/A,Desconocido,0,0,0,0.0,0.0
2026-10-07T08:39:51.488550,Bambu_H2D_1,0948BB5B1600363,RUNNING,2,Desconocido,0,0,10,140.0,55.0
2026-10-07T08:39:51.626934,Bambu_H2D_1,0948BB5B1600363,N/A,N/A,Desconocido,0,0,0,0.0,0.0
2026-10-07T08:39:51.680820,Bambu_H2D_2,0948BB5B1601428,RUNNING,2,Desconocido,0,0,10,141.0,55.0
2026-10-07T08:39:52.759671,Bambu_H2D_1,0948BB5B1600363,RUNNING,2,Desconocido,0,0,10,140.0,55.0
2026-10-07T08:39:52.860531,Bambu_H2D_2,0948BB5B1601428,RUNNING,2,Desconocido,0,0,10,141.0,55.0
2026-10-07T08:39:53.980795,Bambu_H2D_1,0948BB5B1600363,RUNNING,2,Desconocido,0,0,10,140.0,55.0
2026-10-07T08:39:54.102053,Bambu_H2D_2,0948BB5B1601428,RUNNING,2,Desconocido,0,0,10,140.0,55.0
2026-10-07T08:39:54.117273,Bambu_H2D_1,0948BB5B1600363,N/A,N/A,Desconocido,0,0,0,0.0,0.0
2026-10-07T08:39:54.172164,Bambu_H2D_1,0948BB5B1600363,N/A,N/A,Desconocido,0,0,0,0.0,0.0
2026-10-07T08:39:54.173299,Bambu_H2D_1,0948BB5B1600363,N/A,N/A,Desconocido,0,0,0,0.0,0.0
2026-10-07T08:39:55.226321,Bambu_H2D_1,0948BB5B1600363,RUNNING,2,Desconocido,0,0,10,140.0,55.0
2026-10-07T08:39:55.454819,Bambu_H2D_2,0948BB5B1601428,RUNNING,2,Desconocido,0,0,10,140.0,55.0
2026-10-07T08:39:56.715922,Bambu_H2D_2,0948BB5B1601428,RUNNING,2,Desconocido,0,0,10,140.0,55.0
2026-10-07T08:39:56.785369,Bambu_H2D_1,0948BB5B1600363,RUNNING,2,Desconocido,0,0,10,140.0,55.0
2026-10-07T08:39:57.954237,Bambu_H2D_2,0948BB5B1601428,RUNNING,2,Desconocido,0,0,10,140.0,55.0
2026-10-07T08:39:58.162193,Bambu_H2D_1,0948BB5B1600363,RUNNING,2,Desconocido,0,0,10,140.0,55.0
2026-10-07T08:39:59.233714,Bambu_H2D_2,0948BB5B1601428,RUNNING,2,Desconocido,0,0,10,140.0,55.0
2026-10-07T08:39:59.383265,Bambu_H2D_1,0948BB5B1600363,RUNNING,2,Desconocido,0,0,10,140.0,55.0
2026-10-07T08:40:00.610259,Bambu_H2D_2,0948BB5B1601428,RUNNING,2,Desconocido,0,0,10,140.0,55.0
2026-10-07T08:40:00.708271,Bambu_H2D_1,0948BB5B1600363,RUNNING,2,Desconocido,0,0,10,140.0,55.0
2026-10-07T08:40:00.712527,Bambu_H2D_1,0948BB5B1600363,N/A,N/A,Desconocido,0,0,0,0.0,0.0
2026-10-07T08:40:00.817959,Bambu_H2D_1,0948BB5B1600363,N/A,N/A,Desconocido,0,0,0,0.0,0.0
2026-10-07T08:40:01.229285,Bambu_H2D_1,0948BB5B1600363,N/A,N/A,Desconocido,0,0,0,0.0,0.0
2026-10-07T08:40:01.821334,Bambu_H2D_2,0948BB5B1601428,RUNNING,2,Desconocido,0,0,10,140.0,55.0
2026-10-07T08:40:01.952347,Bambu_H2D_1,0948BB5B1600363,RUNNING,2,Desconocido,0,0,10,140.0,55.0
2026-10-07T08:40:02.732923,Bambu_H2D_2,0948BB5B1601428,N/A,N/A,Desconocido,0,0,0,0.0,0.0
2026-10-07T08:40:02.789120,Bambu_H2D_2,0948BB5B1601428,N/A,N/A,Desconocido,0,0,0,0.0,0.0
2026-10-07T08:40:03.036805,Bambu_H2D_2,0948BB5B1601428,RUNNING,2,Desconocido,0,0,10,140.0,55.0
2026-10-07T08:40:03.195419,Bambu_H2D_1,0948BB5B1600363,RUNNING,2,Desconocido,0,0,10,140.0,55.0
2026-10-07T08:40:04.040252,Bambu_H2D_1,0948BB5B1600363,N/A,N/A,Desconocido,0,0,0,0.0,0.0
2026-10-07T08:40:04.246282,Bambu_H2D_1,0948BB5B1600363,N/A,N/A,Desconocido,0,0,0,0.0,0.0
2026-10-07T08:40:04.333731,Bambu_H2D_2,0948BB5B1601428,RUNNING,2,Desconocido,0,0,10,140.0,55.0
2026-10-07T08:40:04.441759,Bambu_H2D_1,0948BB5B1600363,N/A,N/A,Desconocido,0,0,0,0.0,0.0
2026-10-07T08:40:04.578923,Bambu_H2D_1,0948BB5B1600363,RUNNING,2,Desconocido,0,0,10,140.0,55.0
2026-10-07T08:40:05.765368,Bambu_H2D_2,0948BB5B1601428,RUNNING,2,Desconocido,0,0,10,140.0,55.0
2026-10-07T08:40:05.894412,Bambu_H2D_1,0948BB5B1600363,RUNNING,2,Desconocido,0,0,10,140.0,55.0
2026-10-07T08:40:06.894244,Bambu_H2D_2,0948BB5B1601428,N/A,N/A,Desconocido,0,0,0,0.0,0.0
2026-10-07T08:40:06.954290,Bambu_H2D_2,0948BB5B1601428,N/A,N/A,Desconocido,0,0,0,0.0,0.0
2026-10-07T08:40:06.956757,Bambu_H2D_2,0948BB5B1601428,N/A,N/A,Desconocido,0,0,0,0.0,0.0
2026-10-07T08:40:06.994721,Bambu_H2D_2,0948BB5B1601428,RUNNING,2,Desconocido,0,0,10,140.0,55.0
2026-10-07T08:40:07.395334,Bambu_H2D_1,0948BB5B1600363,RUNNING,2,Desconocido,0,0,10,140.0,55.0
2026-10-07T08:40:08.207435,Bambu_H2D_2,0948BB5B1601428,RUNNING,2,Desconocido,0,0,10,140.0,55.0
2026-10-07T08:40:08.598379,Bambu_H2D_1,0948BB5B1600363,RUNNING,2,Desconocido,0,0,10,140.0,55.0
2026-10-07T08:40:09.524239,Bambu_H2D_2,0948BB5B1601428,RUNNING,2,Desconocido,0,0,10,140.0,55.0
2026-10-07T08:40:09.805339,Bambu_H2D_1,0948BB5B1600363,RUNNING,2,Desconocido,0,0,10,140.0,55.0
2026-10-07T08:40:10.996471,Bambu_H2D_1,0948BB5B1600363,RUNNING,2,Desconocido,0,0,10,140.0,55.0
2026-10-07T08:40:11.055976,Bambu_H2D_2,0948BB5B1601428,RUNNING,2,Desconocido,0,0,10,140.0,55.0
2026-10-07T08:40:11.821348,Bambu_H2D_1,0948BB5B1600363,N/A,N/A,Desconocido,0,0,0,0.0,0.0
2026-10-07T08:40:11.882649,Bambu_H2D_1,0948BB5B1600363,N/A,N/A,Desconocido,0,0,0,0.0,0.0
2026-10-07T08:40:12.235575,Bambu_H2D_1,0948BB5B1600363,RUNNING,2,Desconocido,0,0,10,140.0,55.0
2026-10-07T08:40:12.391031,Bambu_H2D_2,0948BB5B1601428,RUNNING,2,Desconocido,0,0,10,140.0,55.0
2026-10-07T08:40:13.429398,Bambu_H2D_1,0948BB5B1600363,RUNNING,2,Desconocido,0,0,10,140.0,55.0
2026-10-07T08:40:13.678072,Bambu_H2D_2,0948BB5B1601428,RUNNING,2,Desconocido,0,0,10,140.0,55.0
2026-10-07T08:40:14.387914,Bambu_H2D_2,0948BB5B1601428,N/A,N/A,Desconocido,0,0,0,0.0,0.0
2026-10-07T08:40:14.435743,Bambu_H2D_2,0948BB5B1601428,N/A,N/A,Desconocido,0,0,0,0.0,0.0
2026-10-07T08:40:14.645254,Bambu_H2D_1,0948BB5B1600363,RUNNING,2,Desconocido,0,0,10,140.0,55.0
2026-10-07T08:40:14.957776,Bambu_H2D_2,0948BB5B1601428,RUNNING,2,Desconocido,0,0,10,140.0,55.0
2026-10-07T08:40:14.983771,Bambu_H2D_1,0948BB5B1600363,N/A,N/A,Desconocido,0,0,0,0.0,0.0
2026-10-07T08:40:15.037036,Bambu_H2D_1,0948BB5B1600363,N/A,N/A,Desconocido,0,0,0,0.0,0.0
2026-10-07T08:40:15.918537,Bambu_H2D_1,0948BB5B1600363,RUNNING,2,Desconocido,0,0,10,140.0,55.0
2026-10-07T08:40:16.361352,Bambu_H2D_2,0948BB5B1601428,RUNNING,2,Desconocido,0,0,10,140.0,55.0
2026-10-07T08:40:17.113339,Bambu_H2D_1,0948BB5B1600363,RUNNING,2,Desconocido,0,0,10,140.0,55.0
2026-10-07T08:40:17.354249,Bambu_H2D_2,0948BB5B1601428,N/A,N/A,Desconocido,0,0,0,0.0,0.0
2026-10-07T08:40:17.400122,Bambu_H2D_2,0948BB5B1601428,N/A,N/A,Desconocido,0,0,0,0.0,0.0
2026-10-07T08:40:17.401663,Bambu_H2D_2,0948BB5B1601428,N/A,N/A,Desconocido,0,0,0,0.0,0.0
2026-10-07T08:40:17.567880,Bambu_H2D_2,0948BB5B1601428,RUNNING,2,Desconocido,0,0,10,140.0,55.0
2026-10-07T08:40:18.425088,Bambu_H2D_1,0948BB5B1600363,RUNNING,2,Desconocido,0,0,10,140.0,55.0
2026-10-07T08:40:18.846684,Bambu_H2D_2,0948BB5B1601428,RUNNING,2,Desconocido,0,0,10,140.0,55.0
2026-10-07T08:40:19.696541,Bambu_H2D_1,0948BB5B1600363,RUNNING,2,Desconocido,0,0,10,34.0,55.0
2026-10-07T08:40:20.170953,Bambu_H2D_2,0948BB5B1601428,RUNNING,2,Desconocido,0,0,10,140.0,55.0
2026-10-07T08:40:20.969613,Bambu_H2D_1,0948BB5B1600363,RUNNING,2,Desconocido,0,0,10,34.0,55.0
2026-10-07T08:40:21.640135,Bambu_H2D_2,0948BB5B1601428,RUNNING,2,Desconocido,0,0,10,140.0,55.0
2026-10-07T08:40:22.174063,Bambu_H2D_1,0948BB5B1600363,RUNNING,2,Desconocido,0,0,10,34.0,55.0
2026-10-07T08:40:22.971303,Bambu_H2D_2,0948BB5B1601428,RUNNING,2,Desconocido,0,0,10,140.0,55.0
2026-10-07T08:40:23.363515,Bambu_H2D_1,0948BB5B1600363,RUNNING,2,Desconocido,0,0,10,34.0,55.0
2026-10-07T08:40:23.773405,Bambu_H2D_2,0948BB5B1601428,N/A,N/A,Desconocido,0,0,0,0.0,0.0
2026-10-07T08:40:23.897809,Bambu_H2D_2,0948BB5B1601428,N/A,N/A,Desconocido,0,0,0,0.0,0.0
2026-10-07T08:40:24.174051,Bambu_H2D_2,0948BB5B1601428,N/A,N/A,Desconocido,0,0,0,0.0,0.0
2026-10-07T08:40:24.275206,Bambu_H2D_2,0948BB5B1601428,RUNNING,2,Desconocido,0,0,10,140.0,55.0
2026-10-07T08:40:24.569776,Bambu_H2D_1,0948BB5B1600363,RUNNING,2,Desconocido,0,0,10,34.0,55.0
2026-10-07T08:40:25.810645,Bambu_H2D_1,0948BB5B1600363,RUNNING,2,Desconocido,0,0,10,34.0,55.0
2026-10-07T08:40:25.860672,Bambu_H2D_2,0948BB5B1601428,RUNNING,2,Desconocido,0,0,10,140.0,55.0
2026-10-07T08:40:27.011855,Bambu_H2D_1,0948BB5B1600363,RUNNING,2,Desconocido,0,0,10,34.0,55.0
2026-10-07T08:40:27.106864,Bambu_H2D_2,0948BB5B1601428,N/A,N/A,Desconocido,0,0,0,0.0,0.0
2026-10-07T08:40:27.193834,Bambu_H2D_2,0948BB5B1601428,RUNNING,2,Desconocido,0,0,10,140.0,55.0
2026-10-07T08:40:27.229497,Bambu_H2D_2,0948BB5B1601428,N/A,N/A,Desconocido,0,0,0,0.0,0.0
2026-10-07T08:40:27.527075,Bambu_H2D_2,0948BB5B1601428,N/A,N/A,Desconocido,0,0,0,0.0,0.0
2026-10-07T08:40:28.207356,Bambu_H2D_1,0948BB5B1600363,RUNNING,2,Desconocido,0,0,10,34.0,55.0
2026-10-07T08:40:28.442762,Bambu_H2D_2,0948BB5B1601428,RUNNING,2,Desconocido,0,0,10,140.0,55.0
2026-10-07T08:40:29.434863,Bambu_H2D_1,0948BB5B1600363,RUNNING,2,Desconocido,0,0,10,34.0,55.0
2026-10-07T08:40:29.780803,Bambu_H2D_2,0948BB5B1601428,RUNNING,2,Desconocido,0,0,10,140.0,55.0
2026-10-07T08:40:30.643412,Bambu_H2D_1,0948BB5B1600363,RUNNING,2,Desconocido,0,0,10,34.0,55.0
2026-10-07T08:40:31.196692,Bambu_H2D_2,0948BB5B1601428,RUNNING,2,Desconocido,0,0,10,140.0,55.0
2026-10-07T08:40:31.866057,Bambu_H2D_1,0948BB5B1600363,RUNNING,2,Desconocido,0,0,10,34.0,55.0
2026-10-07T08:40:32.500590,Bambu_H2D_2,0948BB5B1601428,RUNNING,2,Desconocido,0,0,10,140.0,55.0
2026-10-07T08:40:33.103056,Bambu_H2D_1,0948BB5B1600363,RUNNING,2,Desconocido,0,0,10,34.0,55.0
2026-10-07T08:40:33.703546,Bambu_H2D_2,0948BB5B1601428,RUNNING,2,Desconocido,0,0,10,140.0,55.0
2026-10-07T08:40:34.292544,Bambu_H2D_1,0948BB5B1600363,RUNNING,2,Desconocido,0,0,10,34.0,55.0
2026-10-07T08:40:34.822869,Bambu_H2D_2,0948BB5B1601428,N/A,N/A,Desconocido,0,0,0,0.0,0.0
2026-10-07T08:40:34.870220,Bambu_H2D_2,0948BB5B1601428,N/A,N/A,Desconocido,0,0,0,0.0,0.0
2026-10-07T08:40:34.894392,Bambu_H2D_2,0948BB5B1601428,RUNNING,2,Desconocido,0,0,10,140.0,55.0
2026-10-07T08:40:35.473696,Bambu_H2D_1,0948BB5B1600363,RUNNING,2,Desconocido,0,0,10,34.0,55.0
2026-10-07T08:40:36.276567,Bambu_H2D_2,0948BB5B1601428,RUNNING,2,Desconocido,0,0,10,140.0,55.0
2026-10-07T08:40:36.681196,Bambu_H2D_1,0948BB5B1600363,RUNNING,2,Desconocido,0,0,10,34.0,55.0
2026-10-07T08:40:37.470306,Bambu_H2D_2,0948BB5B1601428,RUNNING,2,Desconocido,0,0,10,140.0,55.0
2026-10-07T08:40:37.889070,Bambu_H2D_1,0948BB5B1600363,RUNNING,2,Desconocido,0,0,10,34.0,55.0
2026-10-07T08:40:38.122019,Bambu_H2D_2,0948BB5B1601428,N/A,N/A,Desconocido,0,0,0,0.0,0.0
2026-10-07T08:40:38.172176,Bambu_H2D_2,0948BB5B1601428,N/A,N/A,Desconocido,0,0,0,0.0,0.0
2026-10-07T08:40:38.841274,Bambu_H2D_2,0948BB5B1601428,RUNNING,2,Desconocido,0,0,10,140.0,55.0
2026-10-07T08:40:39.124937,Bambu_H2D_1,0948BB5B1600363,RUNNING,2,Desconocido,0,0,10,34.0,55.0
2026-10-07T08:40:40.075005,Bambu_H2D_2,0948BB5B1601428,RUNNING,2,Desconocido,0,0,10,140.0,55.0
2026-10-07T08:40:40.343433,Bambu_H2D_1,0948BB5B1600363,RUNNING,2,Desconocido,0,0,10,34.0,55.0
2026-10-07T08:40:41.456789,Bambu_H2D_2,0948BB5B1601428,RUNNING,2,Desconocido,0,0,10,140.0,55.0
2026-10-07T08:40:41.534942,Bambu_H2D_1,0948BB5B1600363,RUNNING,2,Desconocido,0,0,10,34.0,55.0
2026-10-07T08:40:42.651478,Bambu_H2D_2,0948BB5B1601428,RUNNING,2,Desconocido,0,0,10,27.0,55.0
2026-10-07T08:40:42.752682,Bambu_H2D_1,0948BB5B1600363,RUNNING,2,Desconocido,0,0,10,34.0,55.0
2026-10-07T08:40:43.870826,Bambu_H2D_2,0948BB5B1601428,RUNNING,2,Desconocido,0,0,10,27.0,55.0
2026-10-07T08:40:43.970573,Bambu_H2D_1,0948BB5B1600363,RUNNING,2,Desconocido,0,0,10,34.0,55.0
2026-10-07T08:40:45.123751,Bambu_H2D_2,0948BB5B1601428,RUNNING,2,Desconocido,0,0,10,27.0,55.0
2026-10-07T08:40:45.221051,Bambu_H2D_1,0948BB5B1600363,RUNNING,2,Desconocido,0,0,10,34.0,55.0
2026-10-07T08:40:46.480562,Bambu_H2D_1,0948BB5B1600363,RUNNING,2,Desconocido,0,0,10,34.0,55.0
2026-10-07T08:40:46.517878,Bambu_H2D_2,0948BB5B1601428,RUNNING,2,Desconocido,0,0,10,27.0,55.0
2026-10-07T08:40:47.663393,Bambu_H2D_1,0948BB5B1600363,RUNNING,2,Desconocido,0,0,10,34.0,55.0
2026-10-07T08:40:47.742147,Bambu_H2D_2,0948BB5B1601428,RUNNING,2,Desconocido,0,0,10,28.0,55.0
2026-10-07T08:40:48.854705,Bambu_H2D_1,0948BB5B1600363,RUNNING,2,Desconocido,0,0,10,34.0,55.0
2026-10-07T08:40:48.949182,Bambu_H2D_2,0948BB5B1601428,RUNNING,2,Desconocido,0,0,10,28.0,55.0
2026-10-07T08:40:50.075320,Bambu_H2D_1,0948BB5B1600363,RUNNING,2,Desconocido,0,0,10,34.0,55.0
2026-10-07T08:40:50.164190,Bambu_H2D_2,0948BB5B1601428,RUNNING,2,Desconocido,0,0,10,27.0,55.0
2026-10-07T08:40:51.301803,Bambu_H2D_1,0948BB5B1600363,RUNNING,2,Desconocido,0,0,10,34.0,55.0
2026-10-07T08:40:51.506571,Bambu_H2D_2,0948BB5B1601428,RUNNING,2,Desconocido,0,0,10,28.0,55.0
2026-10-07T08:40:52.562014,Bambu_H2D_1,0948BB5B1600363,RUNNING,2,Desconocido,0,0,10,34.0,55.0
2026-10-07T08:40:52.723659,Bambu_H2D_2,0948BB5B1601428,RUNNING,2,Desconocido,0,0,10,27.0,55.0
2026-10-07T08:40:53.802364,Bambu_H2D_1,0948BB5B1600363,RUNNING,2,Desconocido,0,0,10,34.0,55.0
2026-10-07T08:40:53.959580,Bambu_H2D_2,0948BB5B1601428,RUNNING,2,Desconocido,0,0,10,27.0,55.0
2026-10-07T08:40:54.971401,Bambu_H2D_1,0948BB5B1600363,RUNNING,2,Desconocido,0,0,10,34.0,55.0
2026-10-07T08:40:55.172166,Bambu_H2D_2,0948BB5B1601428,RUNNING,2,Desconocido,0,0,10,27.0,55.0
2026-10-07T08:40:56.177313,Bambu_H2D_1,0948BB5B1600363,RUNNING,2,Desconocido,0,0,10,34.0,55.0
2026-10-07T08:40:56.530817,Bambu_H2D_2,0948BB5B1601428,RUNNING,2,Desconocido,0,0,10,27.0,55.0
2026-10-07T08:40:57.361762,Bambu_H2D_1,0948BB5B1600363,RUNNING,2,Desconocido,0,0,10,34.0,55.0
2026-10-07T08:40:57.789699,Bambu_H2D_2,0948BB5B1601428,RUNNING,2,Desconocido,0,0,10,27.0,55.0
2026-10-07T08:40:58.568391,Bambu_H2D_1,0948BB5B1600363,RUNNING,2,Desconocido,0,0,10,34.0,55.0
2026-10-07T08:40:58.992822,Bambu_H2D_2,0948BB5B1601428,RUNNING,2,Desconocido,0,0,10,28.0,55.0
2026-10-07T08:40:59.845707,Bambu_H2D_1,0948BB5B1600363,RUNNING,2,Desconocido,0,0,10,34.0,55.0
2026-10-07T08:41:00.258717,Bambu_H2D_2,0948BB5B1601428,RUNNING,2,Desconocido,0,0,10,28.0,55.0
2026-10-07T08:41:01.018387,Bambu_H2D_1,0948BB5B1600363,RUNNING,2,Desconocido,0,0,10,34.0,55.0
2026-10-07T08:41:01.590595,Bambu_H2D_2,0948BB5B1601428,RUNNING,2,Desconocido,0,0,10,28.0,55.0
2026-10-07T08:41:02.238023,Bambu_H2D_1,0948BB5B1600363,RUNNING,2,Desconocido,0,0,10,34.0,55.0
2026-10-07T08:41:02.782188,Bambu_H2D_2,0948BB5B1601428,RUNNING,2,Desconocido,0,0,10,28.0,55.0
2026-10-07T08:41:03.418760,Bambu_H2D_1,0948BB5B1600363,RUNNING,2,Desconocido,0,0,10,34.0,55.0
2026-10-07T08:41:04.062587,Bambu_H2D_2,0948BB5B1601428,RUNNING,2,Desconocido,0,0,10,28.0,55.0
2026-10-07T08:41:04.610134,Bambu_H2D_1,0948BB5B1600363,RUNNING,2,Desconocido,0,0,10,34.0,55.0
2026-10-07T08:41:05.298131,Bambu_H2D_2,0948BB5B1601428,RUNNING,2,Desconocido,0,0,10,28.0,55.0
2026-10-07T08:41:05.838265,Bambu_H2D_1,0948BB5B1600363,RUNNING,2,Desconocido,0,0,10,34.0,55.0
2026-10-07T08:41:06.706229,Bambu_H2D_2,0948BB5B1601428,RUNNING,2,Desconocido,0,0,10,28.0,55.0
2026-10-07T08:41:07.073139,Bambu_H2D_1,0948BB5B1600363,RUNNING,2,Desconocido,0,0,10,34.0,55.0
2026-10-07T08:41:07.954714,Bambu_H2D_2,0948BB5B1601428,RUNNING,2,Desconocido,0,0,10,28.0,55.0
2026-10-07T08:41:08.361057,Bambu_H2D_1,0948BB5B1600363,RUNNING,2,Desconocido,0,0,10,34.0,55.0
2026-10-07T08:41:09.158349,Bambu_H2D_2,0948BB5B1601428,RUNNING,2,Desconocido,0,0,10,28.0,55.0
2026-10-07T08:41:09.612034,Bambu_H2D_1,0948BB5B1600363,RUNNING,2,Desconocido,0,0,10,34.0,55.0
2026-10-07T08:41:10.345709,Bambu_H2D_2,0948BB5B1601428,RUNNING,2,Desconocido,0,0,10,28.0,55.0
2026-10-07T08:41:10.813250,Bambu_H2D_1,0948BB5B1600363,RUNNING,2,Desconocido,0,0,10,34.0,55.0
2026-10-07T08:41:11.715575,Bambu_H2D_2,0948BB5B1601428,RUNNING,2,Desconocido,0,0,10,28.0,55.0
2026-10-07T08:41:12.014102,Bambu_H2D_1,0948BB5B1600363,RUNNING,2,Desconocido,0,0,10,34.0,55.0
2026-10-07T08:41:12.911626,Bambu_H2D_2,0948BB5B1601428,RUNNING,2,Desconocido,0,0,10,27.0,55.0
2026-10-07T08:41:13.272603,Bambu_H2D_1,0948BB5B1600363,RUNNING,2,Desconocido,0,0,10,34.0,55.0
2026-10-07T08:41:14.142244,Bambu_H2D_2,0948BB5B1601428,RUNNING,2,Desconocido,0,0,10,27.0,55.0
2026-10-07T08:41:14.479397,Bambu_H2D_1,0948BB5B1600363,RUNNING,2,Desconocido,0,0,10,34.0,55.0
2026-10-07T08:41:15.333258,Bambu_H2D_2,0948BB5B1601428,RUNNING,2,Desconocido,0,0,10,28.0,55.0
2026-10-07T08:41:15.679749,Bambu_H2D_1,0948BB5B1600363,RUNNING,2,Desconocido,0,0,10,34.0,55.0
2026-10-07T08:41:16.756080,Bambu_H2D_2,0948BB5B1601428,RUNNING,2,Desconocido,0,0,10,28.0,55.0
2026-10-07T08:41:16.885699,Bambu_H2D_1,0948BB5B1600363,RUNNING,2,Desconocido,0,0,10,34.0,55.0
2026-10-07T08:41:17.938747,Bambu_H2D_2,0948BB5B1601428,RUNNING,2,Desconocido,0,0,10,28.0,55.0
2026-10-07T08:41:18.076237,Bambu_H2D_1,0948BB5B1600363,RUNNING,2,Desconocido,0,0,10,34.0,55.0
2026-10-07T08:41:19.149290,Bambu_H2D_2,0948BB5B1601428,RUNNING,2,Desconocido,0,0,10,28.0,55.0
2026-10-07T08:41:19.309627,Bambu_H2D_1,0948BB5B1600363,RUNNING,2,Desconocido,0,0,10,34.0,55.0
2026-10-07T08:41:20.391212,Bambu_H2D_2,0948BB5B1601428,RUNNING,2,Desconocido,0,0,10,28.0,55.0
2026-10-07T08:41:20.539459,Bambu_H2D_1,0948BB5B1600363,RUNNING,2,Desconocido,0,0,10,34.0,55.0
2026-10-07T08:41:21.732557,Bambu_H2D_1,0948BB5B1600363,RUNNING,2,Desconocido,0,0,10,34.0,55.0
2026-10-07T08:41:21.782995,Bambu_H2D_2,0948BB5B1601428,RUNNING,2,Desconocido,0,0,10,28.0,55.0
2026-10-07T08:41:23.030167,Bambu_H2D_1,0948BB5B1600363,RUNNING,2,Desconocido,0,0,10,34.0,55.0
2026-10-07T08:41:23.038332,Bambu_H2D_2,0948BB5B1601428,RUNNING,2,Desconocido,0,0,10,28.0,55.0
2026-10-07T08:41:24.213712,Bambu_H2D_1,0948BB5B1600363,RUNNING,2,Desconocido,0,0,10,34.0,55.0
2026-10-07T08:41:24.224371,Bambu_H2D_2,0948BB5B1601428,RUNNING,2,Desconocido,0,0,10,28.0,55.0
2026-10-07T08:41:25.423946,Bambu_H2D_2,0948BB5B1601428,RUNNING,2,Desconocido,0,0,10,28.0,55.0
2026-10-07T08:41:25.436264,Bambu_H2D_1,0948BB5B1600363,RUNNING,2,Desconocido,0,0,10,34.0,55.0
2026-10-07T08:41:26.729112,Bambu_H2D_1,0948BB5B1600363,RUNNING,2,Desconocido,0,0,10,34.0,55.0
2026-10-07T08:41:26.842486,Bambu_H2D_2,0948BB5B1601428,RUNNING,2,Desconocido,0,0,10,28.0,55.0
2026-10-07T08:41:27.896699,Bambu_H2D_1,0948BB5B1600363,RUNNING,2,Desconocido,0,0,10,34.0,55.0
2026-10-07T08:41:28.094109,Bambu_H2D_2,0948BB5B1601428,RUNNING,2,Desconocido,0,0,10,28.0,55.0
2026-10-07T08:41:29.098789,Bambu_H2D_1,0948BB5B1600363,RUNNING,2,Desconocido,0,0,10,34.0,55.0
2026-10-07T08:41:29.299936,Bambu_H2D_2,0948BB5B1601428,RUNNING,2,Desconocido,0,0,10,28.0,55.0
2026-10-07T08:41:30.284081,Bambu_H2D_1,0948BB5B1600363,RUNNING,2,Desconocido,0,0,10,34.0,55.0
2026-10-07T08:41:30.508130,Bambu_H2D_2,0948BB5B1601428,RUNNING,2,Desconocido,0,0,10,28.0,55.0
2026-10-07T08:41:31.494374,Bambu_H2D_1,0948BB5B1600363,RUNNING,2,Desconocido,0,0,10,34.0,55.0
2026-10-07T08:41:31.846326,Bambu_H2D_2,0948BB5B1601428,RUNNING,2,Desconocido,0,0,10,28.0,55.0
2026-10-07T08:41:32.759512,Bambu_H2D_1,0948BB5B1600363,RUNNING,2,Desconocido,0,0,10,34.0,55.0
2026-10-07T08:41:33.039985,Bambu_H2D_2,0948BB5B1601428,RUNNING,2,Desconocido,0,0,10,28.0,55.0
2026-10-07T08:41:34.002036,Bambu_H2D_1,0948BB5B1600363,RUNNING,2,Desconocido,0,0,10,34.0,55.0
2026-10-07T08:41:34.293557,Bambu_H2D_2,0948BB5B1601428,RUNNING,2,Desconocido,0,0,10,28.0,55.0
2026-10-07T08:41:35.186339,Bambu_H2D_1,0948BB5B1600363,RUNNING,2,Desconocido,0,0,10,34.0,55.0
2026-10-07T08:41:35.539564,Bambu_H2D_2,0948BB5B1601428,RUNNING,2,Desconocido,0,0,10,28.0,55.0
2026-10-07T08:41:36.391020,Bambu_H2D_1,0948BB5B1600363,RUNNING,2,Desconocido,0,0,10,34.0,55.0
2026-10-07T08:41:36.886162,Bambu_H2D_2,0948BB5B1601428,RUNNING,2,Desconocido,0,0,10,28.0,55.0
2026-10-07T08:41:37.613911,Bambu_H2D_1,0948BB5B1600363,RUNNING,2,Desconocido,0,0,10,34.0,55.0
2026-10-07T08:41:38.159174,Bambu_H2D_2,0948BB5B1601428,RUNNING,2,Desconocido,0,0,10,28.0,55.0
2026-10-07T08:41:38.809358,Bambu_H2D_1,0948BB5B1600363,RUNNING,2,Desconocido,0,0,10,34.0,55.0
2026-10-07T08:41:39.304945,Bambu_H2D_2,0948BB5B1601428,RUNNING,2,Desconocido,0,0,10,28.0,55.0
2026-10-07T08:41:40.044986,Bambu_H2D_1,0948BB5B1600363,RUNNING,2,Desconocido,0,0,10,34.0,55.0
2026-10-07T08:41:40.528314,Bambu_H2D_2,0948BB5B1601428,RUNNING,2,Desconocido,0,0,10,28.0,55.0
2026-10-07T08:41:41.240188,Bambu_H2D_1,0948BB5B1600363,RUNNING,2,Desconocido,0,0,10,34.0,55.0
2026-10-07T08:41:41.948775,Bambu_H2D_2,0948BB5B1601428,RUNNING,2,Desconocido,0,0,10,28.0,55.0
2026-10-07T08:41:42.438143,Bambu_H2D_1,0948BB5B1600363,RUNNING,2,Desconocido,0,0,10,34.0,55.0
2026-10-07T08:41:43.147903,Bambu_H2D_2,0948BB5B1601428,RUNNING,2,Desconocido,0,0,10,28.0,55.0
2026-10-07T08:41:43.632039,Bambu_H2D_1,0948BB5B1600363,RUNNING,2,Desconocido,0,0,10,34.0,55.0
2026-10-07T08:41:44.373495,Bambu_H2D_2,0948BB5B1601428,RUNNING,2,Desconocido,0,0,10,28.0,55.0
2026-10-07T08:41:44.841657,Bambu_H2D_1,0948BB5B1600363,RUNNING,2,Desconocido,0,0,10,34.0,55.0
2026-10-07T08:41:45.582671,Bambu_H2D_2,0948BB5B1601428,RUNNING,2,Desconocido,0,0,10,28.0,55.0
2026-10-07T08:41:46.078981,Bambu_H2D_1,0948BB5B1600363,RUNNING,2,Desconocido,0,0,10,34.0,55.0
2026-10-07T08:41:46.931571,Bambu_H2D_2,0948BB5B1601428,RUNNING,2,Desconocido,0,0,10,28.0,55.0
2026-10-07T08:41:47.307492,Bambu_H2D_1,0948BB5B1600363,RUNNING,2,Desconocido,0,0,10,34.0,55.0
2026-10-07T08:41:48.163566,Bambu_H2D_2,0948BB5B1601428,RUNNING,2,Desconocido,0,0,10,28.0,55.0
2026-10-07T08:41:48.492944,Bambu_H2D_1,0948BB5B1600363,RUNNING,2,Desconocido,0,0,10,34.0,55.0
2026-10-07T08:41:49.357825,Bambu_H2D_2,0948BB5B1601428,RUNNING,2,Desconocido,0,0,10,28.0,55.0
2026-10-07T08:41:49.698985,Bambu_H2D_1,0948BB5B1600363,RUNNING,2,Desconocido,0,0,10,34.0,55.0
2026-10-07T08:41:50.543152,Bambu_H2D_2,0948BB5B1601428,RUNNING,2,Desconocido,0,0,10,28.0,55.0
2026-10-07T08:41:50.886272,Bambu_H2D_1,0948BB5B1600363,RUNNING,2,Desconocido,0,0,10,34.0,55.0
2026-10-07T08:41:51.919644,Bambu_H2D_2,0948BB5B1601428,RUNNING,2,Desconocido,0,0,10,28.0,55.0
2026-10-07T08:41:52.088147,Bambu_H2D_1,0948BB5B1600363,RUNNING,2,Desconocido,0,0,10,34.0,55.0
2026-10-07T08:41:53.093728,Bambu_H2D_2,0948BB5B1601428,RUNNING,2,Desconocido,0,0,10,28.0,55.0
2026-10-07T08:41:53.334432,Bambu_H2D_1,0948BB5B1600363,RUNNING,2,Desconocido,0,0,10,34.0,55.0
2026-10-07T08:41:54.375613,Bambu_H2D_2,0948BB5B1601428,RUNNING,2,Desconocido,0,0,10,28.0,55.0
2026-10-07T08:41:54.606751,Bambu_H2D_1,0948BB5B1600363,RUNNING,2,Desconocido,0,0,10,34.0,55.0
2026-10-07T08:41:55.620402,Bambu_H2D_2,0948BB5B1601428,RUNNING,2,Desconocido,0,0,10,28.0,55.0
2026-10-07T08:41:55.806478,Bambu_H2D_1,0948BB5B1600363,RUNNING,2,Desconocido,0,0,10,34.0,55.0
2026-10-07T08:41:56.965308,Bambu_H2D_2,0948BB5B1601428,RUNNING,2,Desconocido,0,0,10,28.0,55.0
2026-10-07T08:41:57.003542,Bambu_H2D_1,0948BB5B1600363,RUNNING,2,Desconocido,0,0,10,34.0,55.0
2026-10-07T08:41:58.165550,Bambu_H2D_2,0948BB5B1601428,RUNNING,2,Desconocido,0,0,10,28.0,55.0
2026-10-07T08:41:58.211705,Bambu_H2D_1,0948BB5B1600363,RUNNING,2,Desconocido,0,0,10,34.0,55.0
2026-10-07T08:41:59.371054,Bambu_H2D_2,0948BB5B1601428,RUNNING,2,Desconocido,0,0,10,28.0,55.0
2026-10-07T08:41:59.473582,Bambu_H2D_1,0948BB5B1600363,RUNNING,2,Desconocido,0,0,10,34.0,55.0
2026-10-07T08:42:00.566344,Bambu_H2D_2,0948BB5B1601428,RUNNING,2,Desconocido,0,0,10,28.0,55.0
2026-10-07T08:42:00.687211,Bambu_H2D_1,0948BB5B1600363,RUNNING,2,Desconocido,0,0,10,34.0,55.0
2026-10-07T08:42:01.885223,Bambu_H2D_1,0948BB5B1600363,RUNNING,2,Desconocido,0,0,10,34.0,55.0
2026-10-07T08:42:01.978090,Bambu_H2D_2,0948BB5B1601428,RUNNING,2,Desconocido,0,0,10,28.0,55.0
2026-10-07T08:42:03.084531,Bambu_H2D_1,0948BB5B1600363,RUNNING,2,Desconocido,0,0,10,34.0,55.0
2026-10-07T08:42:03.152308,Bambu_H2D_2,0948BB5B1601428,RUNNING,2,Desconocido,0,0,10,28.0,55.0
2026-10-07T08:42:04.291489,Bambu_H2D_1,0948BB5B1600363,RUNNING,2,Desconocido,0,0,10,34.0,55.0
2026-10-07T08:42:04.359940,Bambu_H2D_2,0948BB5B1601428,RUNNING,2,Desconocido,0,0,10,28.0,55.0
2026-10-07T08:42:05.484390,Bambu_H2D_1,0948BB5B1600363,RUNNING,2,Desconocido,0,0,10,34.0,55.0
2026-10-07T08:42:05.559200,Bambu_H2D_2,0948BB5B1601428,RUNNING,2,Desconocido,0,0,10,28.0,55.0
2026-10-07T08:42:06.746306,Bambu_H2D_1,0948BB5B1600363,RUNNING,2,Desconocido,0,0,10,34.0,55.0
2026-10-07T08:42:06.901557,Bambu_H2D_2,0948BB5B1601428,RUNNING,2,Desconocido,0,0,10,28.0,55.0
2026-10-07T08:42:07.944672,Bambu_H2D_1,0948BB5B1600363,RUNNING,2,Desconocido,0,0,10,34.0,55.0
2026-10-07T08:42:08.137775,Bambu_H2D_2,0948BB5B1601428,RUNNING,2,Desconocido,0,0,10,28.0,55.0
2026-10-07T08:42:09.137370,Bambu_H2D_1,0948BB5B1600363,RUNNING,2,Desconocido,0,0,10,34.0,55.0
2026-10-07T08:42:09.357021,Bambu_H2D_2,0948BB5B1601428,RUNNING,2,Desconocido,0,0,10,28.0,55.0
2026-10-07T08:42:10.340790,Bambu_H2D_1,0948BB5B1600363,RUNNING,2,Desconocido,0,0,10,34.0,55.0
2026-10-07T08:42:10.560485,Bambu_H2D_2,0948BB5B1601428,RUNNING,2,Desconocido,0,0,10,28.0,55.0
2026-10-07T08:42:11.532588,Bambu_H2D_1,0948BB5B1600363,RUNNING,2,Desconocido,0,0,10,34.0,55.0
2026-10-07T08:42:11.944055,Bambu_H2D_2,0948BB5B1601428,RUNNING,2,Desconocido,0,0,10,28.0,55.0
2026-10-07T08:42:12.737944,Bambu_H2D_1,0948BB5B1600363,RUNNING,2,Desconocido,0,0,10,34.0,55.0
2026-10-07T08:42:13.194881,Bambu_H2D_2,0948BB5B1601428,RUNNING,2,Desconocido,0,0,10,29.0,55.0
2026-10-07T08:42:13.952810,Bambu_H2D_1,0948BB5B1600363,RUNNING,2,Desconocido,0,0,10,34.0,55.0
2026-10-07T08:42:14.435130,Bambu_H2D_2,0948BB5B1601428,RUNNING,2,Desconocido,0,0,10,29.0,55.0
2026-10-07T08:42:15.152271,Bambu_H2D_1,0948BB5B1600363,RUNNING,2,Desconocido,0,0,10,34.0,55.0
2026-10-07T08:42:15.687093,Bambu_H2D_2,0948BB5B1601428,RUNNING,2,Desconocido,0,0,10,29.0,55.0
2026-10-07T08:42:16.344364,Bambu_H2D_1,0948BB5B1600363,RUNNING,2,Desconocido,0,0,10,34.0,55.0
2026-10-07T08:42:17.029904,Bambu_H2D_2,0948BB5B1601428,RUNNING,2,Desconocido,0,0,10,29.0,55.0
2026-10-07T08:42:17.554060,Bambu_H2D_1,0948BB5B1600363,RUNNING,2,Desconocido,0,0,10,34.0,55.0
2026-10-07T08:42:18.236911,Bambu_H2D_2,0948BB5B1601428,RUNNING,2,Desconocido,0,0,10,29.0,55.0
2026-10-07T08:42:18.764170,Bambu_H2D_1,0948BB5B1600363,RUNNING,2,Desconocido,0,0,10,34.0,55.0
2026-10-07T08:42:19.549819,Bambu_H2D_2,0948BB5B1601428,RUNNING,2,Desconocido,0,0,10,29.0,55.0
2026-10-07T08:42:19.987398,Bambu_H2D_1,0948BB5B1600363,RUNNING,2,Desconocido,0,0,10,34.0,55.0
2026-10-07T08:42:20.739896,Bambu_H2D_2,0948BB5B1601428,RUNNING,2,Desconocido,0,0,10,29.0,55.0
2026-10-07T08:42:21.215399,Bambu_H2D_1,0948BB5B1600363,RUNNING,2,Desconocido,0,0,10,34.0,55.0
2026-10-07T08:42:22.136005,Bambu_H2D_2,0948BB5B1601428,RUNNING,2,Desconocido,0,0,10,29.0,55.0
2026-10-07T08:42:22.418600,Bambu_H2D_1,0948BB5B1600363,RUNNING,2,Desconocido,0,0,10,34.0,55.0
2026-10-07T08:42:23.336338,Bambu_H2D_2,0948BB5B1601428,RUNNING,2,Desconocido,0,0,10,29.0,55.0
2026-10-07T08:42:23.610882,Bambu_H2D_1,0948BB5B1600363,RUNNING,2,Desconocido,0,0,10,34.0,55.0
2026-10-07T08:42:24.625624,Bambu_H2D_2,0948BB5B1601428,RUNNING,2,Desconocido,0,0,10,29.0,55.0
2026-10-07T08:42:24.845809,Bambu_H2D_1,0948BB5B1600363,RUNNING,2,Desconocido,0,0,10,34.0,55.0
2026-10-07T08:42:25.799970,Bambu_H2D_2,0948BB5B1601428,RUNNING,2,Desconocido,0,0,10,29.0,55.0
2026-10-07T08:42:26.068334,Bambu_H2D_1,0948BB5B1600363,RUNNING,2,Desconocido,0,0,10,34.0,55.0
2026-10-07T08:42:27.132948,Bambu_H2D_2,0948BB5B1601428,RUNNING,2,Desconocido,0,0,10,29.0,55.0
2026-10-07T08:42:27.296512,Bambu_H2D_1,0948BB5B1600363,RUNNING,2,Desconocido,0,0,10,34.0,55.0
2026-10-07T08:42:28.388012,Bambu_H2D_2,0948BB5B1601428,RUNNING,2,Desconocido,0,0,10,29.0,55.0
2026-10-07T08:42:28.496164,Bambu_H2D_1,0948BB5B1600363,RUNNING,2,Desconocido,0,0,10,34.0,55.0
2026-10-07T08:42:29.650088,Bambu_H2D_2,0948BB5B1601428,RUNNING,2,Desconocido,0,0,10,29.0,55.0
2026-10-07T08:42:29.723936,Bambu_H2D_1,0948BB5B1600363,RUNNING,2,Desconocido,0,0,10,34.0,55.0
2026-10-07T08:42:30.839276,Bambu_H2D_2,0948BB5B1601428,RUNNING,2,Desconocido,0,0,10,29.0,55.0
2026-10-07T08:42:30.898287,Bambu_H2D_1,0948BB5B1600363,RUNNING,2,Desconocido,0,0,10,34.0,55.0
2026-10-07T08:42:32.150626,Bambu_H2D_1,0948BB5B1600363,RUNNING,2,Desconocido,4,0,10,34.0,55.0
2026-10-07T08:42:32.192508,Bambu_H2D_2,0948BB5B1601428,RUNNING,2,Desconocido,0,0,10,29.0,55.0
2026-10-07T08:42:33.350483,Bambu_H2D_1,0948BB5B1600363,RUNNING,2,Desconocido,4,0,10,34.0,55.0
2026-10-07T08:42:33.405227,Bambu_H2D_2,0948BB5B1601428,RUNNING,2,Desconocido,0,0,10,29.0,55.0
2026-10-07T08:42:34.611761,Bambu_H2D_1,0948BB5B1600363,RUNNING,2,Desconocido,4,0,10,34.0,55.0
2026-10-07T08:42:34.620826,Bambu_H2D_2,0948BB5B1601428,RUNNING,2,Desconocido,0,0,10,29.0,55.0
2026-10-07T08:42:35.838661,Bambu_H2D_1,0948BB5B1600363,RUNNING,2,Desconocido,4,0,10,34.0,55.0
2026-10-07T08:42:35.866972,Bambu_H2D_2,0948BB5B1601428,RUNNING,2,Desconocido,0,0,10,29.0,55.0
2026-10-07T08:42:37.025422,Bambu_H2D_1,0948BB5B1600363,RUNNING,2,Desconocido,4,0,10,34.0,55.0
2026-10-07T08:42:37.227037,Bambu_H2D_2,0948BB5B1601428,RUNNING,2,Desconocido,0,0,10,29.0,55.0
2026-10-07T08:42:38.248728,Bambu_H2D_1,0948BB5B1600363,RUNNING,2,Desconocido,4,0,10,34.0,55.0
2026-10-07T08:42:38.456204,Bambu_H2D_2,0948BB5B1601428,RUNNING,2,Desconocido,0,0,10,29.0,55.0
2026-10-07T08:42:39.434653,Bambu_H2D_1,0948BB5B1600363,RUNNING,2,Desconocido,4,0,10,35.0,55.0
2026-10-07T08:42:39.667225,Bambu_H2D_2,0948BB5B1601428,RUNNING,2,Desconocido,0,0,10,29.0,55.0
2026-10-07T08:42:40.686428,Bambu_H2D_1,0948BB5B1600363,RUNNING,2,Desconocido,4,0,10,35.0,55.0
2026-10-07T08:42:40.862410,Bambu_H2D_2,0948BB5B1601428,RUNNING,2,Desconocido,0,0,10,29.0,55.0
2026-10-07T08:42:41.905893,Bambu_H2D_1,0948BB5B1600363,RUNNING,2,Desconocido,4,0,10,35.0,55.0
2026-10-07T08:42:42.298157,Bambu_H2D_2,0948BB5B1601428,RUNNING,2,Desconocido,0,0,10,29.0,55.0
2026-10-07T08:42:43.114254,Bambu_H2D_1,0948BB5B1600363,RUNNING,2,Desconocido,4,0,10,35.0,55.0
2026-10-07T08:42:43.477665,Bambu_H2D_2,0948BB5B1601428,RUNNING,2,Desconocido,0,0,10,29.0,55.0
2026-10-07T08:42:44.305125,Bambu_H2D_1,0948BB5B1600363,RUNNING,2,Desconocido,4,0,10,35.0,55.0
2026-10-07T08:42:44.779988,Bambu_H2D_2,0948BB5B1601428,RUNNING,2,Desconocido,0,0,10,29.0,55.0
2026-10-07T08:42:45.529226,Bambu_H2D_1,0948BB5B1600363,RUNNING,2,Desconocido,4,0,10,35.0,55.0
2026-10-07T08:42:45.970192,Bambu_H2D_2,0948BB5B1601428,RUNNING,2,Desconocido,0,0,10,29.0,55.0
2026-10-07T08:42:46.728225,Bambu_H2D_1,0948BB5B1600363,RUNNING,2,Desconocido,4,0,10,34.0,55.0
2026-10-07T08:42:47.312744,Bambu_H2D_2,0948BB5B1601428,RUNNING,2,Desconocido,0,0,10,29.0,55.0
2026-10-07T08:42:47.975628,Bambu_H2D_1,0948BB5B1600363,RUNNING,2,Desconocido,4,0,10,35.0,55.0
2026-10-07T08:42:48.539698,Bambu_H2D_2,0948BB5B1601428,RUNNING,2,Desconocido,0,0,10,29.0,55.0
2026-10-07T08:42:49.262070,Bambu_H2D_1,0948BB5B1600363,RUNNING,2,Desconocido,4,0,10,35.0,55.0
2026-10-07T08:42:49.764280,Bambu_H2D_2,0948BB5B1601428,RUNNING,2,Desconocido,0,0,10,29.0,55.0
2026-10-07T08:42:50.512718,Bambu_H2D_1,0948BB5B1600363,RUNNING,2,Desconocido,4,0,10,35.0,55.0
2026-10-07T08:42:51.023259,Bambu_H2D_2,0948BB5B1601428,RUNNING,2,Desconocido,0,0,10,29.0,55.0
2026-10-07T08:42:51.699478,Bambu_H2D_1,0948BB5B1600363,RUNNING,2,Desconocido,4,0,10,35.0,55.0
2026-10-07T08:42:52.354256,Bambu_H2D_2,0948BB5B1601428,RUNNING,2,Desconocido,0,0,10,29.0,55.0
2026-10-07T08:42:52.880015,Bambu_H2D_1,0948BB5B1600363,RUNNING,2,Desconocido,4,0,10,35.0,55.0
2026-10-07T08:42:53.547001,Bambu_H2D_2,0948BB5B1601428,RUNNING,2,Desconocido,0,0,10,29.0,55.0
2026-10-07T08:42:54.110119,Bambu_H2D_1,0948BB5B1600363,RUNNING,2,Desconocido,4,0,10,35.0,55.0
2026-10-07T08:42:54.836277,Bambu_H2D_2,0948BB5B1601428,RUNNING,2,Desconocido,0,0,10,29.0,55.0
2026-10-07T08:42:55.337789,Bambu_H2D_1,0948BB5B1600363,RUNNING,2,Desconocido,4,0,10,35.0,55.0
2026-10-07T08:42:56.075219,Bambu_H2D_2,0948BB5B1601428,RUNNING,2,Desconocido,0,0,10,29.0,55.0
2026-10-07T08:42:56.626192,Bambu_H2D_1,0948BB5B1600363,RUNNING,2,Desconocido,4,0,10,35.0,55.0
2026-10-07T08:42:57.427482,Bambu_H2D_2,0948BB5B1601428,RUNNING,2,Desconocido,0,0,10,29.0,55.0
2026-10-07T08:42:57.801419,Bambu_H2D_1,0948BB5B1600363,RUNNING,2,Desconocido,4,0,10,35.0,55.0
2026-10-07T08:42:58.712255,Bambu_H2D_2,0948BB5B1601428,RUNNING,2,Desconocido,0,0,10,29.0,55.0
2026-10-07T08:42:58.993730,Bambu_H2D_1,0948BB5B1600363,RUNNING,2,Desconocido,4,0,10,35.0,55.0
2026-10-07T08:42:59.856853,Bambu_H2D_2,0948BB5B1601428,RUNNING,2,Desconocido,0,0,10,29.0,55.0
2026-10-07T08:43:00.215045,Bambu_H2D_1,0948BB5B1600363,RUNNING,2,Desconocido,4,0,10,35.0,55.0
2026-10-07T08:43:01.074953,Bambu_H2D_2,0948BB5B1601428,RUNNING,2,Desconocido,4,0,10,29.0,55.0
2026-10-07T08:43:01.488991,Bambu_H2D_1,0948BB5B1600363,RUNNING,2,Desconocido,4,0,10,35.0,55.0
2026-10-07T08:43:02.479593,Bambu_H2D_2,0948BB5B1601428,RUNNING,2,Desconocido,4,0,10,29.0,55.0
2026-10-07T08:43:02.699431,Bambu_H2D_1,0948BB5B1600363,RUNNING,2,Desconocido,4,0,10,35.0,55.0
2026-10-07T08:43:03.660550,Bambu_H2D_2,0948BB5B1601428,RUNNING,2,Desconocido,4,0,10,29.0,55.0
2026-10-07T08:43:03.964361,Bambu_H2D_1,0948BB5B1600363,RUNNING,2,Desconocido,4,0,10,35.0,55.0
2026-10-07T08:43:04.912970,Bambu_H2D_2,0948BB5B1601428,RUNNING,2,Desconocido,4,0,10,29.0,55.0
2026-10-07T08:43:05.219118,Bambu_H2D_1,0948BB5B1600363,RUNNING,2,Desconocido,4,0,10,35.0,55.0
2026-10-07T08:43:06.084053,Bambu_H2D_2,0948BB5B1601428,RUNNING,2,Desconocido,4,0,10,29.0,55.0
2026-10-07T08:43:06.371129,Bambu_H2D_1,0948BB5B1600363,RUNNING,2,Desconocido,4,0,10,35.0,55.0
2026-10-07T08:43:07.453126,Bambu_H2D_2,0948BB5B1601428,RUNNING,2,Desconocido,4,0,10,29.0,55.0
2026-10-07T08:43:07.599847,Bambu_H2D_1,0948BB5B1600363,RUNNING,2,Desconocido,4,0,10,35.0,55.0
2026-10-07T08:43:08.678121,Bambu_H2D_2,0948BB5B1601428,RUNNING,2,Desconocido,4,0,10,29.0,55.0
2026-10-07T08:43:08.833983,Bambu_H2D_1,0948BB5B1600363,RUNNING,2,Desconocido,4,0,10,35.0,55.0
2026-10-07T08:43:10.078263,Bambu_H2D_1,0948BB5B1600363,RUNNING,2,Desconocido,4,0,10,35.0,55.0
2026-10-07T08:43:10.137845,Bambu_H2D_2,0948BB5B1601428,RUNNING,2,Desconocido,4,0,10,29.0,55.0
2026-10-07T08:43:11.242332,Bambu_H2D_1,0948BB5B1600363,RUNNING,2,Desconocido,4,0,10,35.0,55.0
2026-10-07T08:43:11.336097,Bambu_H2D_2,0948BB5B1601428,RUNNING,2,Desconocido,4,0,10,29.0,55.0
2026-10-07T08:43:12.445365,Bambu_H2D_1,0948BB5B1600363,RUNNING,2,Desconocido,4,0,10,35.0,55.0
2026-10-07T08:43:12.702298,Bambu_H2D_2,0948BB5B1601428,RUNNING,2,Desconocido,4,0,10,29.0,55.0
2026-10-07T08:43:13.637258,Bambu_H2D_1,0948BB5B1600363,RUNNING,2,Desconocido,4,0,10,35.0,55.0
2026-10-07T08:43:13.976912,Bambu_H2D_2,0948BB5B1601428,RUNNING,2,Desconocido,4,0,10,29.0,55.0
2026-10-07T08:43:14.901419,Bambu_H2D_1,0948BB5B1600363,RUNNING,2,Desconocido,4,0,10,35.0,55.0
2026-10-07T08:43:15.223461,Bambu_H2D_2,0948BB5B1601428,RUNNING,2,Desconocido,4,0,10,29.0,55.0
2026-10-07T08:43:16.089303,Bambu_H2D_1,0948BB5B1600363,RUNNING,2,Desconocido,4,0,10,35.0,55.0
2026-10-07T08:43:16.440853,Bambu_H2D_2,0948BB5B1601428,RUNNING,2,Desconocido,4,0,10,29.0,55.0
2026-10-07T08:43:17.272154,Bambu_H2D_1,0948BB5B1600363,RUNNING,2,Desconocido,4,0,10,35.0,55.0
2026-10-07T08:43:17.835280,Bambu_H2D_2,0948BB5B1601428,RUNNING,2,Desconocido,4,0,10,30.0,55.0
2026-10-07T08:43:18.495028,Bambu_H2D_1,0948BB5B1600363,RUNNING,2,Desconocido,4,0,10,35.0,55.0
2026-10-07T08:43:19.029217,Bambu_H2D_2,0948BB5B1601428,RUNNING,2,Desconocido,4,0,10,30.0,55.0
2026-10-07T08:43:19.707127,Bambu_H2D_1,0948BB5B1600363,RUNNING,2,Desconocido,4,0,10,35.0,55.0
2026-10-07T08:43:20.301576,Bambu_H2D_2,0948BB5B1601428,RUNNING,2,Desconocido,4,0,10,30.0,55.0
2026-10-07T08:43:20.955760,Bambu_H2D_1,0948BB5B1600363,RUNNING,2,Desconocido,4,0,10,35.0,55.0
2026-10-07T08:43:21.525264,Bambu_H2D_2,0948BB5B1601428,RUNNING,2,Desconocido,4,0,10,30.0,55.0
2026-10-07T08:43:22.203054,Bambu_H2D_1,0948BB5B1600363,RUNNING,2,Desconocido,4,0,10,35.0,55.0
2026-10-07T08:43:22.953802,Bambu_H2D_2,0948BB5B1601428,RUNNING,2,Desconocido,4,0,10,30.0,55.0
2026-10-07T08:43:23.406664,Bambu_H2D_1,0948BB5B1600363,RUNNING,2,Desconocido,4,0,10,36.0,55.0
2026-10-07T08:43:24.134590,Bambu_H2D_2,0948BB5B1601428,RUNNING,2,Desconocido,4,0,10,30.0,55.0
2026-10-07T08:43:24.606477,Bambu_H2D_1,0948BB5B1600363,RUNNING,2,Desconocido,4,0,10,36.0,55.0
2026-10-07T08:43:25.348977,Bambu_H2D_2,0948BB5B1601428,RUNNING,2,Desconocido,4,0,10,29.0,55.0
2026-10-07T08:43:25.808594,Bambu_H2D_1,0948BB5B1600363,RUNNING,2,Desconocido,4,0,10,36.0,55.0
2026-10-07T08:43:26.616366,Bambu_H2D_2,0948BB5B1601428,RUNNING,2,Desconocido,4,0,10,29.0,55.0
2026-10-07T08:43:27.057751,Bambu_H2D_1,0948BB5B1600363,RUNNING,2,Desconocido,4,0,10,36.0,55.0
2026-10-07T08:43:27.978080,Bambu_H2D_2,0948BB5B1601428,RUNNING,2,Desconocido,4,0,10,30.0,55.0
2026-10-07T08:43:28.291774,Bambu_H2D_1,0948BB5B1600363,RUNNING,2,Desconocido,4,0,10,36.0,55.0
2026-10-07T08:43:29.215782,Bambu_H2D_2,0948BB5B1601428,RUNNING,2,Desconocido,4,0,10,30.0,55.0
2026-10-07T08:43:29.506257,Bambu_H2D_1,0948BB5B1600363,RUNNING,2,Desconocido,4,0,10,36.0,55.0
2026-10-07T08:43:30.441926,Bambu_H2D_2,0948BB5B1601428,RUNNING,2,Desconocido,4,0,10,30.0,55.0
2026-10-07T08:43:30.712820,Bambu_H2D_1,0948BB5B1600363,RUNNING,2,Desconocido,4,0,10,36.0,55.0
2026-10-07T08:43:31.654581,Bambu_H2D_2,0948BB5B1601428,RUNNING,2,Desconocido,4,0,10,30.0,55.0
2026-10-07T08:43:31.924563,Bambu_H2D_1,0948BB5B1600363,RUNNING,2,Desconocido,4,0,10,36.0,55.0
2026-10-07T08:43:33.005661,Bambu_H2D_2,0948BB5B1601428,RUNNING,2,Desconocido,4,0,10,30.0,55.0
2026-10-07T08:43:33.155223,Bambu_H2D_1,0948BB5B1600363,RUNNING,2,Desconocido,4,0,10,36.0,55.0
2026-10-07T08:43:34.196996,Bambu_H2D_2,0948BB5B1601428,RUNNING,2,Desconocido,4,0,10,30.0,55.0
2026-10-07T08:43:34.380657,Bambu_H2D_1,0948BB5B1600363,RUNNING,2,Desconocido,4,0,10,36.0,55.0
2026-10-07T08:43:35.405607,Bambu_H2D_2,0948BB5B1601428,RUNNING,2,Desconocido,4,0,10,30.0,55.0
2026-10-07T08:43:35.680602,Bambu_H2D_1,0948BB5B1600363,RUNNING,2,Desconocido,4,0,10,36.0,55.0
2026-10-07T08:43:36.670006,Bambu_H2D_2,0948BB5B1601428,RUNNING,2,Desconocido,4,0,10,30.0,55.0
2026-10-07T08:43:36.850353,Bambu_H2D_1,0948BB5B1600363,RUNNING,2,Desconocido,4,0,10,36.0,55.0
2026-10-07T08:43:38.055262,Bambu_H2D_2,0948BB5B1601428,RUNNING,2,Desconocido,4,0,10,30.0,55.0
2026-10-07T08:43:38.082094,Bambu_H2D_1,0948BB5B1600363,RUNNING,2,Desconocido,4,0,10,36.0,55.0
2026-10-07T08:43:39.283168,Bambu_H2D_2,0948BB5B1601428,RUNNING,2,Desconocido,4,0,10,30.0,55.0
2026-10-07T08:43:39.306553,Bambu_H2D_1,0948BB5B1600363,RUNNING,2,Desconocido,4,0,10,36.0,55.0
2026-10-07T08:43:40.480057,Bambu_H2D_2,0948BB5B1601428,RUNNING,2,Desconocido,4,0,10,30.0,55.0
2026-10-07T08:43:40.519512,Bambu_H2D_1,0948BB5B1600363,RUNNING,2,Desconocido,4,0,10,36.0,55.0
2026-10-07T08:43:41.753778,Bambu_H2D_2,0948BB5B1601428,RUNNING,2,Desconocido,4,0,10,30.0,55.0
2026-10-07T08:43:41.875554,Bambu_H2D_1,0948BB5B1600363,RUNNING,2,Desconocido,4,0,10,36.0,55.0
2026-10-07T08:43:43.028979,Bambu_H2D_1,0948BB5B1600363,RUNNING,2,Desconocido,4,0,10,36.0,55.0
2026-10-07T08:43:43.133186,Bambu_H2D_2,0948BB5B1601428,RUNNING,2,Desconocido,4,0,10,30.0,55.0
2026-10-07T08:43:44.234141,Bambu_H2D_1,0948BB5B1600363,RUNNING,2,Desconocido,4,0,10,36.0,55.0
2026-10-07T08:43:44.352858,Bambu_H2D_2,0948BB5B1601428,RUNNING,2,Desconocido,4,0,10,30.0,55.0
2026-10-07T08:43:45.442718,Bambu_H2D_1,0948BB5B1600363,RUNNING,2,Desconocido,4,0,10,36.0,55.0
2026-10-07T08:43:45.618449,Bambu_H2D_2,0948BB5B1601428,RUNNING,2,Desconocido,4,0,10,30.0,55.0
2026-10-07T08:43:46.654830,Bambu_H2D_1,0948BB5B1600363,RUNNING,2,Desconocido,4,0,10,36.0,55.0
2026-10-07T08:43:46.815544,Bambu_H2D_2,0948BB5B1601428,RUNNING,2,Desconocido,4,0,10,30.0,55.0
2026-10-07T08:43:47.910371,Bambu_H2D_1,0948BB5B1600363,RUNNING,2,Desconocido,7,0,10,36.0,55.0
2026-10-07T08:43:48.180012,Bambu_H2D_2,0948BB5B1601428,RUNNING,2,Desconocido,4,0,10,30.0,55.0
2026-10-07T08:43:49.199013,Bambu_H2D_1,0948BB5B1600363,RUNNING,2,Desconocido,7,0,10,36.0,55.0
2026-10-07T08:43:49.430791,Bambu_H2D_2,0948BB5B1601428,RUNNING,2,Desconocido,4,0,10,30.0,55.0
2026-10-07T08:43:50.364379,Bambu_H2D_1,0948BB5B1600363,RUNNING,2,Desconocido,7,0,10,36.0,55.0
2026-10-07T08:43:50.699743,Bambu_H2D_2,0948BB5B1601428,RUNNING,2,Desconocido,4,0,10,30.0,55.0
2026-10-07T08:43:51.553198,Bambu_H2D_1,0948BB5B1600363,RUNNING,2,Desconocido,7,0,10,36.0,55.0
2026-10-07T08:43:51.969487,Bambu_H2D_2,0948BB5B1601428,RUNNING,2,Desconocido,4,0,10,30.0,55.0
2026-10-07T08:43:52.750617,Bambu_H2D_1,0948BB5B1600363,RUNNING,2,Desconocido,7,0,10,36.0,55.0
2026-10-07T08:43:53.314159,Bambu_H2D_2,0948BB5B1601428,RUNNING,2,Desconocido,4,0,10,30.0,55.0
2026-10-07T08:43:53.947432,Bambu_H2D_1,0948BB5B1600363,RUNNING,2,Desconocido,7,0,10,36.0,55.0
2026-10-07T08:43:54.518462,Bambu_H2D_2,0948BB5B1601428,RUNNING,2,Desconocido,4,0,10,30.0,55.0
2026-10-07T08:43:55.206282,Bambu_H2D_1,0948BB5B1600363,RUNNING,2,Desconocido,7,0,10,36.0,55.0
2026-10-07T08:43:55.744159,Bambu_H2D_2,0948BB5B1601428,RUNNING,2,Desconocido,4,0,10,30.0,55.0
2026-10-07T08:43:56.525301,Bambu_H2D_1,0948BB5B1600363,RUNNING,2,Desconocido,7,0,10,36.0,55.0
2026-10-07T08:43:57.023889,Bambu_H2D_2,0948BB5B1601428,RUNNING,2,Desconocido,4,0,10,30.0,55.0
2026-10-07T08:43:57.720546,Bambu_H2D_1,0948BB5B1600363,RUNNING,2,Desconocido,7,0,10,36.0,55.0
2026-10-07T08:43:58.366227,Bambu_H2D_2,0948BB5B1601428,RUNNING,2,Desconocido,4,0,10,30.0,55.0
2026-10-07T08:43:58.932781,Bambu_H2D_1,0948BB5B1600363,RUNNING,2,Desconocido,7,0,10,36.0,55.0
2026-10-07T08:43:59.609164,Bambu_H2D_2,0948BB5B1601428,RUNNING,2,Desconocido,4,0,10,31.0,55.0
2026-10-07T08:44:00.128001,Bambu_H2D_1,0948BB5B1600363,RUNNING,2,Desconocido,7,0,10,36.0,55.0
2026-10-07T08:44:00.824876,Bambu_H2D_2,0948BB5B1601428,RUNNING,2,Desconocido,4,0,10,31.0,55.0
2026-10-07T08:44:01.324312,Bambu_H2D_1,0948BB5B1600363,RUNNING,2,Desconocido,7,0,10,36.0,55.0
2026-10-07T08:44:02.052139,Bambu_H2D_2,0948BB5B1601428,RUNNING,2,Desconocido,4,0,10,31.0,55.0
2026-10-07T08:44:02.553359,Bambu_H2D_1,0948BB5B1600363,RUNNING,2,Desconocido,7,0,10,36.0,55.0
2026-10-07T08:44:03.495682,Bambu_H2D_2,0948BB5B1601428,RUNNING,2,Desconocido,4,0,10,31.0,55.0
2026-10-07T08:44:03.754640,Bambu_H2D_1,0948BB5B1600363,RUNNING,2,Desconocido,7,0,10,36.0,55.0
2026-10-07T08:44:04.710123,Bambu_H2D_2,0948BB5B1601428,RUNNING,2,Desconocido,4,0,10,31.0,55.0
2026-10-07T08:44:05.004503,Bambu_H2D_1,0948BB5B1600363,RUNNING,2,Desconocido,7,0,10,36.0,55.0
2026-10-07T08:44:05.900285,Bambu_H2D_2,0948BB5B1601428,RUNNING,2,Desconocido,4,0,10,31.0,55.0
2026-10-07T08:44:06.190271,Bambu_H2D_1,0948BB5B1600363,RUNNING,2,Desconocido,7,0,10,36.0,55.0
2026-10-07T08:44:07.153014,Bambu_H2D_2,0948BB5B1601428,RUNNING,2,Desconocido,4,0,10,31.0,55.0
2026-10-07T08:44:07.391934,Bambu_H2D_1,0948BB5B1600363,RUNNING,2,Desconocido,7,0,10,36.0,55.0
2026-10-07T08:44:08.475836,Bambu_H2D_2,0948BB5B1601428,RUNNING,2,Desconocido,4,0,10,31.0,55.0
2026-10-07T08:44:08.654198,Bambu_H2D_1,0948BB5B1600363,RUNNING,2,Desconocido,7,0,10,36.0,55.0
2026-10-07T08:44:09.733861,Bambu_H2D_2,0948BB5B1601428,RUNNING,2,Desconocido,4,0,10,31.0,55.0
2026-10-07T08:44:09.908655,Bambu_H2D_1,0948BB5B1600363,RUNNING,2,Desconocido,7,0,10,36.0,55.0
2026-10-07T08:44:11.008469,Bambu_H2D_2,0948BB5B1601428,RUNNING,2,Desconocido,4,0,10,31.0,55.0
2026-10-07T08:44:11.120841,Bambu_H2D_1,0948BB5B1600363,RUNNING,2,Desconocido,7,0,10,36.0,55.0
2026-10-07T08:44:12.204609,Bambu_H2D_2,0948BB5B1601428,RUNNING,2,Desconocido,4,0,10,31.0,55.0
2026-10-07T08:44:12.272871,Bambu_H2D_1,0948BB5B1600363,RUNNING,2,Desconocido,7,0,10,36.0,55.0
2026-10-07T08:44:13.472038,Bambu_H2D_1,0948BB5B1600363,RUNNING,2,Desconocido,7,0,10,36.0,55.0
2026-10-07T08:44:13.589297,Bambu_H2D_2,0948BB5B1601428,RUNNING,2,Desconocido,7,0,10,31.0,55.0
2026-10-07T08:44:14.681475,Bambu_H2D_1,0948BB5B1600363,RUNNING,2,Desconocido,7,0,10,36.0,55.0
2026-10-07T08:44:14.797678,Bambu_H2D_2,0948BB5B1601428,RUNNING,2,Desconocido,7,0,10,31.0,55.0
2026-10-07T08:44:15.910028,Bambu_H2D_1,0948BB5B1600363,RUNNING,2,Desconocido,7,0,10,36.0,55.0
2026-10-07T08:44:16.065276,Bambu_H2D_2,0948BB5B1601428,RUNNING,2,Desconocido,7,0,10,31.0,55.0
2026-10-07T08:44:17.135986,Bambu_H2D_1,0948BB5B1600363,RUNNING,2,Desconocido,7,0,10,36.0,55.0
2026-10-07T08:44:17.293094,Bambu_H2D_2,0948BB5B1601428,RUNNING,2,Desconocido,7,0,10,31.0,55.0
2026-10-07T08:44:18.321637,Bambu_H2D_1,0948BB5B1600363,RUNNING,2,Desconocido,7,0,10,36.0,55.0
2026-10-07T08:44:18.655723,Bambu_H2D_2,0948BB5B1601428,RUNNING,2,Desconocido,7,0,10,31.0,55.0
2026-10-07T08:44:19.659810,Bambu_H2D_1,0948BB5B1600363,RUNNING,2,Desconocido,7,0,10,36.0,55.0
2026-10-07T08:44:19.870073,Bambu_H2D_2,0948BB5B1601428,RUNNING,2,Desconocido,7,0,10,31.0,55.0
2026-10-07T08:44:20.865402,Bambu_H2D_1,0948BB5B1600363,RUNNING,2,Desconocido,7,0,10,36.0,55.0
2026-10-07T08:44:21.120123,Bambu_H2D_2,0948BB5B1601428,RUNNING,2,Desconocido,7,0,10,31.0,55.0
2026-10-07T08:44:22.082879,Bambu_H2D_1,0948BB5B1600363,RUNNING,2,Desconocido,7,0,10,36.0,55.0
2026-10-07T08:44:22.263773,Bambu_H2D_2,0948BB5B1601428,RUNNING,2,Desconocido,7,0,10,31.0,55.0
2026-10-07T08:44:23.334877,Bambu_H2D_1,0948BB5B1600363,RUNNING,2,Desconocido,7,0,10,36.0,55.0
2026-10-07T08:44:23.770106,Bambu_H2D_2,0948BB5B1601428,RUNNING,2,Desconocido,7,0,10,31.0,55.0
2026-10-07T08:44:24.526816,Bambu_H2D_1,0948BB5B1600363,RUNNING,2,Desconocido,7,0,10,36.0,55.0
2026-10-07T08:44:24.925788,Bambu_H2D_2,0948BB5B1601428,RUNNING,2,Desconocido,7,0,10,31.0,55.0
2026-10-07T08:44:25.739052,Bambu_H2D_1,0948BB5B1600363,RUNNING,2,Desconocido,7,0,10,36.0,55.0
2026-10-07T08:44:26.142192,Bambu_H2D_2,0948BB5B1601428,RUNNING,2,Desconocido,7,0,10,31.0,55.0
2026-10-07T08:44:26.956515,Bambu_H2D_1,0948BB5B1600363,RUNNING,2,Desconocido,7,0,10,36.0,55.0
2026-10-07T08:44:27.346958,Bambu_H2D_2,0948BB5B1601428,RUNNING,2,Desconocido,7,0,10,31.0,55.0
2026-10-07T08:44:28.191554,Bambu_H2D_1,0948BB5B1600363,RUNNING,2,Desconocido,7,0,10,36.0,55.0
2026-10-07T08:44:28.782437,Bambu_H2D_2,0948BB5B1601428,RUNNING,2,Desconocido,7,0,10,31.0,55.0
2026-10-07T08:44:29.451988,Bambu_H2D_1,0948BB5B1600363,RUNNING,2,Desconocido,7,0,10,36.0,55.0
2026-10-07T08:44:29.947475,Bambu_H2D_2,0948BB5B1601428,RUNNING,2,Desconocido,7,0,10,31.0,55.0
2026-10-07T08:44:30.653565,Bambu_H2D_1,0948BB5B1600363,RUNNING,2,Desconocido,7,0,10,36.0,55.0
2026-10-07T08:44:31.187962,Bambu_H2D_2,0948BB5B1601428,RUNNING,2,Desconocido,7,0,10,31.0,55.0
2026-10-07T08:44:31.852790,Bambu_H2D_1,0948BB5B1600363,RUNNING,2,Desconocido,7,0,10,36.0,55.0
2026-10-07T08:44:32.384709,Bambu_H2D_2,0948BB5B1601428,RUNNING,2,Desconocido,7,0,10,31.0,55.0
2026-10-07T08:44:33.061424,Bambu_H2D_1,0948BB5B1600363,RUNNING,2,Desconocido,7,0,10,36.0,55.0
2026-10-07T08:44:33.736946,Bambu_H2D_2,0948BB5B1601428,RUNNING,2,Desconocido,7,0,10,31.0,55.0
2026-10-07T08:44:34.281574,Bambu_H2D_1,0948BB5B1600363,RUNNING,2,Desconocido,7,0,10,36.0,55.0
2026-10-07T08:44:34.943828,Bambu_H2D_2,0948BB5B1601428,RUNNING,2,Desconocido,7,0,10,31.0,55.0
2026-10-07T08:44:35.492400,Bambu_H2D_1,0948BB5B1600363,RUNNING,2,Desconocido,7,0,10,36.0,55.0
2026-10-07T08:44:36.131738,Bambu_H2D_2,0948BB5B1601428,RUNNING,2,Desconocido,7,0,10,31.0,55.0
2026-10-07T08:44:36.734852,Bambu_H2D_1,0948BB5B1600363,RUNNING,2,Desconocido,7,0,10,36.0,55.0
2026-10-07T08:44:37.381126,Bambu_H2D_2,0948BB5B1601428,RUNNING,2,Desconocido,7,0,10,31.0,55.0
2026-10-07T08:44:37.916685,Bambu_H2D_1,0948BB5B1600363,RUNNING,2,Desconocido,7,0,10,36.0,55.0
2026-10-07T08:44:38.787024,Bambu_H2D_2,0948BB5B1601428,RUNNING,2,Desconocido,7,0,10,31.0,55.0
2026-10-07T08:44:39.123308,Bambu_H2D_1,0948BB5B1600363,RUNNING,2,Desconocido,7,0,10,36.0,55.0
2026-10-07T08:44:39.988260,Bambu_H2D_2,0948BB5B1601428,RUNNING,2,Desconocido,7,0,10,31.0,55.0
2026-10-07T08:44:40.323370,Bambu_H2D_1,0948BB5B1600363,RUNNING,2,Desconocido,7,0,10,36.0,55.0
2026-10-07T08:44:41.234213,Bambu_H2D_2,0948BB5B1601428,RUNNING,2,Desconocido,7,0,10,31.0,55.0
2026-10-07T08:44:41.558824,Bambu_H2D_1,0948BB5B1600363,RUNNING,2,Desconocido,7,0,10,36.0,55.0
2026-10-07T08:44:42.415924,Bambu_H2D_2,0948BB5B1601428,RUNNING,2,Desconocido,7,0,10,31.0,55.0
2026-10-07T08:44:42.911392,Bambu_H2D_1,0948BB5B1600363,RUNNING,2,Desconocido,54,0,10,36.0,55.0
2026-10-07T08:44:43.831781,Bambu_H2D_2,0948BB5B1601428,RUNNING,2,Desconocido,7,0,10,31.0,55.0
2026-10-07T08:44:44.148913,Bambu_H2D_1,0948BB5B1600363,RUNNING,2,Desconocido,54,0,10,36.0,55.0
2026-10-07T08:44:45.085197,Bambu_H2D_2,0948BB5B1601428,RUNNING,2,Desconocido,7,0,10,31.0,55.0
2026-10-07T08:44:45.352584,Bambu_H2D_1,0948BB5B1600363,RUNNING,2,Desconocido,54,0,10,36.0,55.0
2026-10-07T08:44:46.294473,Bambu_H2D_2,0948BB5B1601428,RUNNING,2,Desconocido,7,0,10,31.0,55.0
2026-10-07T08:44:46.524699,Bambu_H2D_1,0948BB5B1600363,RUNNING,2,Desconocido,54,0,10,36.0,55.0
2026-10-07T08:44:47.485110,Bambu_H2D_2,0948BB5B1601428,RUNNING,2,Desconocido,7,0,10,31.0,55.0
2026-10-07T08:44:47.725285,Bambu_H2D_1,0948BB5B1600363,RUNNING,2,Desconocido,54,0,10,36.0,55.0
2026-10-07T08:44:48.850561,Bambu_H2D_2,0948BB5B1601428,RUNNING,2,Desconocido,7,0,10,31.0,55.0
2026-10-07T08:44:48.939943,Bambu_H2D_1,0948BB5B1600363,RUNNING,2,Desconocido,54,0,10,36.0,55.0
2026-10-07T08:44:50.077151,Bambu_H2D_2,0948BB5B1601428,RUNNING,2,Desconocido,7,0,10,31.0,55.0
2026-10-07T08:44:50.188557,Bambu_H2D_1,0948BB5B1600363,RUNNING,2,Desconocido,54,0,10,36.0,55.0
2026-10-07T08:44:51.308009,Bambu_H2D_2,0948BB5B1601428,RUNNING,2,Desconocido,7,0,10,31.0,55.0
2026-10-07T08:44:51.400123,Bambu_H2D_1,0948BB5B1600363,RUNNING,2,Desconocido,54,0,10,36.0,55.0
2026-10-07T08:44:52.505432,Bambu_H2D_2,0948BB5B1601428,RUNNING,2,Desconocido,7,0,10,31.0,55.0
2026-10-07T08:44:52.596357,Bambu_H2D_1,0948BB5B1600363,RUNNING,2,Desconocido,54,0,10,36.0,55.0
2026-10-07T08:44:53.802595,Bambu_H2D_1,0948BB5B1600363,RUNNING,2,Desconocido,54,0,10,36.0,55.0
2026-10-07T08:44:53.858696,Bambu_H2D_2,0948BB5B1601428,RUNNING,2,Desconocido,7,0,10,31.0,55.0
2026-10-07T08:44:54.999957,Bambu_H2D_1,0948BB5B1600363,RUNNING,2,Desconocido,54,0,10,36.0,55.0
2026-10-07T08:44:55.092501,Bambu_H2D_2,0948BB5B1601428,RUNNING,2,Desconocido,7,0,10,31.0,55.0
2026-10-07T08:44:56.254982,Bambu_H2D_1,0948BB5B1600363,RUNNING,2,Desconocido,54,0,10,182.0,55.0
2026-10-07T08:44:56.276562,Bambu_H2D_2,0948BB5B1601428,RUNNING,2,Desconocido,7,0,10,31.0,55.0
2026-10-07T08:44:57.567513,Bambu_H2D_1,0948BB5B1600363,RUNNING,2,Desconocido,54,0,10,192.0,55.0
2026-10-07T08:44:57.587134,Bambu_H2D_2,0948BB5B1601428,RUNNING,2,Desconocido,7,0,10,31.0,55.0
2026-10-07T08:44:58.785881,Bambu_H2D_1,0948BB5B1600363,RUNNING,2,Desconocido,54,0,10,196.0,55.0
2026-10-07T08:44:58.923271,Bambu_H2D_2,0948BB5B1601428,RUNNING,2,Desconocido,7,0,10,31.0,55.0
2026-10-07T08:44:59.992636,Bambu_H2D_1,0948BB5B1600363,RUNNING,2,Desconocido,54,0,10,200.0,55.0
2026-10-07T08:45:00.123430,Bambu_H2D_2,0948BB5B1601428,RUNNING,2,Desconocido,7,0,10,31.0,55.0
2026-10-07T08:45:01.199454,Bambu_H2D_1,0948BB5B1600363,RUNNING,2,Desconocido,54,0,10,204.0,55.0
2026-10-07T08:45:01.369408,Bambu_H2D_2,0948BB5B1601428,RUNNING,2,Desconocido,7,0,10,31.0,55.0
2026-10-07T08:45:02.397052,Bambu_H2D_1,0948BB5B1600363,RUNNING,2,Desconocido,54,0,10,212.0,55.0
2026-10-07T08:45:02.530208,Bambu_H2D_2,0948BB5B1601428,RUNNING,2,Desconocido,7,0,10,31.0,55.0
2026-10-07T08:45:03.666901,Bambu_H2D_1,0948BB5B1600363,RUNNING,2,Desconocido,54,0,10,212.0,55.0
2026-10-07T08:45:03.921611,Bambu_H2D_2,0948BB5B1601428,RUNNING,2,Desconocido,7,0,10,31.0,55.0
2026-10-07T08:45:04.867628,Bambu_H2D_1,0948BB5B1600363,RUNNING,2,Desconocido,54,0,10,218.0,55.0
2026-10-07T08:45:05.187580,Bambu_H2D_2,0948BB5B1601428,RUNNING,2,Desconocido,7,0,10,31.0,55.0
2026-10-07T08:45:06.053124,Bambu_H2D_1,0948BB5B1600363,RUNNING,2,Desconocido,54,0,10,219.0,55.0
2026-10-07T08:45:06.409198,Bambu_H2D_2,0948BB5B1601428,RUNNING,2,Desconocido,7,0,10,31.0,55.0
2026-10-07T08:45:07.254585,Bambu_H2D_1,0948BB5B1600363,RUNNING,2,Desconocido,54,0,10,220.0,55.0
2026-10-07T08:45:07.607788,Bambu_H2D_2,0948BB5B1601428,RUNNING,2,Desconocido,7,0,10,31.0,55.0
2026-10-07T08:45:08.458694,Bambu_H2D_1,0948BB5B1600363,RUNNING,2,Desconocido,54,0,10,220.0,55.0
2026-10-07T08:45:08.975969,Bambu_H2D_2,0948BB5B1601428,RUNNING,2,Desconocido,52,0,10,31.0,55.0
2026-10-07T08:45:09.746136,Bambu_H2D_1,0948BB5B1600363,RUNNING,2,Desconocido,55,0,10,221.0,55.0
2026-10-07T08:45:10.178015,Bambu_H2D_2,0948BB5B1601428,RUNNING,2,Desconocido,52,0,10,31.0,55.0
2026-10-07T08:45:10.968994,Bambu_H2D_1,0948BB5B1600363,RUNNING,2,Desconocido,55,0,10,221.0,55.0
2026-10-07T08:45:11.452192,Bambu_H2D_2,0948BB5B1601428,RUNNING,2,Desconocido,52,0,10,31.0,55.0
2026-10-07T08:45:12.169981,Bambu_H2D_1,0948BB5B1600363,RUNNING,2,Desconocido,55,0,10,221.0,55.0
2026-10-07T08:45:12.649503,Bambu_H2D_2,0948BB5B1601428,RUNNING,2,Desconocido,52,0,10,31.0,55.0
2026-10-07T08:45:13.040752,Bambu_H2D_1,0948BB5B1600363,N/A,N/A,Desconocido,0,0,0,0.0,0.0
2026-10-07T08:45:13.041923,Bambu_H2D_1,0948BB5B1600363,N/A,N/A,Desconocido,0,0,0,0.0,0.0
2026-10-07T08:45:13.651845,Bambu_H2D_1,0948BB5B1600363,RUNNING,2,Desconocido,55,0,10,220.0,55.0
2026-10-07T08:45:14.039460,Bambu_H2D_2,0948BB5B1601428,RUNNING,2,Desconocido,52,0,10,31.0,55.0
2026-10-07T08:45:15.122953,Bambu_H2D_1,0948BB5B1600363,RUNNING,2,Desconocido,56,1,10,219.0,55.0
2026-10-07T08:45:15.230317,Bambu_H2D_2,0948BB5B1601428,RUNNING,2,Desconocido,52,0,10,31.0,55.0
2026-10-07T08:45:16.421727,Bambu_H2D_2,0948BB5B1601428,RUNNING,2,Desconocido,52,0,10,31.0,55.0
2026-10-07T08:45:16.558949,Bambu_H2D_1,0948BB5B1600363,RUNNING,2,Desconocido,56,1,10,218.0,55.0
2026-10-07T08:45:17.672980,Bambu_H2D_2,0948BB5B1601428,RUNNING,2,Desconocido,52,0,10,31.0,55.0
2026-10-07T08:45:17.800722,Bambu_H2D_1,0948BB5B1600363,RUNNING,2,Desconocido,57,1,10,218.0,55.0
2026-10-07T08:45:18.376564,Bambu_H2D_1,0948BB5B1600363,N/A,N/A,Desconocido,0,0,0,0.0,0.0
2026-10-07T08:45:18.535743,Bambu_H2D_1,0948BB5B1600363,N/A,N/A,Desconocido,0,0,0,0.0,0.0
2026-10-07T08:45:18.934034,Bambu_H2D_1,0948BB5B1600363,RUNNING,2,Desconocido,57,1,10,218.0,55.0
2026-10-07T08:45:18.987996,Bambu_H2D_1,0948BB5B1600363,N/A,N/A,Desconocido,0,0,0,0.0,0.0
2026-10-07T08:45:19.070738,Bambu_H2D_2,0948BB5B1601428,RUNNING,2,Desconocido,52,0,10,31.0,55.0
2026-10-07T08:45:20.215146,Bambu_H2D_1,0948BB5B1600363,RUNNING,2,Desconocido,57,1,10,218.0,55.0
2026-10-07T08:45:20.283438,Bambu_H2D_2,0948BB5B1601428,RUNNING,2,Desconocido,52,0,10,31.0,55.0
2026-10-07T08:45:21.501525,Bambu_H2D_1,0948BB5B1600363,RUNNING,2,Desconocido,57,1,10,218.0,55.0
2026-10-07T08:45:21.518110,Bambu_H2D_2,0948BB5B1601428,RUNNING,2,Desconocido,52,0,10,182.0,55.0
2026-10-07T08:45:22.695814,Bambu_H2D_2,0948BB5B1601428,RUNNING,2,Desconocido,52,0,10,193.0,55.0
2026-10-07T08:45:22.721068,Bambu_H2D_1,0948BB5B1600363,RUNNING,2,Desconocido,57,1,10,219.0,55.0
2026-10-07T08:45:23.989421,Bambu_H2D_1,0948BB5B1600363,RUNNING,2,Desconocido,58,1,10,219.0,55.0
2026-10-07T08:45:24.052098,Bambu_H2D_2,0948BB5B1601428,RUNNING,2,Desconocido,52,0,10,197.0,55.0
2026-10-07T08:45:25.296271,Bambu_H2D_2,0948BB5B1601428,RUNNING,2,Desconocido,52,0,10,202.0,55.0
2026-10-07T08:45:25.331787,Bambu_H2D_1,0948BB5B1600363,RUNNING,2,Desconocido,58,1,10,220.0,55.0
2026-10-07T08:45:26.489714,Bambu_H2D_2,0948BB5B1601428,RUNNING,2,Desconocido,52,0,10,206.0,55.0
2026-10-07T08:45:26.694514,Bambu_H2D_1,0948BB5B1600363,RUNNING,2,Desconocido,58,1,10,220.0,55.0
2026-10-07T08:45:27.699008,Bambu_H2D_2,0948BB5B1601428,RUNNING,2,Desconocido,53,0,10,215.0,55.0
2026-10-07T08:45:27.893279,Bambu_H2D_1,0948BB5B1600363,RUNNING,2,Desconocido,58,1,10,220.0,55.0
2026-10-07T08:45:29.032444,Bambu_H2D_2,0948BB5B1601428,RUNNING,2,Desconocido,53,0,10,215.0,55.0
2026-10-07T08:45:29.118694,Bambu_H2D_1,0948BB5B1600363,RUNNING,2,Desconocido,58,1,10,220.0,55.0
2026-10-07T08:45:30.271363,Bambu_H2D_2,0948BB5B1601428,RUNNING,2,Desconocido,53,0,10,219.0,55.0
2026-10-07T08:45:30.357803,Bambu_H2D_1,0948BB5B1600363,RUNNING,2,Desconocido,58,1,10,220.0,55.0
2026-10-07T08:45:31.474341,Bambu_H2D_2,0948BB5B1601428,RUNNING,2,Desconocido,53,0,10,220.0,55.0
2026-10-07T08:45:31.744058,Bambu_H2D_1,0948BB5B1600363,RUNNING,2,Desconocido,59,1,10,220.0,55.0
2026-10-07T08:45:32.719018,Bambu_H2D_2,0948BB5B1601428,RUNNING,2,Desconocido,53,0,10,222.0,55.0
2026-10-07T08:45:33.030089,Bambu_H2D_1,0948BB5B1600363,RUNNING,2,Desconocido,59,1,10,220.0,55.0
2026-10-07T08:45:34.052957,Bambu_H2D_2,0948BB5B1601428,RUNNING,2,Desconocido,53,0,10,222.0,55.0
2026-10-07T08:45:34.318884,Bambu_H2D_1,0948BB5B1600363,RUNNING,2,Desconocido,59,1,10,220.0,55.0
2026-10-07T08:45:35.263111,Bambu_H2D_2,0948BB5B1601428,RUNNING,2,Desconocido,53,0,10,223.0,55.0
2026-10-07T08:45:35.622917,Bambu_H2D_1,0948BB5B1600363,RUNNING,2,Desconocido,59,1,10,220.0,55.0
2026-10-07T08:45:36.454993,Bambu_H2D_2,0948BB5B1601428,RUNNING,2,Desconocido,53,0,10,222.0,55.0
2026-10-07T08:45:37.155579,Bambu_H2D_1,0948BB5B1600363,RUNNING,2,Desconocido,60,1,10,220.0,55.0
2026-10-07T08:45:37.707367,Bambu_H2D_2,0948BB5B1601428,RUNNING,2,Desconocido,53,0,10,222.0,55.0
2026-10-07T08:45:38.401528,Bambu_H2D_1,0948BB5B1600363,RUNNING,2,Desconocido,60,1,10,220.0,55.0
2026-10-07T08:45:38.541195,Bambu_H2D_2,0948BB5B1601428,N/A,N/A,Desconocido,0,0,0,0.0,0.0
2026-10-07T08:45:38.542450,Bambu_H2D_2,0948BB5B1601428,N/A,N/A,Desconocido,0,0,0,0.0,0.0
2026-10-07T08:45:39.311112,Bambu_H2D_2,0948BB5B1601428,RUNNING,2,Desconocido,53,1,10,221.0,55.0
2026-10-07T08:45:39.742797,Bambu_H2D_1,0948BB5B1600363,RUNNING,2,Desconocido,60,1,10,220.0,55.0
2026-10-07T08:45:40.654910,Bambu_H2D_2,0948BB5B1601428,RUNNING,2,Desconocido,55,1,10,219.0,55.0
2026-10-07T08:45:41.101823,Bambu_H2D_1,0948BB5B1600363,RUNNING,2,Desconocido,60,1,10,220.0,55.0
2026-10-07T08:45:41.893560,Bambu_H2D_2,0948BB5B1601428,RUNNING,2,Desconocido,55,1,10,218.0,55.0
2026-10-07T08:45:42.391539,Bambu_H2D_1,0948BB5B1600363,RUNNING,2,Desconocido,60,1,10,220.0,55.0
2026-10-07T08:45:43.143114,Bambu_H2D_2,0948BB5B1601428,RUNNING,2,Desconocido,55,1,10,217.0,55.0
2026-10-07T08:45:43.624307,Bambu_H2D_1,0948BB5B1600363,RUNNING,2,Desconocido,60,1,10,220.0,55.0
2026-10-07T08:45:43.858392,Bambu_H2D_2,0948BB5B1601428,N/A,N/A,Desconocido,0,0,0,0.0,0.0
2026-10-07T08:45:44.011459,Bambu_H2D_2,0948BB5B1601428,N/A,N/A,Desconocido,0,0,0,0.0,0.0
2026-10-07T08:45:44.267036,Bambu_H2D_2,0948BB5B1601428,N/A,N/A,Desconocido,0,0,0,0.0,0.0
2026-10-07T08:45:44.552719,Bambu_H2D_2,0948BB5B1601428,RUNNING,2,Desconocido,55,1,10,217.0,55.0
2026-10-07T08:45:44.875668,Bambu_H2D_1,0948BB5B1600363,RUNNING,2,Desconocido,61,1,10,220.0,55.0
2026-10-07T08:45:45.817688,Bambu_H2D_2,0948BB5B1601428,RUNNING,2,Desconocido,55,1,10,217.0,55.0
2026-10-07T08:45:46.185528,Bambu_H2D_1,0948BB5B1600363,RUNNING,2,Desconocido,61,1,10,220.0,55.0
2026-10-07T08:45:47.049236,Bambu_H2D_2,0948BB5B1601428,RUNNING,2,Desconocido,55,1,10,218.0,55.0
2026-10-07T08:45:47.548482,Bambu_H2D_1,0948BB5B1600363,RUNNING,2,Desconocido,61,1,10,220.0,55.0
2026-10-07T08:45:48.378462,Bambu_H2D_2,0948BB5B1601428,RUNNING,2,Desconocido,56,1,10,218.0,55.0
2026-10-07T08:45:48.833471,Bambu_H2D_1,0948BB5B1600363,RUNNING,2,Desconocido,61,1,10,220.0,55.0
2026-10-07T08:45:49.841952,Bambu_H2D_2,0948BB5B1601428,RUNNING,2,Desconocido,56,1,10,219.0,55.0
2026-10-07T08:45:50.052190,Bambu_H2D_1,0948BB5B1600363,RUNNING,2,Desconocido,62,1,10,220.0,55.0
2026-10-07T08:45:51.063987,Bambu_H2D_2,0948BB5B1601428,RUNNING,2,Desconocido,56,1,10,220.0,55.0
2026-10-07T08:45:51.467938,Bambu_H2D_1,0948BB5B1600363,RUNNING,2,Desconocido,62,1,10,220.0,55.0
2026-10-07T08:45:52.489163,Bambu_H2D_2,0948BB5B1601428,RUNNING,2,Desconocido,56,1,10,221.0,55.0
2026-10-07T08:45:52.635384,Bambu_H2D_1,0948BB5B1600363,RUNNING,2,Desconocido,62,1,10,220.0,55.0
2026-10-07T08:45:53.803135,Bambu_H2D_2,0948BB5B1601428,RUNNING,2,Desconocido,56,1,10,221.0,55.0
2026-10-07T08:45:53.953999,Bambu_H2D_1,0948BB5B1600363,RUNNING,2,Desconocido,62,1,10,220.0,55.0
2026-10-07T08:45:55.183145,Bambu_H2D_2,0948BB5B1601428,RUNNING,2,Desconocido,57,1,10,221.0,55.0
2026-10-07T08:45:55.458315,Bambu_H2D_1,0948BB5B1600363,RUNNING,2,Desconocido,62,1,10,220.0,55.0
2026-10-07T08:45:56.420698,Bambu_H2D_2,0948BB5B1601428,RUNNING,2,Desconocido,57,1,10,220.0,55.0
2026-10-07T08:45:56.709008,Bambu_H2D_1,0948BB5B1600363,RUNNING,2,Desconocido,62,1,10,220.0,55.0
2026-10-07T08:45:57.642889,Bambu_H2D_2,0948BB5B1601428,RUNNING,2,Desconocido,57,1,10,220.0,55.0
2026-10-07T08:45:57.970999,Bambu_H2D_1,0948BB5B1600363,RUNNING,2,Desconocido,63,1,10,220.0,55.0
2026-10-07T08:45:58.898701,Bambu_H2D_2,0948BB5B1601428,RUNNING,2,Desconocido,57,1,10,220.0,55.0
2026-10-07T08:45:59.188463,Bambu_H2D_1,0948BB5B1600363,RUNNING,2,Desconocido,63,1,10,220.0,55.0
2026-10-07T08:46:00.418291,Bambu_H2D_1,0948BB5B1600363,RUNNING,2,Desconocido,63,1,10,220.0,55.0
2026-10-07T08:46:00.536508,Bambu_H2D_2,0948BB5B1601428,RUNNING,2,Desconocido,57,1,10,220.0,55.0
2026-10-07T08:46:01.734279,Bambu_H2D_1,0948BB5B1600363,RUNNING,2,Desconocido,63,1,10,220.0,55.0
2026-10-07T08:46:02.019065,Bambu_H2D_2,0948BB5B1601428,RUNNING,2,Desconocido,58,1,10,220.0,55.0
2026-10-07T08:46:03.073012,Bambu_H2D_1,0948BB5B1600363,RUNNING,2,Desconocido,63,1,10,220.0,55.0
2026-10-07T08:46:03.398945,Bambu_H2D_2,0948BB5B1601428,RUNNING,2,Desconocido,58,1,10,220.0,55.0
2026-10-07T08:46:04.351010,Bambu_H2D_1,0948BB5B1600363,RUNNING,2,Desconocido,64,1,10,220.0,55.0
2026-10-07T08:46:04.815537,Bambu_H2D_2,0948BB5B1601428,RUNNING,2,Desconocido,58,1,10,220.0,55.0
2026-10-07T08:46:05.784719,Bambu_H2D_1,0948BB5B1600363,RUNNING,2,Desconocido,64,1,10,220.0,55.0
2026-10-07T08:46:06.041245,Bambu_H2D_2,0948BB5B1601428,RUNNING,2,Desconocido,58,1,10,220.0,55.0
2026-10-07T08:46:06.982535,Bambu_H2D_1,0948BB5B1600363,RUNNING,2,Desconocido,64,1,10,220.0,55.0
2026-10-07T08:46:07.268781,Bambu_H2D_2,0948BB5B1601428,RUNNING,2,Desconocido,58,1,10,220.0,55.0
2026-10-07T08:46:08.238889,Bambu_H2D_1,0948BB5B1600363,RUNNING,2,Desconocido,64,1,10,220.0,55.0
2026-10-07T08:46:08.566155,Bambu_H2D_2,0948BB5B1601428,RUNNING,2,Desconocido,59,1,10,220.0,55.0
2026-10-07T08:46:09.570247,Bambu_H2D_1,0948BB5B1600363,RUNNING,2,Desconocido,64,1,10,220.0,55.0
2026-10-07T08:46:10.042977,Bambu_H2D_2,0948BB5B1601428,RUNNING,2,Desconocido,59,1,10,220.0,55.0
2026-10-07T08:46:10.771317,Bambu_H2D_1,0948BB5B1600363,RUNNING,2,Desconocido,64,1,10,220.0,55.0
2026-10-07T08:46:11.396201,Bambu_H2D_2,0948BB5B1601428,RUNNING,2,Desconocido,59,1,10,220.0,55.0
2026-10-07T08:46:12.108196,Bambu_H2D_1,0948BB5B1600363,RUNNING,2,Desconocido,65,1,10,220.0,55.0
2026-10-07T08:46:12.673777,Bambu_H2D_2,0948BB5B1601428,RUNNING,2,Desconocido,59,1,10,220.0,55.0
2026-10-07T08:46:13.337924,Bambu_H2D_1,0948BB5B1600363,RUNNING,2,Desconocido,65,1,10,220.0,55.0
2026-10-07T08:46:13.901611,Bambu_H2D_2,0948BB5B1601428,RUNNING,2,Desconocido,59,1,10,220.0,55.0
2026-10-07T08:46:14.580361,Bambu_H2D_1,0948BB5B1600363,RUNNING,2,Desconocido,65,1,10,220.0,55.0
2026-10-07T08:46:15.460844,Bambu_H2D_2,0948BB5B1601428,RUNNING,2,Desconocido,60,1,10,220.0,55.0
2026-10-07T08:46:15.947252,Bambu_H2D_1,0948BB5B1600363,RUNNING,2,Desconocido,65,1,10,220.0,55.0
2026-10-07T08:46:16.731472,Bambu_H2D_2,0948BB5B1601428,RUNNING,2,Desconocido,60,1,10,220.0,55.0
2026-10-07T08:46:17.184048,Bambu_H2D_1,0948BB5B1600363,RUNNING,2,Desconocido,65,1,10,220.0,55.0
2026-10-07T08:46:17.988731,Bambu_H2D_2,0948BB5B1601428,RUNNING,2,Desconocido,60,1,10,220.0,55.0
2026-10-07T08:46:18.407221,Bambu_H2D_1,0948BB5B1600363,RUNNING,2,Desconocido,66,1,10,220.0,55.0
2026-10-07T08:46:19.236649,Bambu_H2D_2,0948BB5B1601428,RUNNING,2,Desconocido,60,1,10,220.0,55.0
2026-10-07T08:46:19.716549,Bambu_H2D_1,0948BB5B1600363,RUNNING,2,Desconocido,66,1,10,220.0,55.0
2026-10-07T08:46:20.650942,Bambu_H2D_2,0948BB5B1601428,RUNNING,2,Desconocido,60,1,10,220.0,55.0
2026-10-07T08:46:20.925146,Bambu_H2D_1,0948BB5B1600363,RUNNING,2,Desconocido,66,1,10,220.0,55.0
2026-10-07T08:46:21.874764,Bambu_H2D_2,0948BB5B1601428,RUNNING,2,Desconocido,60,1,10,220.0,55.0
2026-10-07T08:46:22.217400,Bambu_H2D_1,0948BB5B1600363,RUNNING,2,Desconocido,66,1,10,220.0,55.0
2026-10-07T08:46:23.271059,Bambu_H2D_2,0948BB5B1601428,RUNNING,2,Desconocido,61,1,10,220.0,55.0
2026-10-07T08:46:23.559674,Bambu_H2D_1,0948BB5B1600363,RUNNING,2,Desconocido,66,1,10,220.0,55.0
2026-10-07T08:46:24.749232,Bambu_H2D_2,0948BB5B1601428,RUNNING,2,Desconocido,61,1,10,220.0,55.0
2026-10-07T08:46:24.792957,Bambu_H2D_1,0948BB5B1600363,RUNNING,2,Desconocido,67,1,10,220.0,55.0
2026-10-07T08:46:25.978360,Bambu_H2D_2,0948BB5B1601428,RUNNING,2,Desconocido,61,1,10,220.0,55.0
2026-10-07T08:46:26.137556,Bambu_H2D_1,0948BB5B1600363,RUNNING,2,Desconocido,67,1,10,220.0,55.0
2026-10-07T08:46:27.255567,Bambu_H2D_2,0948BB5B1601428,RUNNING,2,Desconocido,61,1,10,220.0,55.0
2026-10-07T08:46:27.336213,Bambu_H2D_1,0948BB5B1600363,RUNNING,2,Desconocido,67,1,10,220.0,55.0
2026-10-07T08:46:28.586767,Bambu_H2D_2,0948BB5B1601428,RUNNING,2,Desconocido,62,1,10,220.0,55.0
2026-10-07T08:46:28.596012,Bambu_H2D_1,0948BB5B1600363,RUNNING,2,Desconocido,67,1,10,220.0,55.0
2026-10-07T08:46:29.815937,Bambu_H2D_1,0948BB5B1600363,RUNNING,2,Desconocido,67,1,10,220.0,55.0
2026-10-07T08:46:30.109418,Bambu_H2D_2,0948BB5B1601428,RUNNING,2,Desconocido,62,1,10,220.0,55.0
2026-10-07T08:46:31.163964,Bambu_H2D_1,0948BB5B1600363,RUNNING,2,Desconocido,67,1,10,220.0,55.0
2026-10-07T08:46:31.440989,Bambu_H2D_2,0948BB5B1601428,RUNNING,2,Desconocido,62,1,10,220.0,55.0
2026-10-07T08:46:32.528426,Bambu_H2D_1,0948BB5B1600363,RUNNING,2,Desconocido,68,1,10,220.0,55.0
2026-10-07T08:46:32.774802,Bambu_H2D_2,0948BB5B1601428,RUNNING,2,Desconocido,62,1,10,220.0,55.0
2026-10-07T08:46:33.911815,Bambu_H2D_1,0948BB5B1600363,RUNNING,2,Desconocido,68,1,10,220.0,55.0
2026-10-07T08:46:34.028504,Bambu_H2D_2,0948BB5B1601428,RUNNING,2,Desconocido,62,1,10,220.0,55.0
2026-10-07T08:46:35.102839,Bambu_H2D_1,0948BB5B1600363,RUNNING,2,Desconocido,68,1,10,220.0,55.0
2026-10-07T08:46:35.412765,Bambu_H2D_2,0948BB5B1601428,RUNNING,2,Desconocido,62,1,10,220.0,55.0
2026-10-07T08:46:36.337333,Bambu_H2D_1,0948BB5B1600363,RUNNING,2,Desconocido,68,1,10,220.0,55.0
2026-10-07T08:46:36.870830,Bambu_H2D_2,0948BB5B1601428,RUNNING,2,Desconocido,63,1,10,220.0,55.0
2026-10-07T08:46:37.718219,Bambu_H2D_1,0948BB5B1600363,RUNNING,2,Desconocido,68,1,10,220.0,55.0
2026-10-07T08:46:38.100642,Bambu_H2D_2,0948BB5B1601428,RUNNING,2,Desconocido,63,1,10,220.0,55.0
2026-10-07T08:46:38.981654,Bambu_H2D_1,0948BB5B1600363,RUNNING,2,Desconocido,69,2,10,220.0,55.0
2026-10-07T08:46:39.591612,Bambu_H2D_2,0948BB5B1601428,RUNNING,2,Desconocido,63,1,10,220.0,55.0
2026-10-07T08:46:40.517389,Bambu_H2D_1,0948BB5B1600363,RUNNING,2,Desconocido,69,2,10,220.0,55.0
2026-10-07T08:46:40.894603,Bambu_H2D_2,0948BB5B1601428,RUNNING,2,Desconocido,63,1,10,220.0,55.0
2026-10-07T08:46:41.722093,Bambu_H2D_1,0948BB5B1600363,RUNNING,2,Desconocido,69,2,10,220.0,55.0
2026-10-07T08:46:42.103300,Bambu_H2D_2,0948BB5B1601428,RUNNING,2,Desconocido,63,1,10,220.0,55.0
2026-10-07T08:46:42.953937,Bambu_H2D_1,0948BB5B1600363,RUNNING,2,Desconocido,69,2,10,219.0,55.0
2026-10-07T08:46:43.391674,Bambu_H2D_2,0948BB5B1601428,RUNNING,2,Desconocido,64,1,10,220.0,55.0
2026-10-07T08:46:44.397341,Bambu_H2D_1,0948BB5B1600363,RUNNING,2,Desconocido,70,2,10,218.0,55.0
2026-10-07T08:46:44.908784,Bambu_H2D_2,0948BB5B1601428,RUNNING,2,Desconocido,64,1,10,220.0,55.0
2026-10-07T08:46:45.636559,Bambu_H2D_1,0948BB5B1600363,RUNNING,2,Desconocido,70,2,10,218.0,55.0
2026-10-07T08:46:46.223914,Bambu_H2D_2,0948BB5B1601428,RUNNING,2,Desconocido,64,1,10,220.0,55.0
2026-10-07T08:46:46.894999,Bambu_H2D_1,0948BB5B1600363,RUNNING,2,Desconocido,70,2,10,218.0,55.0
2026-10-07T08:46:47.496706,Bambu_H2D_2,0948BB5B1601428,RUNNING,2,Desconocido,64,1,10,220.0,55.0
2026-10-07T08:46:48.400028,Bambu_H2D_1,0948BB5B1600363,RUNNING,2,Desconocido,70,2,10,218.0,55.0
2026-10-07T08:46:48.820977,Bambu_H2D_2,0948BB5B1601428,RUNNING,2,Desconocido,64,1,10,220.0,55.0
2026-10-07T08:46:49.637310,Bambu_H2D_1,0948BB5B1600363,RUNNING,2,Desconocido,70,2,10,219.0,55.0
2026-10-07T08:46:50.168502,Bambu_H2D_2,0948BB5B1601428,RUNNING,2,Desconocido,65,1,10,220.0,55.0
2026-10-07T08:46:50.853586,Bambu_H2D_1,0948BB5B1600363,RUNNING,2,Desconocido,71,2,10,220.0,55.0
2026-10-07T08:46:51.412924,Bambu_H2D_2,0948BB5B1601428,RUNNING,2,Desconocido,65,1,10,220.0,55.0
2026-10-07T08:46:52.148937,Bambu_H2D_1,0948BB5B1600363,RUNNING,2,Desconocido,71,2,10,220.0,55.0
2026-10-07T08:46:52.645856,Bambu_H2D_2,0948BB5B1601428,RUNNING,2,Desconocido,65,1,10,220.0,55.0
2026-10-07T08:46:53.352399,Bambu_H2D_1,0948BB5B1600363,RUNNING,2,Desconocido,71,2,10,220.0,55.0
2026-10-07T08:46:53.928906,Bambu_H2D_2,0948BB5B1601428,RUNNING,2,Desconocido,65,1,10,220.0,55.0
2026-10-07T08:46:54.734804,Bambu_H2D_1,0948BB5B1600363,RUNNING,2,Desconocido,71,2,10,220.0,55.0
2026-10-07T08:46:55.376840,Bambu_H2D_2,0948BB5B1601428,RUNNING,2,Desconocido,65,1,10,220.0,55.0
2026-10-07T08:46:55.987811,Bambu_H2D_1,0948BB5B1600363,RUNNING,2,Desconocido,72,2,10,220.0,55.0
2026-10-07T08:46:56.678452,Bambu_H2D_2,0948BB5B1601428,RUNNING,2,Desconocido,65,1,10,220.0,55.0
2026-10-07T08:46:57.280077,Bambu_H2D_1,0948BB5B1600363,RUNNING,2,Desconocido,72,2,10,220.0,55.0
2026-10-07T08:46:57.991303,Bambu_H2D_2,0948BB5B1601428,RUNNING,2,Desconocido,66,1,10,220.0,55.0
2026-10-07T08:46:58.514713,Bambu_H2D_1,0948BB5B1600363,RUNNING,2,Desconocido,72,2,10,220.0,55.0
2026-10-07T08:46:59.200757,Bambu_H2D_2,0948BB5B1601428,RUNNING,2,Desconocido,66,1,10,220.0,55.0
2026-10-07T08:46:59.847285,Bambu_H2D_1,0948BB5B1600363,RUNNING,2,Desconocido,72,2,10,220.0,55.0
2026-10-07T08:47:00.629246,Bambu_H2D_2,0948BB5B1601428,RUNNING,2,Desconocido,66,1,10,220.0,55.0
2026-10-07T08:47:01.175070,Bambu_H2D_1,0948BB5B1600363,RUNNING,2,Desconocido,72,2,10,220.0,55.0
2026-10-07T08:47:01.933285,Bambu_H2D_2,0948BB5B1601428,RUNNING,2,Desconocido,66,1,10,220.0,55.0
2026-10-07T08:47:02.664433,Bambu_H2D_1,0948BB5B1600363,RUNNING,2,Desconocido,73,2,10,220.0,55.0
2026-10-07T08:47:03.147648,Bambu_H2D_2,0948BB5B1601428,RUNNING,2,Desconocido,67,1,10,220.0,55.0
2026-10-07T08:47:03.960699,Bambu_H2D_1,0948BB5B1600363,RUNNING,2,Desconocido,73,2,10,220.0,55.0
2026-10-07T08:47:04.646624,Bambu_H2D_2,0948BB5B1601428,RUNNING,2,Desconocido,67,1,10,220.0,55.0
2026-10-07T08:47:05.186297,Bambu_H2D_1,0948BB5B1600363,RUNNING,2,Desconocido,73,2,10,220.0,55.0
2026-10-07T08:47:05.915958,Bambu_H2D_2,0948BB5B1601428,RUNNING,2,Desconocido,67,2,10,220.0,55.0
2026-10-07T08:47:06.475955,Bambu_H2D_1,0948BB5B1600363,RUNNING,2,Desconocido,73,2,10,220.0,55.0
2026-10-07T08:47:07.191822,Bambu_H2D_2,0948BB5B1601428,RUNNING,2,Desconocido,67,2,10,220.0,55.0
2026-10-07T08:47:07.783264,Bambu_H2D_1,0948BB5B1600363,RUNNING,2,Desconocido,73,2,10,220.0,55.0
2026-10-07T08:47:08.592949,Bambu_H2D_2,0948BB5B1601428,RUNNING,2,Desconocido,67,2,10,219.0,55.0
2026-10-07T08:47:09.094486,Bambu_H2D_1,0948BB5B1600363,RUNNING,2,Desconocido,74,3,10,220.0,55.0
2026-10-07T08:47:09.942236,Bambu_H2D_2,0948BB5B1601428,RUNNING,2,Desconocido,67,2,10,219.0,55.0
2026-10-07T08:47:10.378293,Bambu_H2D_1,0948BB5B1600363,RUNNING,2,Desconocido,74,3,10,220.0,55.0
2026-10-07T08:47:11.364458,Bambu_H2D_2,0948BB5B1601428,RUNNING,2,Desconocido,68,2,10,218.0,55.0
2026-10-07T08:47:11.671563,Bambu_H2D_1,0948BB5B1600363,RUNNING,2,Desconocido,74,3,10,220.0,55.0
2026-10-07T08:47:12.639105,Bambu_H2D_2,0948BB5B1601428,RUNNING,2,Desconocido,68,2,10,218.0,55.0
2026-10-07T08:47:12.996328,Bambu_H2D_1,0948BB5B1600363,RUNNING,2,Desconocido,74,3,10,220.0,55.0
2026-10-07T08:47:13.894395,Bambu_H2D_2,0948BB5B1601428,RUNNING,2,Desconocido,68,2,10,218.0,55.0
2026-10-07T08:47:14.222043,Bambu_H2D_1,0948BB5B1600363,RUNNING,2,Desconocido,74,3,10,220.0,55.0
2026-10-07T08:47:15.491797,Bambu_H2D_1,0948BB5B1600363,RUNNING,2,Desconocido,75,3,10,220.0,55.0
2026-10-07T08:47:15.535226,Bambu_H2D_2,0948BB5B1601428,RUNNING,2,Desconocido,68,2,10,218.0,55.0
2026-10-07T08:47:16.787892,Bambu_H2D_1,0948BB5B1600363,RUNNING,2,Desconocido,75,3,10,220.0,55.0
2026-10-07T08:47:16.936848,Bambu_H2D_2,0948BB5B1601428,RUNNING,2,Desconocido,69,2,10,219.0,55.0
2026-10-07T08:47:18.067292,Bambu_H2D_1,0948BB5B1600363,RUNNING,2,Desconocido,75,3,10,220.0,55.0
2026-10-07T08:47:18.167373,Bambu_H2D_2,0948BB5B1601428,RUNNING,2,Desconocido,69,2,10,220.0,55.0
2026-10-07T08:47:19.503726,Bambu_H2D_1,0948BB5B1600363,RUNNING,2,Desconocido,75,3,10,220.0,55.0
2026-10-07T08:47:19.567275,Bambu_H2D_2,0948BB5B1601428,RUNNING,2,Desconocido,69,2,10,220.0,55.0
2026-10-07T08:47:20.751069,Bambu_H2D_1,0948BB5B1600363,RUNNING,2,Desconocido,75,3,10,220.0,55.0
2026-10-07T08:47:20.809249,Bambu_H2D_2,0948BB5B1601428,RUNNING,2,Desconocido,69,2,10,221.0,55.0
2026-10-07T08:47:21.982334,Bambu_H2D_1,0948BB5B1600363,RUNNING,2,Desconocido,76,3,10,220.0,55.0
2026-10-07T08:47:22.031941,Bambu_H2D_2,0948BB5B1601428,RUNNING,2,Desconocido,70,2,10,221.0,55.0
2026-10-07T08:47:23.322307,Bambu_H2D_1,0948BB5B1600363,RUNNING,2,Desconocido,76,3,10,220.0,55.0
2026-10-07T08:47:23.359547,Bambu_H2D_2,0948BB5B1601428,RUNNING,2,Desconocido,70,2,10,221.0,55.0
2026-10-07T08:47:24.537364,Bambu_H2D_1,0948BB5B1600363,RUNNING,2,Desconocido,76,3,10,220.0,55.0
2026-10-07T08:47:24.947883,Bambu_H2D_2,0948BB5B1601428,RUNNING,2,Desconocido,70,2,10,221.0,55.0
2026-10-07T08:47:25.854187,Bambu_H2D_1,0948BB5B1600363,RUNNING,2,Desconocido,76,3,10,220.0,55.0
2026-10-07T08:47:26.289867,Bambu_H2D_2,0948BB5B1601428,RUNNING,2,Desconocido,70,2,10,220.0,55.0
2026-10-07T08:47:27.095151,Bambu_H2D_1,0948BB5B1600363,RUNNING,2,Desconocido,77,3,10,220.0,55.0
2026-10-07T08:47:27.497886,Bambu_H2D_2,0948BB5B1601428,RUNNING,2,Desconocido,70,2,10,220.0,55.0
2026-10-07T08:47:28.434371,Bambu_H2D_1,0948BB5B1600363,RUNNING,2,Desconocido,77,3,10,220.0,55.0
2026-10-07T08:47:28.725867,Bambu_H2D_2,0948BB5B1601428,RUNNING,2,Desconocido,70,2,10,220.0,55.0
2026-10-07T08:47:29.847816,Bambu_H2D_1,0948BB5B1600363,RUNNING,2,Desconocido,77,3,10,220.0,55.0
2026-10-07T08:47:30.430154,Bambu_H2D_2,0948BB5B1601428,RUNNING,2,Desconocido,71,2,10,219.0,55.0
2026-10-07T08:47:31.152309,Bambu_H2D_1,0948BB5B1600363,RUNNING,2,Desconocido,77,3,10,220.0,55.0
2026-10-07T08:47:31.659746,Bambu_H2D_2,0948BB5B1601428,RUNNING,2,Desconocido,71,2,10,219.0,55.0
2026-10-07T08:47:32.409876,Bambu_H2D_1,0948BB5B1600363,RUNNING,2,Desconocido,77,3,10,220.0,55.0
2026-10-07T08:47:32.922458,Bambu_H2D_2,0948BB5B1601428,RUNNING,2,Desconocido,71,2,10,220.0,55.0
2026-10-07T08:47:33.684715,Bambu_H2D_1,0948BB5B1600363,RUNNING,2,Desconocido,78,3,10,220.0,55.0
2026-10-07T08:47:34.256332,Bambu_H2D_2,0948BB5B1601428,RUNNING,2,Desconocido,71,2,10,220.0,55.0
2026-10-07T08:47:34.903764,Bambu_H2D_1,0948BB5B1600363,RUNNING,2,Desconocido,78,3,10,220.0,55.0
2026-10-07T08:47:35.652385,Bambu_H2D_2,0948BB5B1601428,RUNNING,2,Desconocido,71,2,10,220.0,55.0
2026-10-07T08:47:36.160425,Bambu_H2D_1,0948BB5B1600363,RUNNING,2,Desconocido,78,3,10,220.0,55.0
2026-10-07T08:47:36.967210,Bambu_H2D_2,0948BB5B1601428,RUNNING,2,Desconocido,72,2,10,220.0,55.0
2026-10-07T08:47:37.379208,Bambu_H2D_1,0948BB5B1600363,RUNNING,2,Desconocido,78,3,10,220.0,55.0
2026-10-07T08:47:38.380733,Bambu_H2D_2,0948BB5B1601428,RUNNING,2,Desconocido,72,2,10,220.0,55.0
2026-10-07T08:47:38.693603,Bambu_H2D_1,0948BB5B1600363,RUNNING,2,Desconocido,78,4,10,220.0,55.0
2026-10-07T08:47:39.843599,Bambu_H2D_2,0948BB5B1601428,RUNNING,2,Desconocido,72,3,10,220.0,55.0
2026-10-07T08:47:39.956812,Bambu_H2D_1,0948BB5B1600363,RUNNING,2,Desconocido,79,4,10,220.0,55.0
2026-10-07T08:47:41.162672,Bambu_H2D_2,0948BB5B1601428,RUNNING,2,Desconocido,73,3,10,220.0,55.0
2026-10-07T08:47:41.340774,Bambu_H2D_1,0948BB5B1600363,RUNNING,2,Desconocido,79,4,10,220.0,55.0
2026-10-07T08:47:42.485542,Bambu_H2D_2,0948BB5B1601428,RUNNING,2,Desconocido,73,3,10,220.0,55.0
2026-10-07T08:47:42.648966,Bambu_H2D_1,0948BB5B1600363,RUNNING,2,Desconocido,79,4,10,220.0,55.0
2026-10-07T08:47:43.683724,Bambu_H2D_2,0948BB5B1601428,RUNNING,2,Desconocido,73,3,10,220.0,55.0
2026-10-07T08:47:43.957072,Bambu_H2D_1,0948BB5B1600363,RUNNING,2,Desconocido,79,4,10,220.0,55.0
2026-10-07T08:47:45.097129,Bambu_H2D_2,0948BB5B1601428,RUNNING,2,Desconocido,73,3,10,220.0,55.0
2026-10-07T08:47:45.208174,Bambu_H2D_1,0948BB5B1600363,RUNNING,2,Desconocido,79,4,10,220.0,55.0
2026-10-07T08:47:46.483881,Bambu_H2D_2,0948BB5B1601428,RUNNING,2,Desconocido,73,3,10,220.0,55.0
2026-10-07T08:47:46.487303,Bambu_H2D_1,0948BB5B1600363,RUNNING,2,Desconocido,80,4,10,220.0,55.0
2026-10-07T08:47:47.801355,Bambu_H2D_1,0948BB5B1600363,RUNNING,2,Desconocido,80,4,10,220.0,55.0
2026-10-07T08:47:47.805077,Bambu_H2D_2,0948BB5B1601428,RUNNING,2,Desconocido,74,3,10,220.0,55.0
2026-10-07T08:47:49.047913,Bambu_H2D_2,0948BB5B1601428,RUNNING,2,Desconocido,74,3,10,220.0,55.0
2026-10-07T08:47:49.107957,Bambu_H2D_1,0948BB5B1600363,RUNNING,2,Desconocido,80,4,10,220.0,55.0
2026-10-07T08:47:50.415315,Bambu_H2D_1,0948BB5B1600363,RUNNING,2,Desconocido,80,4,10,220.0,55.0
2026-10-07T08:47:50.437543,Bambu_H2D_2,0948BB5B1601428,RUNNING,2,Desconocido,74,3,10,220.0,55.0
2026-10-07T08:47:51.655509,Bambu_H2D_1,0948BB5B1600363,RUNNING,2,Desconocido,81,4,10,220.0,55.0
2026-10-07T08:47:51.863935,Bambu_H2D_2,0948BB5B1601428,RUNNING,2,Desconocido,74,3,10,220.0,55.0
2026-10-07T08:47:52.905586,Bambu_H2D_1,0948BB5B1600363,RUNNING,2,Desconocido,81,4,10,220.0,55.0
2026-10-07T08:47:53.154391,Bambu_H2D_2,0948BB5B1601428,RUNNING,2,Desconocido,74,3,10,220.0,55.0
2026-10-07T08:47:54.144495,Bambu_H2D_1,0948BB5B1600363,RUNNING,2,Desconocido,81,4,10,220.0,55.0
2026-10-07T08:47:54.685089,Bambu_H2D_2,0948BB5B1601428,RUNNING,2,Desconocido,75,3,10,220.0,55.0
2026-10-07T08:47:55.439341,Bambu_H2D_1,0948BB5B1600363,RUNNING,2,Desconocido,81,4,10,220.0,55.0
2026-10-07T08:47:55.998415,Bambu_H2D_2,0948BB5B1601428,RUNNING,2,Desconocido,75,3,10,220.0,55.0
2026-10-07T08:47:56.836929,Bambu_H2D_1,0948BB5B1600363,RUNNING,2,Desconocido,81,4,10,220.0,55.0
2026-10-07T08:47:57.282500,Bambu_H2D_2,0948BB5B1601428,RUNNING,2,Desconocido,75,3,10,220.0,55.0
2026-10-07T08:47:58.121907,Bambu_H2D_1,0948BB5B1600363,RUNNING,2,Desconocido,82,4,10,220.0,55.0
2026-10-07T08:47:58.533433,Bambu_H2D_2,0948BB5B1601428,RUNNING,2,Desconocido,75,3,10,220.0,55.0
2026-10-07T08:47:59.345435,Bambu_H2D_1,0948BB5B1600363,RUNNING,2,Desconocido,82,4,10,220.0,55.0
2026-10-07T08:48:00.082631,Bambu_H2D_2,0948BB5B1601428,RUNNING,2,Desconocido,75,3,10,220.0,55.0
2026-10-07T08:48:00.556008,Bambu_H2D_1,0948BB5B1600363,RUNNING,2,Desconocido,82,5,10,220.0,55.0
2026-10-07T08:48:01.347120,Bambu_H2D_2,0948BB5B1601428,RUNNING,2,Desconocido,76,3,10,220.0,55.0
2026-10-07T08:48:01.818939,Bambu_H2D_1,0948BB5B1600363,RUNNING,2,Desconocido,82,5,10,220.0,55.0
2026-10-07T08:48:02.610564,Bambu_H2D_2,0948BB5B1601428,RUNNING,2,Desconocido,76,3,10,220.0,55.0
2026-10-07T08:48:03.213874,Bambu_H2D_1,0948BB5B1600363,RUNNING,2,Desconocido,82,5,10,220.0,55.0
2026-10-07T08:48:03.972374,Bambu_H2D_2,0948BB5B1601428,RUNNING,2,Desconocido,76,3,10,220.0,55.0
2026-10-07T08:48:04.398580,Bambu_H2D_1,0948BB5B1600363,RUNNING,2,Desconocido,83,5,10,220.0,55.0
2026-10-07T08:48:05.370759,Bambu_H2D_2,0948BB5B1601428,RUNNING,2,Desconocido,76,3,10,220.0,55.0
2026-10-07T08:48:05.627910,Bambu_H2D_1,0948BB5B1600363,RUNNING,2,Desconocido,83,5,10,220.0,55.0
2026-10-07T08:48:06.676145,Bambu_H2D_2,0948BB5B1601428,RUNNING,2,Desconocido,76,3,10,220.0,55.0
2026-10-07T08:48:06.932629,Bambu_H2D_1,0948BB5B1600363,RUNNING,2,Desconocido,83,5,10,220.0,55.0
2026-10-07T08:48:08.032140,Bambu_H2D_2,0948BB5B1601428,RUNNING,2,Desconocido,77,3,10,220.0,55.0
2026-10-07T08:48:08.152939,Bambu_H2D_1,0948BB5B1600363,RUNNING,2,Desconocido,83,5,10,220.0,55.0
2026-10-07T08:48:09.301710,Bambu_H2D_2,0948BB5B1601428,RUNNING,2,Desconocido,77,3,10,220.0,55.0
2026-10-07T08:48:09.522111,Bambu_H2D_1,0948BB5B1600363,RUNNING,2,Desconocido,83,5,10,220.0,55.0
2026-10-07T08:48:10.763492,Bambu_H2D_2,0948BB5B1601428,RUNNING,2,Desconocido,77,3,10,220.0,55.0
2026-10-07T08:48:10.912304,Bambu_H2D_1,0948BB5B1600363,RUNNING,2,Desconocido,84,5,10,220.0,55.0
2026-10-07T08:48:12.155004,Bambu_H2D_1,0948BB5B1600363,RUNNING,2,Desconocido,84,5,10,220.0,55.0
2026-10-07T08:48:12.209057,Bambu_H2D_2,0948BB5B1601428,RUNNING,2,Desconocido,77,3,10,220.0,55.0
2026-10-07T08:48:13.380973,Bambu_H2D_1,0948BB5B1600363,RUNNING,2,Desconocido,84,5,10,220.0,55.0
2026-10-07T08:48:13.447548,Bambu_H2D_2,0948BB5B1601428,RUNNING,2,Desconocido,77,4,10,220.0,55.0
2026-10-07T08:48:14.749059,Bambu_H2D_1,0948BB5B1600363,RUNNING,2,Desconocido,84,5,10,220.0,55.0
2026-10-07T08:48:14.785016,Bambu_H2D_2,0948BB5B1601428,RUNNING,2,Desconocido,78,4,10,220.0,55.0
2026-10-07T08:48:16.026643,Bambu_H2D_1,0948BB5B1600363,RUNNING,2,Desconocido,85,5,10,220.0,55.0
2026-10-07T08:48:16.131973,Bambu_H2D_2,0948BB5B1601428,RUNNING,2,Desconocido,78,4,10,220.0,55.0
2026-10-07T08:48:17.289346,Bambu_H2D_1,0948BB5B1600363,RUNNING,2,Desconocido,85,5,10,220.0,55.0
2026-10-07T08:48:17.565476,Bambu_H2D_2,0948BB5B1601428,RUNNING,2,Desconocido,78,4,10,220.0,55.0
2026-10-07T08:48:18.614868,Bambu_H2D_1,0948BB5B1600363,RUNNING,2,Desconocido,85,5,10,220.0,55.0
2026-10-07T08:48:18.876322,Bambu_H2D_2,0948BB5B1601428,RUNNING,2,Desconocido,78,4,10,220.0,55.0
2026-10-07T08:48:19.816902,Bambu_H2D_1,0948BB5B1600363,RUNNING,2,Desconocido,85,5,10,220.0,55.0
2026-10-07T08:48:20.175061,Bambu_H2D_2,0948BB5B1601428,RUNNING,2,Desconocido,79,4,10,220.0,55.0
2026-10-07T08:48:21.051160,Bambu_H2D_1,0948BB5B1600363,RUNNING,2,Desconocido,86,5,10,220.0,55.0
2026-10-07T08:48:21.701147,Bambu_H2D_2,0948BB5B1601428,RUNNING,2,Desconocido,79,4,10,220.0,55.0
2026-10-07T08:48:22.304269,Bambu_H2D_1,0948BB5B1600363,RUNNING,2,Desconocido,86,6,10,220.0,55.0
2026-10-07T08:48:22.936698,Bambu_H2D_2,0948BB5B1601428,RUNNING,2,Desconocido,79,4,10,220.0,55.0
2026-10-07T08:48:23.582156,Bambu_H2D_1,0948BB5B1600363,RUNNING,2,Desconocido,86,6,10,220.0,55.0
2026-10-07T08:48:24.210824,Bambu_H2D_2,0948BB5B1601428,RUNNING,2,Desconocido,79,4,10,220.0,55.0
2026-10-07T08:48:24.904439,Bambu_H2D_1,0948BB5B1600363,RUNNING,2,Desconocido,86,6,10,220.0,55.0
2026-10-07T08:48:25.868330,Bambu_H2D_2,0948BB5B1601428,RUNNING,2,Desconocido,79,4,10,220.0,55.0
2026-10-07T08:48:26.281740,Bambu_H2D_1,0948BB5B1600363,RUNNING,2,Desconocido,87,6,10,220.0,55.0
2026-10-07T08:48:27.086339,Bambu_H2D_2,0948BB5B1601428,RUNNING,2,Desconocido,80,4,10,220.0,55.0
2026-10-07T08:48:27.494871,Bambu_H2D_1,0948BB5B1600363,RUNNING,2,Desconocido,87,6,10,219.0,55.0
2026-10-07T08:48:28.319389,Bambu_H2D_2,0948BB5B1601428,RUNNING,2,Desconocido,80,4,10,220.0,55.0
2026-10-07T08:48:28.724832,Bambu_H2D_1,0948BB5B1600363,RUNNING,2,Desconocido,87,6,10,219.0,55.0
2026-10-07T08:48:29.725440,Bambu_H2D_2,0948BB5B1601428,RUNNING,2,Desconocido,80,4,10,220.0,55.0
2026-10-07T08:48:29.980656,Bambu_H2D_1,0948BB5B1600363,RUNNING,2,Desconocido,87,6,10,219.0,55.0
2026-10-07T08:48:31.194612,Bambu_H2D_1,0948BB5B1600363,RUNNING,2,Desconocido,87,6,10,220.0,55.0
2026-10-07T08:48:31.295741,Bambu_H2D_2,0948BB5B1601428,RUNNING,2,Desconocido,80,4,10,220.0,55.0
2026-10-07T08:48:32.515931,Bambu_H2D_2,0948BB5B1601428,RUNNING,2,Desconocido,81,4,10,220.0,55.0
2026-10-07T08:48:32.567689,Bambu_H2D_1,0948BB5B1600363,RUNNING,2,Desconocido,88,6,10,220.0,55.0
2026-10-07T08:48:33.848741,Bambu_H2D_1,0948BB5B1600363,RUNNING,2,Desconocido,88,6,10,220.0,55.0
2026-10-07T08:48:33.864492,Bambu_H2D_2,0948BB5B1601428,RUNNING,2,Desconocido,81,4,10,220.0,55.0
2026-10-07T08:48:35.084654,Bambu_H2D_2,0948BB5B1601428,RUNNING,2,Desconocido,81,4,10,220.0,55.0
2026-10-07T08:48:35.160563,Bambu_H2D_1,0948BB5B1600363,RUNNING,2,Desconocido,88,6,10,220.0,55.0
2026-10-07T08:48:36.450530,Bambu_H2D_1,0948BB5B1600363,RUNNING,2,Desconocido,88,6,10,220.0,55.0
2026-10-07T08:48:36.501551,Bambu_H2D_2,0948BB5B1601428,RUNNING,2,Desconocido,81,4,10,220.0,55.0
2026-10-07T08:48:37.634267,Bambu_H2D_1,0948BB5B1600363,RUNNING,2,Desconocido,89,6,10,220.0,55.0
2026-10-07T08:48:37.747328,Bambu_H2D_2,0948BB5B1601428,RUNNING,2,Desconocido,81,4,10,220.0,55.0
2026-10-07T08:48:38.935895,Bambu_H2D_1,0948BB5B1600363,RUNNING,2,Desconocido,89,6,10,220.0,55.0
2026-10-07T08:48:39.046144,Bambu_H2D_2,0948BB5B1601428,RUNNING,2,Desconocido,81,4,10,220.0,55.0
2026-10-07T08:48:40.235587,Bambu_H2D_1,0948BB5B1600363,RUNNING,2,Desconocido,89,6,10,220.0,55.0
2026-10-07T08:48:40.313284,Bambu_H2D_2,0948BB5B1601428,RUNNING,2,Desconocido,82,4,10,220.0,55.0
2026-10-07T08:48:41.779848,Bambu_H2D_1,0948BB5B1600363,RUNNING,2,Desconocido,89,6,10,220.0,55.0
2026-10-07T08:48:41.858726,Bambu_H2D_2,0948BB5B1601428,RUNNING,2,Desconocido,82,5,10,220.0,55.0
2026-10-07T08:48:43.027251,Bambu_H2D_1,0948BB5B1600363,RUNNING,2,Desconocido,90,6,10,220.0,55.0
2026-10-07T08:48:43.078923,Bambu_H2D_2,0948BB5B1601428,RUNNING,2,Desconocido,82,5,10,220.0,55.0
2026-10-07T08:48:44.266763,Bambu_H2D_1,0948BB5B1600363,RUNNING,2,Desconocido,90,7,10,220.0,55.0
2026-10-07T08:48:44.347257,Bambu_H2D_2,0948BB5B1601428,RUNNING,2,Desconocido,83,5,10,220.0,55.0
2026-10-07T08:48:45.514983,Bambu_H2D_1,0948BB5B1600363,RUNNING,2,Desconocido,90,7,10,220.0,55.0
2026-10-07T08:48:45.575478,Bambu_H2D_2,0948BB5B1601428,RUNNING,2,Desconocido,83,5,10,220.0,55.0
2026-10-07T08:48:46.839838,Bambu_H2D_1,0948BB5B1600363,RUNNING,2,Desconocido,90,7,10,220.0,55.0
2026-10-07T08:48:47.173748,Bambu_H2D_2,0948BB5B1601428,RUNNING,2,Desconocido,83,5,10,220.0,55.0
2026-10-07T08:48:48.161412,Bambu_H2D_1,0948BB5B1600363,RUNNING,2,Desconocido,90,7,10,220.0,55.0
2026-10-07T08:48:48.529427,Bambu_H2D_2,0948BB5B1601428,RUNNING,2,Desconocido,83,5,10,220.0,55.0
2026-10-07T08:48:49.455484,Bambu_H2D_1,0948BB5B1600363,RUNNING,2,Desconocido,91,7,10,220.0,55.0
2026-10-07T08:48:49.798241,Bambu_H2D_2,0948BB5B1601428,RUNNING,2,Desconocido,83,5,10,220.0,55.0
2026-10-07T08:48:50.742926,Bambu_H2D_1,0948BB5B1600363,RUNNING,2,Desconocido,91,7,10,220.0,55.0
2026-10-07T08:48:50.995078,Bambu_H2D_2,0948BB5B1601428,RUNNING,2,Desconocido,83,5,10,220.0,55.0
2026-10-07T08:48:52.144920,Bambu_H2D_1,0948BB5B1600363,RUNNING,2,Desconocido,91,7,10,220.0,55.0
2026-10-07T08:48:52.388575,Bambu_H2D_2,0948BB5B1601428,RUNNING,2,Desconocido,84,5,10,220.0,55.0
2026-10-07T08:48:53.451727,Bambu_H2D_1,0948BB5B1600363,RUNNING,2,Desconocido,91,8,10,220.0,55.0
2026-10-07T08:48:53.742777,Bambu_H2D_2,0948BB5B1601428,RUNNING,2,Desconocido,84,5,10,220.0,55.0
2026-10-07T08:48:54.785860,Bambu_H2D_1,0948BB5B1600363,RUNNING,2,Desconocido,92,8,10,220.0,55.0
2026-10-07T08:48:55.096896,Bambu_H2D_2,0948BB5B1601428,RUNNING,2,Desconocido,84,5,10,220.0,55.0
2026-10-07T08:48:56.022235,Bambu_H2D_1,0948BB5B1600363,RUNNING,2,Desconocido,92,8,10,219.0,55.0
2026-10-07T08:48:56.363698,Bambu_H2D_2,0948BB5B1601428,RUNNING,2,Desconocido,84,5,10,220.0,55.0
2026-10-07T08:48:57.231262,Bambu_H2D_1,0948BB5B1600363,RUNNING,2,Desconocido,92,8,10,219.0,55.0
2026-10-07T08:48:57.800620,Bambu_H2D_2,0948BB5B1601428,RUNNING,2,Desconocido,85,5,10,220.0,55.0
2026-10-07T08:48:58.564709,Bambu_H2D_1,0948BB5B1600363,RUNNING,2,Desconocido,92,8,10,219.0,55.0
2026-10-07T08:48:59.043605,Bambu_H2D_2,0948BB5B1601428,RUNNING,2,Desconocido,85,5,10,220.0,55.0
2026-10-07T08:48:59.793106,Bambu_H2D_1,0948BB5B1600363,RUNNING,2,Desconocido,92,8,10,219.0,55.0
2026-10-07T08:49:00.314008,Bambu_H2D_2,0948BB5B1601428,RUNNING,2,Desconocido,85,5,10,220.0,55.0
2026-10-07T08:49:01.029718,Bambu_H2D_1,0948BB5B1600363,RUNNING,2,Desconocido,93,8,10,220.0,55.0
2026-10-07T08:49:01.619605,Bambu_H2D_2,0948BB5B1601428,RUNNING,2,Desconocido,85,5,10,220.0,55.0
2026-10-07T08:49:02.419557,Bambu_H2D_1,0948BB5B1600363,RUNNING,2,Desconocido,93,9,10,220.0,55.0
2026-10-07T08:49:03.080498,Bambu_H2D_2,0948BB5B1601428,RUNNING,2,Desconocido,85,5,10,220.0,55.0
2026-10-07T08:49:03.660972,Bambu_H2D_1,0948BB5B1600363,RUNNING,2,Desconocido,93,9,10,220.0,55.0
2026-10-07T08:49:04.405731,Bambu_H2D_2,0948BB5B1601428,RUNNING,2,Desconocido,86,5,10,220.0,55.0
2026-10-07T08:49:04.881318,Bambu_H2D_1,0948BB5B1600363,RUNNING,2,Desconocido,93,9,10,220.0,55.0
2026-10-07T08:49:05.704570,Bambu_H2D_2,0948BB5B1601428,RUNNING,2,Desconocido,86,5,10,220.0,55.0
2026-10-07T08:49:06.120570,Bambu_H2D_1,0948BB5B1600363,RUNNING,2,Desconocido,94,9,10,220.0,55.0
2026-10-07T08:49:06.934091,Bambu_H2D_2,0948BB5B1601428,RUNNING,2,Desconocido,86,5,10,220.0,55.0
2026-10-07T08:49:07.367127,Bambu_H2D_1,0948BB5B1600363,RUNNING,2,Desconocido,94,9,10,220.0,55.0
2026-10-07T08:49:08.402259,Bambu_H2D_2,0948BB5B1601428,RUNNING,2,Desconocido,86,6,10,220.0,55.0
2026-10-07T08:49:08.710554,Bambu_H2D_1,0948BB5B1600363,RUNNING,2,Desconocido,94,9,10,220.0,55.0
2026-10-07T08:49:09.907029,Bambu_H2D_2,0948BB5B1601428,RUNNING,2,Desconocido,87,6,10,220.0,55.0
2026-10-07T08:49:09.986341,Bambu_H2D_1,0948BB5B1600363,RUNNING,2,Desconocido,94,9,10,220.0,55.0
2026-10-07T08:49:11.253873,Bambu_H2D_2,0948BB5B1601428,RUNNING,2,Desconocido,87,6,10,220.0,55.0
2026-10-07T08:49:11.256103,Bambu_H2D_1,0948BB5B1600363,RUNNING,2,Desconocido,94,10,10,220.0,55.0
2026-10-07T08:49:12.579420,Bambu_H2D_1,0948BB5B1600363,RUNNING,2,Desconocido,95,10,10,220.0,55.0
2026-10-07T08:49:12.654965,Bambu_H2D_2,0948BB5B1601428,RUNNING,2,Desconocido,87,6,10,219.0,55.0
2026-10-07T08:49:13.835075,Bambu_H2D_1,0948BB5B1600363,RUNNING,2,Desconocido,95,10,10,220.0,55.0
2026-10-07T08:49:13.898476,Bambu_H2D_2,0948BB5B1601428,RUNNING,2,Desconocido,87,6,10,219.0,55.0
2026-10-07T08:49:15.064164,Bambu_H2D_1,0948BB5B1600363,RUNNING,2,Desconocido,95,10,10,220.0,55.0
2026-10-07T08:49:15.191572,Bambu_H2D_2,0948BB5B1601428,RUNNING,2,Desconocido,88,6,10,219.0,55.0
2026-10-07T08:49:16.344915,Bambu_H2D_1,0948BB5B1600363,RUNNING,2,Desconocido,95,10,10,220.0,55.0
2026-10-07T08:49:16.478908,Bambu_H2D_2,0948BB5B1601428,RUNNING,2,Desconocido,88,6,10,219.0,55.0
2026-10-07T08:49:17.645169,Bambu_H2D_1,0948BB5B1600363,RUNNING,2,Desconocido,95,10,10,220.0,55.0
2026-10-07T08:49:17.989748,Bambu_H2D_2,0948BB5B1601428,RUNNING,2,Desconocido,88,6,10,219.0,55.0
2026-10-07T08:49:18.970589,Bambu_H2D_1,0948BB5B1600363,RUNNING,2,Desconocido,95,10,10,220.0,55.0
2026-10-07T08:49:19.237633,Bambu_H2D_2,0948BB5B1601428,RUNNING,2,Desconocido,88,6,10,219.0,55.0
2026-10-07T08:49:20.269474,Bambu_H2D_1,0948BB5B1600363,RUNNING,2,Desconocido,96,10,10,220.0,55.0
2026-10-07T08:49:20.487702,Bambu_H2D_2,0948BB5B1601428,RUNNING,2,Desconocido,89,6,10,220.0,55.0
2026-10-07T08:49:21.555179,Bambu_H2D_1,0948BB5B1600363,RUNNING,2,Desconocido,96,10,10,221.0,55.0
2026-10-07T08:49:21.759575,Bambu_H2D_2,0948BB5B1601428,RUNNING,2,Desconocido,89,6,10,220.0,55.0
2026-10-07T08:49:22.814756,Bambu_H2D_1,0948BB5B1600363,RUNNING,2,Desconocido,96,10,10,221.0,55.0
2026-10-07T08:49:23.142816,Bambu_H2D_2,0948BB5B1601428,RUNNING,2,Desconocido,89,6,10,220.0,55.0
2026-10-07T08:49:24.036268,Bambu_H2D_1,0948BB5B1600363,RUNNING,2,Desconocido,97,10,10,221.0,55.0
2026-10-07T08:49:24.368218,Bambu_H2D_2,0948BB5B1601428,RUNNING,2,Desconocido,89,6,10,220.0,55.0
2026-10-07T08:49:25.294825,Bambu_H2D_1,0948BB5B1600363,RUNNING,2,Desconocido,97,10,10,220.0,55.0
2026-10-07T08:49:25.730024,Bambu_H2D_2,0948BB5B1601428,RUNNING,2,Desconocido,89,6,10,220.0,55.0
2026-10-07T08:49:26.576335,Bambu_H2D_1,0948BB5B1600363,RUNNING,2,Desconocido,97,10,10,220.0,55.0
2026-10-07T08:49:27.009519,Bambu_H2D_2,0948BB5B1601428,RUNNING,2,Desconocido,90,6,10,220.0,55.0
2026-10-07T08:49:27.780589,Bambu_H2D_1,0948BB5B1600363,RUNNING,2,Desconocido,97,10,10,220.0,55.0
2026-10-07T08:49:28.402674,Bambu_H2D_2,0948BB5B1601428,RUNNING,2,Desconocido,90,6,10,220.0,55.0
2026-10-07T08:49:29.037645,Bambu_H2D_1,0948BB5B1600363,RUNNING,2,Desconocido,98,10,10,220.0,55.0
2026-10-07T08:49:29.220158,Bambu_H2D_1,0948BB5B1600363,N/A,N/A,Desconocido,0,0,0,0.0,0.0
2026-10-07T08:49:29.270099,Bambu_H2D_1,0948BB5B1600363,N/A,N/A,Desconocido,0,0,0,0.0,0.0
2026-10-07T08:49:29.864994,Bambu_H2D_2,0948BB5B1601428,RUNNING,2,Desconocido,90,7,10,220.0,55.0
2026-10-07T08:49:30.534038,Bambu_H2D_1,0948BB5B1600363,RUNNING,2,Desconocido,98,10,10,220.0,55.0
2026-10-07T08:49:31.149124,Bambu_H2D_2,0948BB5B1601428,RUNNING,2,Desconocido,90,7,10,220.0,55.0
2026-10-07T08:49:31.717603,Bambu_H2D_1,0948BB5B1600363,RUNNING,2,Desconocido,98,10,10,220.0,55.0
2026-10-07T08:49:32.619655,Bambu_H2D_2,0948BB5B1601428,RUNNING,2,Desconocido,91,7,10,220.0,55.0
2026-10-07T08:49:32.975101,Bambu_H2D_1,0948BB5B1600363,RUNNING,2,Desconocido,98,10,10,220.0,55.0
2026-10-07T08:49:33.907435,Bambu_H2D_2,0948BB5B1601428,RUNNING,2,Desconocido,91,7,10,220.0,55.0
2026-10-07T08:49:34.165167,Bambu_H2D_1,0948BB5B1600363,RUNNING,2,Desconocido,98,10,10,221.0,55.0
2026-10-07T08:49:35.156063,Bambu_H2D_2,0948BB5B1601428,RUNNING,2,Desconocido,91,7,10,220.0,55.0
2026-10-07T08:49:35.377186,Bambu_H2D_1,0948BB5B1600363,RUNNING,2,Desconocido,98,10,10,221.0,55.0
2026-10-07T08:49:36.418234,Bambu_H2D_2,0948BB5B1601428,RUNNING,2,Desconocido,91,7,10,220.0,55.0
2026-10-07T08:49:36.571111,Bambu_H2D_1,0948BB5B1600363,RUNNING,2,Desconocido,98,10,10,221.0,55.0
2026-10-07T08:49:37.766243,Bambu_H2D_1,0948BB5B1600363,RUNNING,2,Desconocido,98,10,10,222.0,55.0
2026-10-07T08:49:37.851573,Bambu_H2D_2,0948BB5B1601428,RUNNING,2,Desconocido,91,7,10,220.0,55.0
2026-10-07T08:49:39.000158,Bambu_H2D_1,0948BB5B1600363,RUNNING,2,Desconocido,98,10,10,222.0,55.0
2026-10-07T08:49:39.135120,Bambu_H2D_2,0948BB5B1601428,RUNNING,2,Desconocido,92,8,10,220.0,55.0
2026-10-07T08:49:40.253872,Bambu_H2D_1,0948BB5B1600363,RUNNING,2,Desconocido,98,10,10,222.0,55.0
2026-10-07T08:49:40.512480,Bambu_H2D_2,0948BB5B1601428,RUNNING,2,Desconocido,92,8,10,219.0,55.0
2026-10-07T08:49:41.433450,Bambu_H2D_1,0948BB5B1600363,RUNNING,2,Desconocido,98,10,10,221.0,55.0
2026-10-07T08:49:41.775440,Bambu_H2D_2,0948BB5B1601428,RUNNING,2,Desconocido,92,8,10,219.0,55.0
2026-10-07T08:49:42.695773,Bambu_H2D_1,0948BB5B1600363,RUNNING,2,Desconocido,98,10,10,221.0,55.0
2026-10-07T08:49:43.333675,Bambu_H2D_2,0948BB5B1601428,RUNNING,2,Desconocido,92,8,10,219.0,55.0
2026-10-07T08:49:43.864166,Bambu_H2D_1,0948BB5B1600363,RUNNING,2,Desconocido,98,10,10,221.0,55.0
2026-10-07T08:49:44.618091,Bambu_H2D_2,0948BB5B1601428,RUNNING,2,Desconocido,93,8,10,219.0,55.0
2026-10-07T08:49:45.076130,Bambu_H2D_1,0948BB5B1600363,RUNNING,2,Desconocido,98,10,10,221.0,55.0
2026-10-07T08:49:45.846287,Bambu_H2D_2,0948BB5B1601428,RUNNING,2,Desconocido,93,8,10,219.0,55.0
2026-10-07T08:49:46.383286,Bambu_H2D_1,0948BB5B1600363,RUNNING,2,Desconocido,98,10,10,220.0,55.0
2026-10-07T08:49:47.121410,Bambu_H2D_2,0948BB5B1601428,RUNNING,2,Desconocido,93,9,10,220.0,55.0
2026-10-07T08:49:47.731333,Bambu_H2D_1,0948BB5B1600363,RUNNING,2,Desconocido,98,10,10,220.0,55.0
2026-10-07T08:49:48.779904,Bambu_H2D_2,0948BB5B1601428,RUNNING,2,Desconocido,93,9,10,220.0,55.0
2026-10-07T08:49:48.944240,Bambu_H2D_1,0948BB5B1600363,RUNNING,2,Desconocido,98,10,10,220.0,54.0
2026-10-07T08:49:50.065258,Bambu_H2D_2,0948BB5B1601428,RUNNING,2,Desconocido,93,9,10,220.0,55.0
2026-10-07T08:49:50.136466,Bambu_H2D_1,0948BB5B1600363,RUNNING,2,Desconocido,98,10,10,220.0,54.0
2026-10-07T08:49:51.365636,Bambu_H2D_2,0948BB5B1601428,RUNNING,2,Desconocido,94,9,10,220.0,55.0
2026-10-07T08:49:51.518567,Bambu_H2D_1,0948BB5B1600363,RUNNING,2,Desconocido,98,10,10,220.0,54.0
2026-10-07T08:49:52.765125,Bambu_H2D_1,0948BB5B1600363,RUNNING,2,Desconocido,98,10,10,220.0,54.0
2026-10-07T08:49:52.900458,Bambu_H2D_2,0948BB5B1601428,RUNNING,2,Desconocido,94,9,10,220.0,55.0
2026-10-07T08:49:54.074578,Bambu_H2D_1,0948BB5B1600363,RUNNING,2,Desconocido,98,10,10,220.0,54.0
2026-10-07T08:49:54.132513,Bambu_H2D_2,0948BB5B1601428,RUNNING,2,Desconocido,94,9,10,220.0,55.0
2026-10-07T08:49:55.263917,Bambu_H2D_1,0948BB5B1600363,RUNNING,2,Desconocido,98,10,10,220.0,54.0
2026-10-07T08:49:55.412760,Bambu_H2D_2,0948BB5B1601428,RUNNING,2,Desconocido,94,9,10,220.0,55.0
2026-10-07T08:49:56.613986,Bambu_H2D_1,0948BB5B1600363,RUNNING,2,Desconocido,98,10,10,220.0,54.0
2026-10-07T08:49:56.816152,Bambu_H2D_2,0948BB5B1601428,RUNNING,2,Desconocido,95,10,10,220.0,55.0
2026-10-07T08:49:57.988535,Bambu_H2D_1,0948BB5B1600363,RUNNING,2,Desconocido,98,10,10,220.0,54.0
2026-10-07T08:49:58.378709,Bambu_H2D_2,0948BB5B1601428,RUNNING,2,Desconocido,95,10,10,220.0,55.0
2026-10-07T08:49:59.356365,Bambu_H2D_1,0948BB5B1600363,RUNNING,2,Desconocido,98,10,10,220.0,54.0
2026-10-07T08:49:59.670728,Bambu_H2D_2,0948BB5B1601428,RUNNING,2,Desconocido,95,10,10,220.0,55.0
2026-10-07T08:50:00.728644,Bambu_H2D_1,0948BB5B1600363,RUNNING,2,Desconocido,98,10,10,220.0,54.0
2026-10-07T08:50:01.006214,Bambu_H2D_2,0948BB5B1601428,RUNNING,2,Desconocido,95,10,10,220.0,55.0
2026-10-07T08:50:02.079460,Bambu_H2D_1,0948BB5B1600363,RUNNING,2,Desconocido,98,10,10,219.0,54.0
2026-10-07T08:50:02.236210,Bambu_H2D_2,0948BB5B1601428,RUNNING,2,Desconocido,95,10,10,220.0,55.0
2026-10-07T08:50:03.455671,Bambu_H2D_1,0948BB5B1600363,RUNNING,2,Desconocido,98,10,10,218.0,54.0
2026-10-07T08:50:03.745644,Bambu_H2D_2,0948BB5B1601428,RUNNING,2,Desconocido,96,10,10,220.0,55.0
2026-10-07T08:50:04.776501,Bambu_H2D_1,0948BB5B1600363,RUNNING,2,Desconocido,98,10,10,217.0,54.0
2026-10-07T08:50:05.117342,Bambu_H2D_2,0948BB5B1601428,RUNNING,2,Desconocido,96,10,10,220.0,55.0
2026-10-07T08:50:06.175076,Bambu_H2D_1,0948BB5B1600363,RUNNING,2,Desconocido,98,10,10,215.0,54.0
2026-10-07T08:50:06.365280,Bambu_H2D_2,0948BB5B1601428,RUNNING,2,Desconocido,96,10,10,221.0,55.0
2026-10-07T08:50:07.612528,Bambu_H2D_1,0948BB5B1600363,RUNNING,2,Desconocido,98,10,10,214.0,54.0
2026-10-07T08:50:07.762364,Bambu_H2D_2,0948BB5B1601428,RUNNING,2,Desconocido,96,10,10,221.0,55.0
2026-10-07T08:50:09.002741,Bambu_H2D_2,0948BB5B1601428,RUNNING,2,Desconocido,96,10,10,221.0,55.0
2026-10-07T08:50:09.072047,Bambu_H2D_1,0948BB5B1600363,RUNNING,2,Desconocido,98,10,10,213.0,54.0
2026-10-07T08:50:10.356712,Bambu_H2D_2,0948BB5B1601428,RUNNING,2,Desconocido,96,10,10,221.0,55.0
2026-10-07T08:50:10.436307,Bambu_H2D_1,0948BB5B1600363,RUNNING,2,Desconocido,98,10,10,210.0,53.0
2026-10-07T08:50:11.750226,Bambu_H2D_2,0948BB5B1601428,RUNNING,2,Desconocido,97,10,10,220.0,55.0
2026-10-07T08:50:11.789152,Bambu_H2D_1,0948BB5B1600363,RUNNING,2,Desconocido,98,10,10,209.0,53.0
2026-10-07T08:50:13.205503,Bambu_H2D_1,0948BB5B1600363,RUNNING,2,Desconocido,98,10,10,207.0,53.0
2026-10-07T08:50:13.300714,Bambu_H2D_2,0948BB5B1601428,RUNNING,2,Desconocido,98,10,10,220.0,55.0
2026-10-07T08:50:14.521060,Bambu_H2D_2,0948BB5B1601428,RUNNING,2,Desconocido,98,10,10,220.0,55.0
2026-10-07T08:50:14.631869,Bambu_H2D_1,0948BB5B1600363,RUNNING,2,Desconocido,98,10,10,206.0,53.0
2026-10-07T08:50:15.788131,Bambu_H2D_2,0948BB5B1601428,RUNNING,2,Desconocido,98,10,10,220.0,55.0
2026-10-07T08:50:15.935753,Bambu_H2D_1,0948BB5B1600363,RUNNING,2,Desconocido,98,10,10,205.0,53.0
2026-10-07T08:50:16.018364,Bambu_H2D_2,0948BB5B1601428,N/A,N/A,Desconocido,0,0,0,0.0,0.0
2026-10-07T08:50:16.172939,Bambu_H2D_2,0948BB5B1601428,N/A,N/A,Desconocido,0,0,0,0.0,0.0
2026-10-07T08:50:16.601014,Bambu_H2D_2,0948BB5B1601428,N/A,N/A,Desconocido,0,0,0,0.0,0.0
2026-10-07T08:50:17.274624,Bambu_H2D_2,0948BB5B1601428,RUNNING,2,Desconocido,98,10,10,220.0,55.0
2026-10-07T08:50:17.279197,Bambu_H2D_1,0948BB5B1600363,RUNNING,2,Desconocido,98,10,10,203.0,53.0
2026-10-07T08:50:18.615087,Bambu_H2D_2,0948BB5B1601428,RUNNING,2,Desconocido,98,10,10,220.0,55.0
2026-10-07T08:50:18.656709,Bambu_H2D_1,0948BB5B1600363,RUNNING,2,Desconocido,98,10,10,202.0,53.0
2026-10-07T08:50:19.869680,Bambu_H2D_2,0948BB5B1601428,RUNNING,2,Desconocido,98,10,10,221.0,55.0
2026-10-07T08:50:20.045523,Bambu_H2D_1,0948BB5B1600363,RUNNING,2,Desconocido,98,10,10,201.0,53.0
2026-10-07T08:50:21.061865,Bambu_H2D_2,0948BB5B1601428,RUNNING,2,Desconocido,98,10,10,222.0,55.0
2026-10-07T08:50:21.484822,Bambu_H2D_1,0948BB5B1600363,RUNNING,2,Desconocido,98,10,10,199.0,53.0
2026-10-07T08:50:22.279791,Bambu_H2D_2,0948BB5B1601428,RUNNING,2,Desconocido,98,10,10,222.0,55.0
2026-10-07T08:50:22.816428,Bambu_H2D_1,0948BB5B1600363,RUNNING,2,Desconocido,98,10,10,198.0,53.0
2026-10-07T08:50:23.626326,Bambu_H2D_2,0948BB5B1601428,RUNNING,2,Desconocido,98,10,10,222.0,55.0
2026-10-07T08:50:24.147685,Bambu_H2D_1,0948BB5B1600363,RUNNING,2,Desconocido,98,10,10,196.0,53.0
2026-10-07T08:50:24.830459,Bambu_H2D_2,0948BB5B1601428,RUNNING,2,Desconocido,98,10,10,222.0,55.0
2026-10-07T08:50:25.579369,Bambu_H2D_1,0948BB5B1600363,RUNNING,2,Desconocido,98,10,10,195.0,53.0
2026-10-07T08:50:26.082821,Bambu_H2D_2,0948BB5B1601428,RUNNING,2,Desconocido,98,10,10,222.0,55.0
2026-10-07T08:50:27.005347,Bambu_H2D_1,0948BB5B1600363,RUNNING,2,Desconocido,98,10,10,194.0,53.0
2026-10-07T08:50:27.326007,Bambu_H2D_2,0948BB5B1601428,RUNNING,2,Desconocido,98,10,10,221.0,54.0
2026-10-07T08:50:28.343132,Bambu_H2D_1,0948BB5B1600363,RUNNING,2,Desconocido,98,10,10,192.0,53.0
2026-10-07T08:50:28.706244,Bambu_H2D_2,0948BB5B1601428,RUNNING,2,Desconocido,98,10,10,221.0,54.0
2026-10-07T08:50:29.867169,Bambu_H2D_1,0948BB5B1600363,RUNNING,2,Desconocido,98,10,10,191.0,53.0
2026-10-07T08:50:29.906777,Bambu_H2D_2,0948BB5B1601428,RUNNING,2,Desconocido,98,10,10,221.0,54.0
2026-10-07T08:50:31.109433,Bambu_H2D_2,0948BB5B1601428,RUNNING,2,Desconocido,98,10,10,220.0,54.0
2026-10-07T08:50:31.326063,Bambu_H2D_1,0948BB5B1600363,FINISH,1,Desconocido,100,10,10,189.0,53.0
2026-10-07T08:50:32.357737,Bambu_H2D_2,0948BB5B1601428,RUNNING,2,Desconocido,98,10,10,220.0,54.0
2026-10-07T08:50:32.660463,Bambu_H2D_1,0948BB5B1600363,FINISH,1,Desconocido,100,10,10,188.0,53.0
2026-10-07T08:50:33.762324,Bambu_H2D_2,0948BB5B1601428,RUNNING,2,Desconocido,98,10,10,220.0,54.0
2026-10-07T08:50:34.310624,Bambu_H2D_1,0948BB5B1600363,FINISH,1,Desconocido,100,10,10,187.0,53.0
2026-10-07T08:50:35.343942,Bambu_H2D_2,0948BB5B1601428,RUNNING,2,Desconocido,98,10,10,220.0,54.0
2026-10-07T08:50:35.704989,Bambu_H2D_1,0948BB5B1600363,FINISH,1,Desconocido,100,10,10,185.0,53.0
2026-10-07T08:50:36.809840,Bambu_H2D_2,0948BB5B1601428,RUNNING,2,Desconocido,98,10,10,220.0,54.0
2026-10-07T08:50:37.049785,Bambu_H2D_1,0948BB5B1600363,FINISH,1,Desconocido,100,10,10,184.0,53.0
2026-10-07T08:50:38.469583,Bambu_H2D_1,0948BB5B1600363,FINISH,1,Desconocido,100,10,10,183.0,53.0
2026-10-07T08:50:38.726914,Bambu_H2D_2,0948BB5B1601428,RUNNING,2,Desconocido,98,10,10,220.0,54.0
2026-10-07T08:50:39.839155,Bambu_H2D_1,0948BB5B1600363,FINISH,1,Desconocido,100,10,10,182.0,53.0
2026-10-07T08:50:40.165282,Bambu_H2D_2,0948BB5B1601428,RUNNING,2,Desconocido,98,10,10,220.0,54.0
2026-10-07T08:50:41.242104,Bambu_H2D_1,0948BB5B1600363,FINISH,1,Desconocido,100,10,10,180.0,53.0
2026-10-07T08:50:41.505552,Bambu_H2D_2,0948BB5B1601428,RUNNING,2,Desconocido,98,10,10,218.0,54.0
2026-10-07T08:50:42.666905,Bambu_H2D_1,0948BB5B1600363,FINISH,1,Desconocido,100,10,10,179.0,53.0
2026-10-07T08:50:42.862467,Bambu_H2D_2,0948BB5B1601428,RUNNING,2,Desconocido,98,10,10,218.0,54.0
2026-10-07T08:50:44.013523,Bambu_H2D_1,0948BB5B1600363,FINISH,1,Desconocido,100,10,10,178.0,53.0
2026-10-07T08:50:44.359341,Bambu_H2D_2,0948BB5B1601428,RUNNING,2,Desconocido,98,10,10,216.0,54.0
2026-10-07T08:50:45.351832,Bambu_H2D_1,0948BB5B1600363,FINISH,1,Desconocido,100,10,10,176.0,52.0
2026-10-07T08:50:45.706222,Bambu_H2D_2,0948BB5B1601428,RUNNING,2,Desconocido,98,10,10,215.0,53.0
2026-10-07T08:50:46.793107,Bambu_H2D_1,0948BB5B1600363,FINISH,1,Desconocido,100,10,10,176.0,52.0
2026-10-07T08:50:47.083904,Bambu_H2D_2,0948BB5B1601428,RUNNING,2,Desconocido,98,10,10,214.0,53.0
2026-10-07T08:50:48.244178,Bambu_H2D_1,0948BB5B1600363,FINISH,1,Desconocido,100,10,10,174.0,52.0
2026-10-07T08:50:48.603306,Bambu_H2D_2,0948BB5B1601428,RUNNING,2,Desconocido,98,10,10,211.0,53.0
2026-10-07T08:50:49.631809,Bambu_H2D_1,0948BB5B1600363,FINISH,1,Desconocido,100,10,10,173.0,52.0
2026-10-07T08:50:49.969931,Bambu_H2D_2,0948BB5B1601428,RUNNING,2,Desconocido,98,10,10,210.0,53.0
2026-10-07T08:50:51.078812,Bambu_H2D_1,0948BB5B1600363,FINISH,1,Desconocido,100,10,10,172.0,52.0
2026-10-07T08:50:51.322511,Bambu_H2D_2,0948BB5B1601428,RUNNING,2,Desconocido,98,10,10,208.0,53.0
2026-10-07T08:50:52.415166,Bambu_H2D_1,0948BB5B1600363,FINISH,1,Desconocido,100,10,10,171.0,52.0
2026-10-07T08:50:52.710253,Bambu_H2D_2,0948BB5B1601428,RUNNING,2,Desconocido,98,10,10,207.0,53.0
2026-10-07T08:50:53.764739,Bambu_H2D_1,0948BB5B1600363,FINISH,1,Desconocido,100,10,10,170.0,52.0
2026-10-07T08:50:54.279164,Bambu_H2D_2,0948BB5B1601428,RUNNING,2,Desconocido,98,10,10,206.0,53.0
2026-10-07T08:50:55.254146,Bambu_H2D_1,0948BB5B1600363,FINISH,1,Desconocido,100,10,10,168.0,52.0
2026-10-07T08:50:55.614912,Bambu_H2D_2,0948BB5B1601428,RUNNING,2,Desconocido,98,10,10,204.0,53.0
2026-10-07T08:50:56.676318,Bambu_H2D_1,0948BB5B1600363,FINISH,1,Desconocido,100,10,10,168.0,52.0
2026-10-07T08:50:56.979788,Bambu_H2D_2,0948BB5B1601428,RUNNING,2,Desconocido,98,10,10,203.0,53.0
2026-10-07T08:50:58.016851,Bambu_H2D_1,0948BB5B1600363,FINISH,1,Desconocido,100,10,10,167.0,52.0
2026-10-07T08:50:58.368136,Bambu_H2D_2,0948BB5B1601428,RUNNING,2,Desconocido,98,10,10,201.0,53.0
2026-10-07T08:50:59.450018,Bambu_H2D_1,0948BB5B1600363,FINISH,1,Desconocido,100,10,10,166.0,52.0
2026-10-07T08:51:00.154311,Bambu_H2D_2,0948BB5B1601428,RUNNING,2,Desconocido,98,10,10,200.0,53.0
2026-10-07T08:51:00.792343,Bambu_H2D_1,0948BB5B1600363,FINISH,1,Desconocido,100,10,10,165.0,52.0
2026-10-07T08:51:01.578331,Bambu_H2D_2,0948BB5B1601428,RUNNING,2,Desconocido,98,10,10,198.0,53.0
2026-10-07T08:51:02.227263,Bambu_H2D_1,0948BB5B1600363,FINISH,1,Desconocido,100,10,10,163.0,52.0
2026-10-07T08:51:02.932108,Bambu_H2D_2,0948BB5B1601428,RUNNING,2,Desconocido,98,10,10,197.0,53.0
2026-10-07T08:51:03.646560,Bambu_H2D_1,0948BB5B1600363,FINISH,1,Desconocido,100,10,10,163.0,52.0
2026-10-07T08:51:04.277297,Bambu_H2D_2,0948BB5B1601428,RUNNING,2,Desconocido,98,10,10,195.0,53.0
2026-10-07T08:51:04.982608,Bambu_H2D_1,0948BB5B1600363,FINISH,1,Desconocido,100,10,10,162.0,52.0
2026-10-07T08:51:05.788739,Bambu_H2D_2,0948BB5B1601428,RUNNING,2,Desconocido,98,10,10,194.0,53.0
2026-10-07T08:51:06.353860,Bambu_H2D_1,0948BB5B1600363,FINISH,1,Desconocido,100,10,10,161.0,52.0
2026-10-07T08:51:07.194171,Bambu_H2D_2,0948BB5B1601428,RUNNING,2,Desconocido,98,10,10,193.0,53.0
2026-10-07T08:51:07.707861,Bambu_H2D_1,0948BB5B1600363,FINISH,1,Desconocido,100,10,10,160.0,52.0
2026-10-07T08:51:08.565588,Bambu_H2D_2,0948BB5B1601428,RUNNING,2,Desconocido,98,10,10,191.0,53.0
2026-10-07T08:51:09.146120,Bambu_H2D_1,0948BB5B1600363,FINISH,1,Desconocido,100,10,10,159.0,52.0
2026-10-07T08:51:09.976394,Bambu_H2D_2,0948BB5B1601428,FINISH,1,Desconocido,100,10,10,190.0,53.0
2026-10-07T08:51:10.492538,Bambu_H2D_1,0948BB5B1600363,FINISH,1,Desconocido,100,10,10,158.0,52.0
2026-10-07T08:51:11.792043,Bambu_H2D_2,0948BB5B1601428,FINISH,1,Desconocido,100,10,10,188.0,53.0
2026-10-07T08:51:11.841534,Bambu_H2D_1,0948BB5B1600363,FINISH,1,Desconocido,100,10,10,157.0,52.0
2026-10-07T08:51:13.173289,Bambu_H2D_2,0948BB5B1601428,FINISH,1,Desconocido,100,10,10,187.0,53.0
2026-10-07T08:51:13.206086,Bambu_H2D_1,0948BB5B1600363,FINISH,1,Desconocido,100,10,10,156.0,52.0
2026-10-07T08:51:14.595969,Bambu_H2D_2,0948BB5B1601428,FINISH,1,Desconocido,100,10,10,185.0,53.0
2026-10-07T08:51:14.609877,Bambu_H2D_1,0948BB5B1600363,FINISH,1,Desconocido,100,10,10,155.0,52.0
2026-10-07T08:51:15.944699,Bambu_H2D_2,0948BB5B1601428,FINISH,1,Desconocido,100,10,10,184.0,53.0
2026-10-07T08:51:15.979809,Bambu_H2D_1,0948BB5B1600363,FINISH,1,Desconocido,100,10,10,155.0,52.0
2026-10-07T08:51:17.317624,Bambu_H2D_1,0948BB5B1600363,FINISH,1,Desconocido,100,10,10,153.0,52.0
2026-10-07T08:51:17.442520,Bambu_H2D_2,0948BB5B1601428,FINISH,1,Desconocido,100,10,10,182.0,52.0
2026-10-07T08:51:18.713959,Bambu_H2D_1,0948BB5B1600363,FINISH,1,Desconocido,100,10,10,153.0,52.0
2026-10-07T08:51:18.783979,Bambu_H2D_2,0948BB5B1601428,FINISH,1,Desconocido,100,10,10,182.0,52.0
2026-10-07T08:51:20.044296,Bambu_H2D_1,0948BB5B1600363,FINISH,1,Desconocido,100,10,10,152.0,52.0
2026-10-07T08:51:20.518833,Bambu_H2D_2,0948BB5B1601428,FINISH,1,Desconocido,100,10,10,181.0,52.0
2026-10-07T08:51:21.504836,Bambu_H2D_1,0948BB5B1600363,FINISH,1,Desconocido,100,10,10,151.0,52.0
2026-10-07T08:51:22.200019,Bambu_H2D_2,0948BB5B1601428,FINISH,1,Desconocido,100,10,10,179.0,52.0
2026-10-07T08:51:22.857436,Bambu_H2D_1,0948BB5B1600363,FINISH,1,Desconocido,100,10,10,150.0,52.0
2026-10-07T08:51:23.606683,Bambu_H2D_2,0948BB5B1601428,FINISH,1,Desconocido,100,10,10,177.0,52.0
2026-10-07T08:51:24.207342,Bambu_H2D_1,0948BB5B1600363,FINISH,1,Desconocido,100,10,10,149.0,52.0
2026-10-07T08:51:25.273507,Bambu_H2D_2,0948BB5B1601428,FINISH,1,Desconocido,100,10,10,176.0,52.0
2026-10-07T08:51:25.568034,Bambu_H2D_1,0948BB5B1600363,FINISH,1,Desconocido,100,10,10,149.0,52.0
2026-10-07T08:51:26.792363,Bambu_H2D_2,0948BB5B1601428,FINISH,1,Desconocido,100,10,10,175.0,52.0
2026-10-07T08:51:26.999610,Bambu_H2D_1,0948BB5B1600363,FINISH,1,Desconocido,100,10,10,148.0,51.0
2026-10-07T08:51:28.191494,Bambu_H2D_2,0948BB5B1601428,FINISH,1,Desconocido,100,10,10,174.0,52.0
2026-10-07T08:51:28.435943,Bambu_H2D_1,0948BB5B1600363,FINISH,1,Desconocido,100,10,10,147.0,51.0
2026-10-07T08:51:29.576575,Bambu_H2D_2,0948BB5B1601428,FINISH,1,Desconocido,100,10,10,172.0,52.0
2026-10-07T08:51:29.823329,Bambu_H2D_1,0948BB5B1600363,FINISH,1,Desconocido,100,10,10,146.0,51.0
2026-10-07T08:51:30.994956,Bambu_H2D_2,0948BB5B1601428,FINISH,1,Desconocido,100,10,10,171.0,52.0
2026-10-07T08:51:31.245879,Bambu_H2D_1,0948BB5B1600363,FINISH,1,Desconocido,100,10,10,145.0,51.0
2026-10-07T08:51:32.525276,Bambu_H2D_2,0948BB5B1601428,FINISH,1,Desconocido,100,10,10,170.0,52.0
2026-10-07T08:51:32.572517,Bambu_H2D_1,0948BB5B1600363,FINISH,1,Desconocido,100,10,10,144.0,51.0
2026-10-07T08:51:33.913952,Bambu_H2D_1,0948BB5B1600363,FINISH,1,Desconocido,100,10,10,144.0,51.0
2026-10-07T08:51:33.914316,Bambu_H2D_2,0948BB5B1601428,FINISH,1,Desconocido,100,10,10,169.0,52.0
2026-10-07T08:51:35.393090,Bambu_H2D_2,0948BB5B1601428,FINISH,1,Desconocido,100,10,10,168.0,52.0
2026-10-07T08:51:35.425551,Bambu_H2D_1,0948BB5B1600363,FINISH,1,Desconocido,100,10,10,143.0,51.0
2026-10-07T08:51:36.756004,Bambu_H2D_1,0948BB5B1600363,FINISH,1,Desconocido,100,10,10,142.0,51.0
2026-10-07T08:51:36.899359,Bambu_H2D_2,0948BB5B1601428,FINISH,1,Desconocido,100,10,10,167.0,52.0
2026-10-07T08:51:38.097967,Bambu_H2D_1,0948BB5B1600363,FINISH,1,Desconocido,100,10,10,141.0,51.0
2026-10-07T08:51:38.260216,Bambu_H2D_2,0948BB5B1601428,FINISH,1,Desconocido,100,10,10,165.0,52.0
2026-10-07T08:51:39.579808,Bambu_H2D_1,0948BB5B1600363,FINISH,1,Desconocido,100,10,10,141.0,51.0
2026-10-07T08:51:39.742569,Bambu_H2D_2,0948BB5B1601428,FINISH,1,Desconocido,100,10,10,165.0,52.0
2026-10-07T08:51:40.937206,Bambu_H2D_1,0948BB5B1600363,FINISH,1,Desconocido,100,10,10,140.0,51.0
2026-10-07T08:51:41.126615,Bambu_H2D_2,0948BB5B1601428,FINISH,1,Desconocido,100,10,10,164.0,52.0
2026-10-07T08:51:42.344351,Bambu_H2D_1,0948BB5B1600363,FINISH,1,Desconocido,100,10,10,139.0,51.0
2026-10-07T08:51:42.707857,Bambu_H2D_2,0948BB5B1601428,FINISH,1,Desconocido,100,10,10,163.0,52.0
2026-10-07T08:51:43.765912,Bambu_H2D_1,0948BB5B1600363,FINISH,1,Desconocido,100,10,10,138.0,51.0
2026-10-07T08:51:44.102045,Bambu_H2D_2,0948BB5B1601428,FINISH,1,Desconocido,100,10,10,162.0,52.0
2026-10-07T08:51:45.098955,Bambu_H2D_1,0948BB5B1600363,FINISH,1,Desconocido,100,10,10,137.0,51.0
2026-10-07T08:51:45.492884,Bambu_H2D_2,0948BB5B1601428,FINISH,1,Desconocido,100,10,10,161.0,52.0
2026-10-07T08:51:46.451425,Bambu_H2D_1,0948BB5B1600363,FINISH,1,Desconocido,100,10,10,137.0,51.0
2026-10-07T08:51:46.849003,Bambu_H2D_2,0948BB5B1601428,FINISH,1,Desconocido,100,10,10,160.0,52.0
2026-10-07T08:51:47.795681,Bambu_H2D_1,0948BB5B1600363,FINISH,1,Desconocido,100,10,10,136.0,51.0
2026-10-07T08:51:48.436507,Bambu_H2D_2,0948BB5B1601428,FINISH,1,Desconocido,100,10,10,159.0,52.0
2026-10-07T08:51:49.193926,Bambu_H2D_1,0948BB5B1600363,FINISH,1,Desconocido,100,10,10,135.0,51.0
2026-10-07T08:51:49.818143,Bambu_H2D_2,0948BB5B1601428,FINISH,1,Desconocido,100,10,10,158.0,52.0
2026-10-07T08:51:50.535519,Bambu_H2D_1,0948BB5B1600363,FINISH,1,Desconocido,100,10,10,135.0,51.0
2026-10-07T08:51:51.172223,Bambu_H2D_2,0948BB5B1601428,FINISH,1,Desconocido,100,10,10,157.0,52.0
2026-10-07T08:51:51.878057,Bambu_H2D_1,0948BB5B1600363,FINISH,1,Desconocido,100,10,10,134.0,51.0
2026-10-07T08:51:52.692566,Bambu_H2D_2,0948BB5B1601428,FINISH,1,Desconocido,100,10,10,156.0,52.0
2026-10-07T08:51:53.209419,Bambu_H2D_1,0948BB5B1600363,FINISH,1,Desconocido,100,10,10,133.0,51.0
2026-10-07T08:51:54.028015,Bambu_H2D_2,0948BB5B1601428,FINISH,1,Desconocido,100,10,10,155.0,52.0
2026-10-07T08:51:54.602857,Bambu_H2D_1,0948BB5B1600363,FINISH,1,Desconocido,100,10,10,133.0,51.0
2026-10-07T08:51:55.446459,Bambu_H2D_2,0948BB5B1601428,FINISH,1,Desconocido,100,10,10,154.0,52.0
2026-10-07T08:51:55.962608,Bambu_H2D_1,0948BB5B1600363,FINISH,1,Desconocido,100,10,10,132.0,51.0
2026-10-07T08:51:56.807713,Bambu_H2D_2,0948BB5B1601428,FINISH,1,Desconocido,100,10,10,153.0,51.0
2026-10-07T08:51:57.312341,Bambu_H2D_1,0948BB5B1600363,FINISH,1,Desconocido,100,10,10,131.0,51.0
2026-10-07T08:51:58.352957,Bambu_H2D_2,0948BB5B1601428,FINISH,1,Desconocido,100,10,10,153.0,51.0
2026-10-07T08:51:58.647957,Bambu_H2D_1,0948BB5B1600363,FINISH,1,Desconocido,100,10,10,131.0,51.0
2026-10-07T08:51:59.778850,Bambu_H2D_2,0948BB5B1601428,FINISH,1,Desconocido,100,10,10,151.0,51.0
2026-10-07T08:52:00.171871,Bambu_H2D_1,0948BB5B1600363,FINISH,1,Desconocido,100,10,10,130.0,51.0
2026-10-07T08:52:01.321910,Bambu_H2D_2,0948BB5B1601428,FINISH,1,Desconocido,100,10,10,151.0,51.0
2026-10-07T08:52:01.584626,Bambu_H2D_1,0948BB5B1600363,FINISH,1,Desconocido,100,10,10,129.0,51.0
2026-10-07T08:52:02.988393,Bambu_H2D_1,0948BB5B1600363,FINISH,1,Desconocido,100,10,10,129.0,51.0
2026-10-07T08:52:03.418933,Bambu_H2D_2,0948BB5B1601428,FINISH,1,Desconocido,100,10,10,150.0,51.0
2026-10-07T08:52:04.024205,Bambu_H2D_2,0948BB5B1601428,FINISH,1,Desconocido,100,10,10,149.0,51.0
2026-10-07T08:52:04.334642,Bambu_H2D_1,0948BB5B1600363,FINISH,1,Desconocido,100,10,10,128.0,51.0
2026-10-07T08:52:05.376116,Bambu_H2D_2,0948BB5B1601428,FINISH,1,Desconocido,100,10,10,148.0,51.0
2026-10-07T08:52:05.702939,Bambu_H2D_1,0948BB5B1600363,FINISH,1,Desconocido,100,10,10,127.0,51.0
2026-10-07T08:52:06.839486,Bambu_H2D_2,0948BB5B1601428,FINISH,1,Desconocido,100,10,10,147.0,51.0
2026-10-07T08:52:07.036630,Bambu_H2D_1,0948BB5B1600363,FINISH,1,Desconocido,100,10,10,127.0,51.0
2026-10-07T08:52:08.345181,Bambu_H2D_2,0948BB5B1601428,FINISH,1,Desconocido,100,10,10,147.0,51.0
2026-10-07T08:52:08.402435,Bambu_H2D_1,0948BB5B1600363,FINISH,1,Desconocido,100,10,10,126.0,51.0
2026-10-07T08:52:09.805307,Bambu_H2D_2,0948BB5B1601428,FINISH,1,Desconocido,100,10,10,145.0,51.0
2026-10-07T08:52:09.863028,Bambu_H2D_1,0948BB5B1600363,FINISH,1,Desconocido,100,10,10,125.0,51.0
2026-10-07T08:52:11.218384,Bambu_H2D_1,0948BB5B1600363,FINISH,1,Desconocido,100,10,10,125.0,50.0
2026-10-07T08:52:11.358310,Bambu_H2D_2,0948BB5B1601428,FINISH,1,Desconocido,100,10,10,145.0,51.0
2026-10-07T08:52:12.582985,Bambu_H2D_1,0948BB5B1600363,FINISH,1,Desconocido,100,10,10,124.0,50.0
2026-10-07T08:52:12.748385,Bambu_H2D_2,0948BB5B1601428,FINISH,1,Desconocido,100,10,10,144.0,51.0
2026-10-07T08:52:13.904023,Bambu_H2D_1,0948BB5B1600363,FINISH,1,Desconocido,100,10,10,124.0,50.0
2026-10-07T08:52:14.272352,Bambu_H2D_2,0948BB5B1601428,FINISH,1,Desconocido,100,10,10,143.0,51.0
2026-10-07T08:52:15.398824,Bambu_H2D_1,0948BB5B1600363,FINISH,1,Desconocido,100,10,10,123.0,50.0
2026-10-07T08:52:15.555742,Bambu_H2D_2,0948BB5B1601428,FINISH,1,Desconocido,100,10,10,142.0,51.0
2026-10-07T08:52:16.762270,Bambu_H2D_1,0948BB5B1600363,FINISH,1,Desconocido,100,10,10,122.0,50.0
2026-10-07T08:52:16.809770,Bambu_H2D_2,0948BB5B1601428,FINISH,1,Desconocido,100,10,10,142.0,51.0
2026-10-07T08:52:18.101993,Bambu_H2D_1,0948BB5B1600363,FINISH,1,Desconocido,100,10,10,121.0,50.0
2026-10-07T08:52:18.309202,Bambu_H2D_2,0948BB5B1601428,FINISH,1,Desconocido,100,10,10,141.0,51.0
2026-10-07T08:52:19.577588,Bambu_H2D_1,0948BB5B1600363,FINISH,1,Desconocido,100,10,10,121.0,50.0
2026-10-07T08:52:19.738621,Bambu_H2D_2,0948BB5B1601428,FINISH,1,Desconocido,100,10,10,140.0,51.0
2026-10-07T08:52:20.923044,Bambu_H2D_1,0948BB5B1600363,FINISH,1,Desconocido,100,10,10,121.0,50.0
2026-10-07T08:52:21.067657,Bambu_H2D_2,0948BB5B1601428,FINISH,1,Desconocido,100,10,10,139.0,51.0
2026-10-07T08:52:22.308106,Bambu_H2D_1,0948BB5B1600363,FINISH,1,Desconocido,100,10,10,120.0,50.0
2026-10-07T08:52:23.142929,Bambu_H2D_2,0948BB5B1601428,FINISH,1,Desconocido,100,10,10,138.0,51.0
2026-10-07T08:52:23.731248,Bambu_H2D_1,0948BB5B1600363,FINISH,1,Desconocido,100,10,10,119.0,50.0
2026-10-07T08:52:24.213859,Bambu_H2D_2,0948BB5B1601428,FINISH,1,Desconocido,100,10,10,138.0,51.0
2026-10-07T08:52:25.078738,Bambu_H2D_1,0948BB5B1600363,FINISH,1,Desconocido,100,10,10,118.0,50.0
2026-10-07T08:52:25.377208,Bambu_H2D_2,0948BB5B1601428,FINISH,1,Desconocido,100,10,10,137.0,51.0
2026-10-07T08:52:26.426806,Bambu_H2D_1,0948BB5B1600363,FINISH,1,Desconocido,100,10,10,118.0,50.0
2026-10-07T08:52:27.893922,Bambu_H2D_1,0948BB5B1600363,FINISH,1,Desconocido,100,10,10,118.0,50.0
2026-10-07T08:52:28.229314,Bambu_H2D_2,0948BB5B1601428,FINISH,1,Desconocido,100,10,10,136.0,51.0
2026-10-07T08:52:28.244661,Bambu_H2D_2,0948BB5B1601428,FINISH,1,Desconocido,100,10,10,136.0,51.0
2026-10-07T08:52:29.241741,Bambu_H2D_1,0948BB5B1600363,FINISH,1,Desconocido,100,10,10,117.0,50.0
2026-10-07T08:52:29.812990,Bambu_H2D_2,0948BB5B1601428,FINISH,1,Desconocido,100,10,10,135.0,51.0
2026-10-07T08:52:30.604264,Bambu_H2D_1,0948BB5B1600363,FINISH,1,Desconocido,100,10,10,116.0,50.0
2026-10-07T08:52:31.141317,Bambu_H2D_2,0948BB5B1601428,FINISH,1,Desconocido,100,10,10,134.0,51.0
2026-10-07T08:52:31.988802,Bambu_H2D_1,0948BB5B1600363,FINISH,1,Desconocido,100,10,10,116.0,50.0
2026-10-07T08:52:32.621089,Bambu_H2D_2,0948BB5B1601428,FINISH,1,Desconocido,100,10,10,133.0,51.0
2026-10-07T08:52:33.328318,Bambu_H2D_1,0948BB5B1600363,FINISH,1,Desconocido,100,10,10,115.0,50.0
2026-10-07T08:52:34.036140,Bambu_H2D_2,0948BB5B1601428,FINISH,1,Desconocido,100,10,10,133.0,51.0
2026-10-07T08:52:34.670091,Bambu_H2D_1,0948BB5B1600363,FINISH,1,Desconocido,100,10,10,115.0,50.0
2026-10-07T08:52:35.434660,Bambu_H2D_2,0948BB5B1601428,FINISH,1,Desconocido,100,10,10,132.0,50.0
2026-10-07T08:52:36.063087,Bambu_H2D_1,0948BB5B1600363,FINISH,1,Desconocido,100,10,10,114.0,50.0
2026-10-07T08:52:36.832057,Bambu_H2D_2,0948BB5B1601428,FINISH,1,Desconocido,100,10,10,131.0,50.0
2026-10-07T08:52:37.381220,Bambu_H2D_1,0948BB5B1600363,FINISH,1,Desconocido,100,10,10,114.0,50.0
2026-10-07T08:52:38.310673,Bambu_H2D_2,0948BB5B1601428,FINISH,1,Desconocido,100,10,10,131.0,50.0
2026-10-07T08:52:38.720452,Bambu_H2D_1,0948BB5B1600363,FINISH,1,Desconocido,100,10,10,113.0,50.0
2026-10-07T08:52:39.751616,Bambu_H2D_2,0948BB5B1601428,FINISH,1,Desconocido,100,10,10,130.0,50.0
2026-10-07T08:52:40.060335,Bambu_H2D_1,0948BB5B1600363,FINISH,1,Desconocido,100,10,10,112.0,50.0
2026-10-07T08:52:41.090925,Bambu_H2D_2,0948BB5B1601428,FINISH,1,Desconocido,100,10,10,129.0,50.0
2026-10-07T08:52:41.455966,Bambu_H2D_1,0948BB5B1600363,FINISH,1,Desconocido,100,10,10,112.0,50.0
2026-10-07T08:52:42.742232,Bambu_H2D_2,0948BB5B1601428,FINISH,1,Desconocido,100,10,10,128.0,50.0
2026-10-07T08:52:42.840615,Bambu_H2D_1,0948BB5B1600363,FINISH,1,Desconocido,100,10,10,112.0,50.0
2026-10-07T08:52:44.109157,Bambu_H2D_2,0948BB5B1601428,FINISH,1,Desconocido,100,10,10,128.0,50.0
2026-10-07T08:52:44.158668,Bambu_H2D_1,0948BB5B1600363,FINISH,1,Desconocido,100,10,10,111.0,50.0
2026-10-07T08:52:45.479201,Bambu_H2D_2,0948BB5B1601428,FINISH,1,Desconocido,100,10,10,127.0,50.0
2026-10-07T08:52:45.507223,Bambu_H2D_1,0948BB5B1600363,FINISH,1,Desconocido,100,10,10,110.0,50.0
2026-10-07T08:52:46.902388,Bambu_H2D_2,0948BB5B1601428,FINISH,1,Desconocido,100,10,10,126.0,50.0
2026-10-07T08:52:46.915702,Bambu_H2D_1,0948BB5B1600363,FINISH,1,Desconocido,100,10,10,110.0,50.0
2026-10-07T08:52:48.256937,Bambu_H2D_1,0948BB5B1600363,FINISH,1,Desconocido,100,10,10,109.0,50.0
2026-10-07T08:52:48.365620,Bambu_H2D_2,0948BB5B1601428,FINISH,1,Desconocido,100,10,10,125.0,50.0
2026-10-07T08:52:49.757507,Bambu_H2D_1,0948BB5B1600363,FINISH,1,Desconocido,100,10,10,109.0,49.0
2026-10-07T08:52:49.858658,Bambu_H2D_2,0948BB5B1601428,FINISH,1,Desconocido,100,10,10,125.0,50.0
2026-10-07T08:52:51.103675,Bambu_H2D_1,0948BB5B1600363,FINISH,1,Desconocido,100,10,10,108.0,49.0
2026-10-07T08:52:51.166467,Bambu_H2D_2,0948BB5B1601428,FINISH,1,Desconocido,100,10,10,124.0,50.0
2026-10-07T08:52:52.452819,Bambu_H2D_1,0948BB5B1600363,FINISH,1,Desconocido,100,10,10,108.0,49.0
2026-10-07T08:52:52.683225,Bambu_H2D_2,0948BB5B1601428,FINISH,1,Desconocido,100,10,10,123.0,50.0
2026-10-07T08:52:53.801689,Bambu_H2D_1,0948BB5B1600363,FINISH,1,Desconocido,100,10,10,107.0,49.0
2026-10-07T08:52:54.004307,Bambu_H2D_2,0948BB5B1601428,FINISH,1,Desconocido,100,10,10,123.0,50.0
2026-10-07T08:52:55.233169,Bambu_H2D_1,0948BB5B1600363,FINISH,1,Desconocido,100,10,10,107.0,49.0
2026-10-07T08:52:55.398662,Bambu_H2D_2,0948BB5B1601428,FINISH,1,Desconocido,100,10,10,122.0,50.0
2026-10-07T08:52:56.664127,Bambu_H2D_1,0948BB5B1600363,FINISH,1,Desconocido,100,10,10,106.0,49.0
2026-10-07T08:52:56.808782,Bambu_H2D_2,0948BB5B1601428,FINISH,1,Desconocido,100,10,10,122.0,50.0
2026-10-07T08:52:57.985446,Bambu_H2D_1,0948BB5B1600363,FINISH,1,Desconocido,100,10,10,106.0,49.0
2026-10-07T08:52:58.290057,Bambu_H2D_2,0948BB5B1601428,FINISH,1,Desconocido,100,10,10,121.0,50.0
2026-10-07T08:52:59.415710,Bambu_H2D_1,0948BB5B1600363,FINISH,1,Desconocido,100,10,10,105.0,49.0
2026-10-07T08:52:59.699758,Bambu_H2D_2,0948BB5B1601428,FINISH,1,Desconocido,100,10,10,120.0,50.0
2026-10-07T08:53:00.795969,Bambu_H2D_1,0948BB5B1600363,FINISH,1,Desconocido,100,10,10,105.0,49.0
2026-10-07T08:53:01.054371,Bambu_H2D_2,0948BB5B1601428,FINISH,1,Desconocido,100,10,10,120.0,50.0
2026-10-07T08:53:02.117465,Bambu_H2D_1,0948BB5B1600363,FINISH,1,Desconocido,100,10,10,104.0,49.0
2026-10-07T08:53:02.638219,Bambu_H2D_2,0948BB5B1601428,FINISH,1,Desconocido,100,10,10,119.0,50.0
2026-10-07T08:53:03.604436,Bambu_H2D_1,0948BB5B1600363,FINISH,1,Desconocido,100,10,10,104.0,49.0
2026-10-07T08:53:03.978487,Bambu_H2D_2,0948BB5B1601428,FINISH,1,Desconocido,100,10,10,119.0,50.0
2026-10-07T08:53:04.942989,Bambu_H2D_1,0948BB5B1600363,FINISH,1,Desconocido,100,10,10,104.0,49.0
2026-10-07T08:53:05.344891,Bambu_H2D_2,0948BB5B1601428,FINISH,1,Desconocido,100,10,10,118.0,50.0
2026-10-07T08:53:06.281659,Bambu_H2D_1,0948BB5B1600363,FINISH,1,Desconocido,100,10,10,103.0,49.0
2026-10-07T08:53:06.700598,Bambu_H2D_2,0948BB5B1601428,FINISH,1,Desconocido,100,10,10,117.0,50.0
2026-10-07T08:53:07.719423,Bambu_H2D_1,0948BB5B1600363,FINISH,1,Desconocido,100,10,10,102.0,49.0
2026-10-07T08:53:08.215869,Bambu_H2D_2,0948BB5B1601428,FINISH,1,Desconocido,100,10,10,117.0,50.0
2026-10-07T08:53:09.068330,Bambu_H2D_1,0948BB5B1600363,FINISH,1,Desconocido,100,10,10,102.0,49.0
2026-10-07T08:53:09.772608,Bambu_H2D_2,0948BB5B1601428,FINISH,1,Desconocido,100,10,10,116.0,50.0
2026-10-07T08:53:10.451865,Bambu_H2D_1,0948BB5B1600363,FINISH,1,Desconocido,100,10,10,101.0,49.0
2026-10-07T08:53:11.117285,Bambu_H2D_2,0948BB5B1601428,FINISH,1,Desconocido,100,10,10,116.0,50.0
2026-10-07T08:53:11.797783,Bambu_H2D_1,0948BB5B1600363,FINISH,1,Desconocido,100,10,10,101.0,49.0
2026-10-07T08:53:12.674404,Bambu_H2D_2,0948BB5B1601428,FINISH,1,Desconocido,100,10,10,115.0,50.0
2026-10-07T08:53:13.144522,Bambu_H2D_1,0948BB5B1600363,FINISH,1,Desconocido,100,10,10,100.0,49.0
2026-10-07T08:53:14.040630,Bambu_H2D_2,0948BB5B1601428,FINISH,1,Desconocido,100,10,10,114.0,50.0
2026-10-07T08:53:14.515281,Bambu_H2D_1,0948BB5B1600363,FINISH,1,Desconocido,100,10,10,100.0,49.0
2026-10-07T08:53:15.389320,Bambu_H2D_2,0948BB5B1601428,FINISH,1,Desconocido,100,10,10,114.0,50.0
2026-10-07T08:53:15.919827,Bambu_H2D_1,0948BB5B1600363,FINISH,1,Desconocido,100,10,10,100.0,49.0
2026-10-07T08:53:16.801019,Bambu_H2D_2,0948BB5B1601428,FINISH,1,Desconocido,100,10,10,113.0,49.0
2026-10-07T08:53:17.280201,Bambu_H2D_1,0948BB5B1600363,FINISH,1,Desconocido,100,10,10,99.0,49.0
2026-10-07T08:53:18.344059,Bambu_H2D_2,0948BB5B1601428,FINISH,1,Desconocido,100,10,10,113.0,49.0
2026-10-07T08:53:18.635214,Bambu_H2D_1,0948BB5B1600363,FINISH,1,Desconocido,100,10,10,99.0,49.0
2026-10-07T08:53:19.745016,Bambu_H2D_2,0948BB5B1601428,FINISH,1,Desconocido,100,10,10,112.0,49.0
2026-10-07T08:53:19.968496,Bambu_H2D_1,0948BB5B1600363,FINISH,1,Desconocido,100,10,10,99.0,49.0
2026-10-07T08:53:21.082940,Bambu_H2D_2,0948BB5B1601428,FINISH,1,Desconocido,100,10,10,112.0,49.0
2026-10-07T08:53:21.319072,Bambu_H2D_1,0948BB5B1600363,FINISH,1,Desconocido,100,10,10,98.0,49.0
2026-10-07T08:53:22.715884,Bambu_H2D_1,0948BB5B1600363,FINISH,1,Desconocido,100,10,10,98.0,49.0
2026-10-07T08:53:22.717737,Bambu_H2D_2,0948BB5B1601428,FINISH,1,Desconocido,100,10,10,111.0,49.0
2026-10-07T08:53:24.055305,Bambu_H2D_1,0948BB5B1600363,FINISH,1,Desconocido,100,10,10,97.0,49.0
2026-10-07T08:53:24.076190,Bambu_H2D_2,0948BB5B1601428,FINISH,1,Desconocido,100,10,10,110.0,49.0
2026-10-07T08:53:25.391913,Bambu_H2D_1,0948BB5B1600363,FINISH,1,Desconocido,100,10,10,97.0,49.0
2026-10-07T08:53:25.410392,Bambu_H2D_2,0948BB5B1601428,FINISH,1,Desconocido,100,10,10,110.0,49.0
2026-10-07T08:53:26.821522,Bambu_H2D_1,0948BB5B1600363,FINISH,1,Desconocido,100,10,10,96.0,49.0
2026-10-07T08:53:26.838026,Bambu_H2D_2,0948BB5B1601428,FINISH,1,Desconocido,100,10,10,109.0,49.0
2026-10-07T08:53:28.142764,Bambu_H2D_1,0948BB5B1600363,FINISH,1,Desconocido,100,10,10,96.0,49.0
2026-10-07T08:53:28.351829,Bambu_H2D_2,0948BB5B1601428,FINISH,1,Desconocido,100,10,10,109.0,49.0
2026-10-07T08:53:29.586581,Bambu_H2D_1,0948BB5B1600363,FINISH,1,Desconocido,100,10,10,95.0,49.0
2026-10-07T08:53:29.816108,Bambu_H2D_2,0948BB5B1601428,FINISH,1,Desconocido,100,10,10,108.0,49.0
2026-10-07T08:53:31.040797,Bambu_H2D_1,0948BB5B1600363,FINISH,1,Desconocido,100,10,10,95.0,49.0
2026-10-07T08:53:31.148932,Bambu_H2D_2,0948BB5B1601428,FINISH,1,Desconocido,100,10,10,108.0,49.0
2026-10-07T08:53:32.374551,Bambu_H2D_1,0948BB5B1600363,FINISH,1,Desconocido,100,10,10,95.0,49.0
2026-10-07T08:53:32.640420,Bambu_H2D_2,0948BB5B1601428,FINISH,1,Desconocido,100,10,10,107.0,49.0
2026-10-07T08:53:33.779091,Bambu_H2D_1,0948BB5B1600363,FINISH,1,Desconocido,100,10,10,94.0,48.0
2026-10-07T08:53:33.998219,Bambu_H2D_2,0948BB5B1601428,FINISH,1,Desconocido,100,10,10,107.0,49.0
2026-10-07T08:53:35.135463,Bambu_H2D_1,0948BB5B1600363,FINISH,1,Desconocido,100,10,10,94.0,48.0
2026-10-07T08:53:35.326673,Bambu_H2D_2,0948BB5B1601428,FINISH,1,Desconocido,100,10,10,106.0,49.0
2026-10-07T08:53:36.539255,Bambu_H2D_1,0948BB5B1600363,FINISH,1,Desconocido,100,10,10,93.0,48.0
2026-10-07T08:53:36.916812,Bambu_H2D_2,0948BB5B1601428,FINISH,1,Desconocido,100,10,10,106.0,49.0
2026-10-07T08:53:37.905005,Bambu_H2D_1,0948BB5B1600363,FINISH,1,Desconocido,100,10,10,93.0,48.0
2026-10-07T08:53:38.380922,Bambu_H2D_2,0948BB5B1601428,FINISH,1,Desconocido,100,10,10,105.0,49.0
2026-10-07T08:53:39.314029,Bambu_H2D_1,0948BB5B1600363,FINISH,1,Desconocido,100,10,10,92.0,48.0
2026-10-07T08:53:39.812195,Bambu_H2D_2,0948BB5B1601428,FINISH,1,Desconocido,100,10,10,105.0,49.0
2026-10-07T08:53:40.666241,Bambu_H2D_1,0948BB5B1600363,FINISH,1,Desconocido,100,10,10,92.0,48.0
2026-10-07T08:53:41.154177,Bambu_H2D_2,0948BB5B1601428,FINISH,1,Desconocido,100,10,10,104.0,49.0
2026-10-07T08:53:42.007404,Bambu_H2D_1,0948BB5B1600363,FINISH,1,Desconocido,100,10,10,92.0,48.0
2026-10-07T08:53:42.703513,Bambu_H2D_2,0948BB5B1601428,FINISH,1,Desconocido,100,10,10,103.0,49.0
2026-10-07T08:53:43.404778,Bambu_H2D_1,0948BB5B1600363,FINISH,1,Desconocido,100,10,10,91.0,48.0
2026-10-07T08:53:44.109171,Bambu_H2D_2,0948BB5B1601428,FINISH,1,Desconocido,100,10,10,103.0,49.0
2026-10-07T08:53:44.744791,Bambu_H2D_1,0948BB5B1600363,FINISH,1,Desconocido,100,10,10,91.0,48.0
2026-10-07T08:53:45.551765,Bambu_H2D_2,0948BB5B1601428,FINISH,1,Desconocido,100,10,10,102.0,49.0
2026-10-07T08:53:46.084247,Bambu_H2D_1,0948BB5B1600363,FINISH,1,Desconocido,100,10,10,90.0,48.0
2026-10-07T08:53:46.863570,Bambu_H2D_2,0948BB5B1601428,FINISH,1,Desconocido,100,10,10,102.0,49.0
2026-10-07T08:53:47.422745,Bambu_H2D_1,0948BB5B1600363,FINISH,1,Desconocido,100,10,10,90.0,48.0
2026-10-07T08:53:48.345400,Bambu_H2D_2,0948BB5B1601428,FINISH,1,Desconocido,100,10,10,102.0,49.0
2026-10-07T08:53:48.786342,Bambu_H2D_1,0948BB5B1600363,FINISH,1,Desconocido,100,10,10,90.0,48.0
2026-10-07T08:53:49.930871,Bambu_H2D_2,0948BB5B1601428,FINISH,1,Desconocido,100,10,10,101.0,49.0
2026-10-07T08:53:50.160926,Bambu_H2D_1,0948BB5B1600363,FINISH,1,Desconocido,100,10,10,89.0,48.0
2026-10-07T08:53:51.253761,Bambu_H2D_2,0948BB5B1601428,FINISH,1,Desconocido,100,10,10,100.0,49.0
2026-10-07T08:53:51.523944,Bambu_H2D_1,0948BB5B1600363,FINISH,1,Desconocido,100,10,10,89.0,48.0
2026-10-07T08:53:52.764771,Bambu_H2D_2,0948BB5B1601428,FINISH,1,Desconocido,100,10,10,100.0,49.0
2026-10-07T08:53:52.857649,Bambu_H2D_1,0948BB5B1600363,FINISH,1,Desconocido,100,10,10,89.0,48.0
2026-10-07T08:53:54.186763,Bambu_H2D_2,0948BB5B1601428,FINISH,1,Desconocido,100,10,10,100.0,49.0
2026-10-07T08:53:54.234803,Bambu_H2D_1,0948BB5B1600363,FINISH,1,Desconocido,100,10,10,88.0,48.0
2026-10-07T08:53:55.540549,Bambu_H2D_2,0948BB5B1601428,FINISH,1,Desconocido,100,10,10,99.0,49.0
2026-10-07T08:53:55.597054,Bambu_H2D_1,0948BB5B1600363,FINISH,1,Desconocido,100,10,10,88.0,48.0
2026-10-07T08:53:56.948294,Bambu_H2D_2,0948BB5B1601428,FINISH,1,Desconocido,100,10,10,99.0,49.0
2026-10-07T08:53:57.017953,Bambu_H2D_1,0948BB5B1600363,FINISH,1,Desconocido,100,10,10,88.0,48.0
2026-10-07T08:53:58.445371,Bambu_H2D_1,0948BB5B1600363,FINISH,1,Desconocido,100,10,10,87.0,48.0
2026-10-07T08:53:58.470674,Bambu_H2D_2,0948BB5B1601428,FINISH,1,Desconocido,100,10,10,98.0,48.0
2026-10-07T08:53:59.823847,Bambu_H2D_1,0948BB5B1600363,FINISH,1,Desconocido,100,10,10,87.0,48.0
2026-10-07T08:53:59.825862,Bambu_H2D_2,0948BB5B1601428,FINISH,1,Desconocido,100,10,10,98.0,48.0
2026-10-07T08:54:01.151173,Bambu_H2D_1,0948BB5B1600363,FINISH,1,Desconocido,100,10,10,86.0,48.0
2026-10-07T08:54:01.169579,Bambu_H2D_2,0948BB5B1601428,FINISH,1,Desconocido,100,10,10,97.0,48.0
2026-10-07T08:54:02.602139,Bambu_H2D_1,0948BB5B1600363,FINISH,1,Desconocido,100,10,10,86.0,48.0
2026-10-07T08:54:02.713053,Bambu_H2D_2,0948BB5B1601428,FINISH,1,Desconocido,100,10,10,97.0,48.0
2026-10-07T08:54:03.990613,Bambu_H2D_1,0948BB5B1600363,FINISH,1,Desconocido,100,10,10,86.0,48.0
2026-10-07T08:54:04.112285,Bambu_H2D_2,0948BB5B1601428,FINISH,1,Desconocido,100,10,10,96.0,48.0
2026-10-07T08:54:05.345407,Bambu_H2D_1,0948BB5B1600363,FINISH,1,Desconocido,100,10,10,85.0,48.0
2026-10-07T08:54:05.480839,Bambu_H2D_2,0948BB5B1601428,FINISH,1,Desconocido,100,10,10,96.0,48.0
2026-10-07T08:54:06.810594,Bambu_H2D_1,0948BB5B1600363,FINISH,1,Desconocido,100,10,10,85.0,48.0
2026-10-07T08:54:06.916575,Bambu_H2D_2,0948BB5B1601428,FINISH,1,Desconocido,100,10,10,96.0,48.0
2026-10-07T08:54:08.102789,Bambu_H2D_1,0948BB5B1600363,FINISH,1,Desconocido,100,10,10,85.0,48.0
2026-10-07T08:54:08.405139,Bambu_H2D_2,0948BB5B1601428,FINISH,1,Desconocido,100,10,10,95.0,48.0
2026-10-07T08:54:09.497569,Bambu_H2D_1,0948BB5B1600363,FINISH,1,Desconocido,100,10,10,84.0,48.0
2026-10-07T08:54:09.857348,Bambu_H2D_2,0948BB5B1601428,FINISH,1,Desconocido,100,10,10,95.0,48.0
2026-10-07T08:54:10.932814,Bambu_H2D_1,0948BB5B1600363,FINISH,1,Desconocido,100,10,10,84.0,48.0
2026-10-07T08:54:11.253397,Bambu_H2D_2,0948BB5B1601428,FINISH,1,Desconocido,100,10,10,94.0,48.0
2026-10-07T08:54:12.275690,Bambu_H2D_1,0948BB5B1600363,FINISH,1,Desconocido,100,10,10,84.0,48.0
2026-10-07T08:54:12.770759,Bambu_H2D_2,0948BB5B1601428,FINISH,1,Desconocido,100,10,10,94.0,48.0
2026-10-07T08:54:13.631800,Bambu_H2D_1,0948BB5B1600363,FINISH,1,Desconocido,100,10,10,83.0,48.0
2026-10-07T08:54:14.114220,Bambu_H2D_2,0948BB5B1601428,FINISH,1,Desconocido,100,10,10,93.0,48.0
2026-10-07T08:54:15.008271,Bambu_H2D_1,0948BB5B1600363,FINISH,1,Desconocido,100,10,10,83.0,48.0
2026-10-07T08:54:15.470941,Bambu_H2D_2,0948BB5B1601428,FINISH,1,Desconocido,100,10,10,93.0,48.0
2026-10-07T08:54:16.406896,Bambu_H2D_1,0948BB5B1600363,FINISH,1,Desconocido,100,10,10,83.0,48.0
2026-10-07T08:54:16.900552,Bambu_H2D_2,0948BB5B1601428,FINISH,1,Desconocido,100,10,10,92.0,48.0
2026-10-07T08:54:17.755010,Bambu_H2D_1,0948BB5B1600363,FINISH,1,Desconocido,100,10,10,82.0,48.0
2026-10-07T08:54:18.447327,Bambu_H2D_2,0948BB5B1601428,FINISH,1,Desconocido,100,10,10,92.0,48.0
2026-10-07T08:54:19.094764,Bambu_H2D_1,0948BB5B1600363,FINISH,1,Desconocido,100,10,10,82.0,48.0
2026-10-07T08:54:19.788693,Bambu_H2D_2,0948BB5B1601428,FINISH,1,Desconocido,100,10,10,92.0,48.0
2026-10-07T08:54:20.441718,Bambu_H2D_1,0948BB5B1600363,FINISH,1,Desconocido,100,10,10,82.0,47.0
2026-10-07T08:54:21.134479,Bambu_H2D_2,0948BB5B1601428,FINISH,1,Desconocido,100,10,10,91.0,48.0
2026-10-07T08:54:21.804326,Bambu_H2D_1,0948BB5B1600363,FINISH,1,Desconocido,100,10,10,81.0,47.0
2026-10-07T08:54:22.628029,Bambu_H2D_2,0948BB5B1601428,FINISH,1,Desconocido,100,10,10,91.0,48.0
2026-10-07T08:54:23.184635,Bambu_H2D_1,0948BB5B1600363,FINISH,1,Desconocido,100,10,10,81.0,47.0
2026-10-07T08:54:24.025209,Bambu_H2D_2,0948BB5B1601428,FINISH,1,Desconocido,100,10,10,90.0,48.0
2026-10-07T08:54:24.521711,Bambu_H2D_1,0948BB5B1600363,FINISH,1,Desconocido,100,10,10,81.0,47.0
2026-10-07T08:54:25.370596,Bambu_H2D_2,0948BB5B1601428,FINISH,1,Desconocido,100,10,10,90.0,48.0
2026-10-07T08:54:25.864153,Bambu_H2D_1,0948BB5B1600363,FINISH,1,Desconocido,100,10,10,80.0,47.0
2026-10-07T08:54:26.711514,Bambu_H2D_2,0948BB5B1601428,FINISH,1,Desconocido,100,10,10,90.0,48.0
2026-10-07T08:54:27.225009,Bambu_H2D_1,0948BB5B1600363,FINISH,1,Desconocido,100,10,10,80.0,47.0
2026-10-07T08:54:28.210166,Bambu_H2D_2,0948BB5B1601428,FINISH,1,Desconocido,100,10,10,89.0,48.0
2026-10-07T08:54:28.563859,Bambu_H2D_1,0948BB5B1600363,FINISH,1,Desconocido,100,10,10,80.0,47.0
2026-10-07T08:54:29.634794,Bambu_H2D_2,0948BB5B1601428,FINISH,1,Desconocido,100,10,10,89.0,48.0
2026-10-07T08:54:30.059924,Bambu_H2D_1,0948BB5B1600363,FINISH,1,Desconocido,100,10,10,80.0,47.0
2026-10-07T08:54:31.025436,Bambu_H2D_2,0948BB5B1601428,FINISH,1,Desconocido,100,10,10,88.0,48.0
2026-10-07T08:54:31.421438,Bambu_H2D_1,0948BB5B1600363,FINISH,1,Desconocido,100,10,10,79.0,47.0
2026-10-07T08:54:32.387917,Bambu_H2D_2,0948BB5B1601428,FINISH,1,Desconocido,100,10,10,88.0,48.0
2026-10-07T08:54:32.762317,Bambu_H2D_1,0948BB5B1600363,FINISH,1,Desconocido,100,10,10,79.0,47.0
2026-10-07T08:54:33.850320,Bambu_H2D_2,0948BB5B1601428,FINISH,1,Desconocido,100,10,10,88.0,48.0
2026-10-07T08:54:34.138579,Bambu_H2D_1,0948BB5B1600363,FINISH,1,Desconocido,100,10,10,78.0,47.0
2026-10-07T08:54:35.207176,Bambu_H2D_2,0948BB5B1601428,FINISH,1,Desconocido,100,10,10,87.0,48.0
2026-10-07T08:54:35.502892,Bambu_H2D_1,0948BB5B1600363,FINISH,1,Desconocido,100,10,10,78.0,47.0
2026-10-07T08:54:36.583546,Bambu_H2D_2,0948BB5B1601428,FINISH,1,Desconocido,100,10,10,87.0,48.0
2026-10-07T08:54:36.950407,Bambu_H2D_1,0948BB5B1600363,FINISH,1,Desconocido,100,10,10,78.0,47.0
2026-10-07T08:54:37.973386,Bambu_H2D_2,0948BB5B1601428,FINISH,1,Desconocido,100,10,10,87.0,48.0
2026-10-07T08:54:38.266620,Bambu_H2D_1,0948BB5B1600363,FINISH,1,Desconocido,100,10,10,78.0,47.0
2026-10-07T08:54:39.473423,Bambu_H2D_2,0948BB5B1601428,FINISH,1,Desconocido,100,10,10,86.0,48.0
2026-10-07T08:54:39.694386,Bambu_H2D_1,0948BB5B1600363,FINISH,1,Desconocido,100,10,10,77.0,47.0
2026-10-07T08:54:40.807344,Bambu_H2D_2,0948BB5B1601428,FINISH,1,Desconocido,100,10,10,86.0,48.0
2026-10-07T08:54:41.016672,Bambu_H2D_1,0948BB5B1600363,FINISH,1,Desconocido,100,10,10,77.0,47.0
2026-10-07T08:54:42.157229,Bambu_H2D_2,0948BB5B1601428,FINISH,1,Desconocido,100,10,10,86.0,48.0
2026-10-07T08:54:42.372677,Bambu_H2D_1,0948BB5B1600363,FINISH,1,Desconocido,100,10,10,77.0,47.0
2026-10-07T08:54:43.744295,Bambu_H2D_2,0948BB5B1601428,FINISH,1,Desconocido,100,10,10,85.0,47.0
2026-10-07T08:54:43.745525,Bambu_H2D_1,0948BB5B1600363,FINISH,1,Desconocido,100,10,10,77.0,47.0
2026-10-07T08:54:45.097083,Bambu_H2D_2,0948BB5B1601428,FINISH,1,Desconocido,100,10,10,85.0,47.0
2026-10-07T08:54:45.111203,Bambu_H2D_1,0948BB5B1600363,FINISH,1,Desconocido,100,10,10,76.0,47.0
2026-10-07T08:54:46.442783,Bambu_H2D_2,0948BB5B1601428,FINISH,1,Desconocido,100,10,10,84.0,47.0
2026-10-07T08:54:46.463927,Bambu_H2D_1,0948BB5B1600363,FINISH,1,Desconocido,100,10,10,76.0,47.0
2026-10-07T08:54:47.790101,Bambu_H2D_2,0948BB5B1601428,FINISH,1,Desconocido,100,10,10,84.0,47.0
2026-10-07T08:54:47.802753,Bambu_H2D_1,0948BB5B1600363,FINISH,1,Desconocido,100,10,10,76.0,47.0
2026-10-07T08:54:49.166237,Bambu_H2D_1,0948BB5B1600363,FINISH,1,Desconocido,100,10,10,75.0,47.0
2026-10-07T08:54:49.295036,Bambu_H2D_2,0948BB5B1601428,FINISH,1,Desconocido,100,10,10,84.0,47.0
2026-10-07T08:54:50.588488,Bambu_H2D_1,0948BB5B1600363,FINISH,1,Desconocido,100,10,10,75.0,47.0
2026-10-07T08:54:50.710103,Bambu_H2D_2,0948BB5B1601428,FINISH,1,Desconocido,100,10,10,83.0,47.0
2026-10-07T08:54:51.928221,Bambu_H2D_1,0948BB5B1600363,FINISH,1,Desconocido,100,10,10,75.0,47.0
2026-10-07T08:54:52.075242,Bambu_H2D_2,0948BB5B1601428,FINISH,1,Desconocido,100,10,10,83.0,47.0
2026-10-07T08:54:53.279347,Bambu_H2D_1,0948BB5B1600363,FINISH,1,Desconocido,100,10,10,74.0,47.0
2026-10-07T08:54:53.573322,Bambu_H2D_2,0948BB5B1601428,FINISH,1,Desconocido,100,10,10,82.0,47.0
2026-10-07T08:54:54.642511,Bambu_H2D_1,0948BB5B1600363,FINISH,1,Desconocido,100,10,10,74.0,47.0
2026-10-07T08:54:54.917444,Bambu_H2D_2,0948BB5B1601428,FINISH,1,Desconocido,100,10,10,82.0,47.0
2026-10-07T08:54:56.040852,Bambu_H2D_1,0948BB5B1600363,FINISH,1,Desconocido,100,10,10,74.0,47.0
2026-10-07T08:54:56.276447,Bambu_H2D_2,0948BB5B1601428,FINISH,1,Desconocido,100,10,10,82.0,47.0
2026-10-07T08:54:57.538577,Bambu_H2D_1,0948BB5B1600363,FINISH,1,Desconocido,100,10,10,74.0,47.0
2026-10-07T08:54:57.670600,Bambu_H2D_2,0948BB5B1601428,FINISH,1,Desconocido,100,10,10,82.0,47.0
2026-10-07T08:54:58.849518,Bambu_H2D_1,0948BB5B1600363,FINISH,1,Desconocido,100,10,10,73.0,47.0
2026-10-07T08:54:59.183158,Bambu_H2D_2,0948BB5B1601428,FINISH,1,Desconocido,100,10,10,81.0,47.0
2026-10-07T08:55:00.193568,Bambu_H2D_1,0948BB5B1600363,FINISH,1,Desconocido,100,10,10,73.0,47.0
2026-10-07T08:55:00.586535,Bambu_H2D_2,0948BB5B1601428,FINISH,1,Desconocido,100,10,10,81.0,47.0
2026-10-07T08:55:01.620385,Bambu_H2D_1,0948BB5B1600363,FINISH,1,Desconocido,100,10,10,73.0,47.0
2026-10-07T08:55:01.936370,Bambu_H2D_2,0948BB5B1601428,FINISH,1,Desconocido,100,10,10,81.0,47.0
2026-10-07T08:55:03.025933,Bambu_H2D_1,0948BB5B1600363,FINISH,1,Desconocido,100,10,10,73.0,47.0
2026-10-07T08:55:03.297331,Bambu_H2D_2,0948BB5B1601428,FINISH,1,Desconocido,100,10,10,80.0,47.0
2026-10-07T08:55:04.391715,Bambu_H2D_1,0948BB5B1600363,FINISH,1,Desconocido,100,10,10,72.0,47.0
2026-10-07T08:55:04.918047,Bambu_H2D_2,0948BB5B1601428,FINISH,1,Desconocido,100,10,10,80.0,47.0
2026-10-07T08:55:05.805828,Bambu_H2D_1,0948BB5B1600363,FINISH,1,Desconocido,100,10,10,72.0,47.0
2026-10-07T08:55:06.245137,Bambu_H2D_2,0948BB5B1601428,FINISH,1,Desconocido,100,10,10,79.0,47.0
2026-10-07T08:55:07.173574,Bambu_H2D_1,0948BB5B1600363,FINISH,1,Desconocido,100,10,10,72.0,47.0
2026-10-07T08:55:07.594284,Bambu_H2D_2,0948BB5B1601428,FINISH,1,Desconocido,100,10,10,79.0,47.0
2026-10-07T08:55:08.514442,Bambu_H2D_1,0948BB5B1600363,FINISH,1,Desconocido,100,10,10,72.0,47.0
2026-10-07T08:55:08.941108,Bambu_H2D_2,0948BB5B1601428,FINISH,1,Desconocido,100,10,10,79.0,47.0
2026-10-07T08:55:10.011424,Bambu_H2D_1,0948BB5B1600363,FINISH,1,Desconocido,100,10,10,71.0,46.0
2026-10-07T08:55:10.506092,Bambu_H2D_2,0948BB5B1601428,FINISH,1,Desconocido,100,10,10,78.0,47.0
2026-10-07T08:55:11.328031,Bambu_H2D_1,0948BB5B1600363,FINISH,1,Desconocido,100,10,10,71.0,46.0
2026-10-07T08:55:11.930749,Bambu_H2D_2,0948BB5B1601428,FINISH,1,Desconocido,100,10,10,78.0,47.0
2026-10-07T08:55:12.726219,Bambu_H2D_1,0948BB5B1600363,FINISH,1,Desconocido,100,10,10,71.0,46.0
2026-10-07T08:55:13.271555,Bambu_H2D_2,0948BB5B1601428,FINISH,1,Desconocido,100,10,10,78.0,47.0
2026-10-07T08:55:14.056894,Bambu_H2D_1,0948BB5B1600363,FINISH,1,Desconocido,100,10,10,71.0,46.0
2026-10-07T08:55:14.777011,Bambu_H2D_2,0948BB5B1601428,FINISH,1,Desconocido,100,10,10,78.0,47.0
2026-10-07T08:55:15.400577,Bambu_H2D_1,0948BB5B1600363,FINISH,1,Desconocido,100,10,10,70.0,46.0
2026-10-07T08:55:16.211873,Bambu_H2D_2,0948BB5B1601428,FINISH,1,Desconocido,100,10,10,77.0,47.0
2026-10-07T08:55:16.814768,Bambu_H2D_1,0948BB5B1600363,FINISH,1,Desconocido,100,10,10,70.0,46.0
2026-10-07T08:55:17.630060,Bambu_H2D_2,0948BB5B1601428,FINISH,1,Desconocido,100,10,10,77.0,47.0
2026-10-07T08:55:18.165492,Bambu_H2D_1,0948BB5B1600363,FINISH,1,Desconocido,100,10,10,70.0,46.0
2026-10-07T08:55:18.978499,Bambu_H2D_2,0948BB5B1601428,FINISH,1,Desconocido,100,10,10,77.0,47.0
2026-10-07T08:55:19.560170,Bambu_H2D_1,0948BB5B1600363,FINISH,1,Desconocido,100,10,10,70.0,46.0
2026-10-07T08:55:20.559228,Bambu_H2D_2,0948BB5B1601428,FINISH,1,Desconocido,100,10,10,76.0,47.0
2026-10-07T08:55:20.924795,Bambu_H2D_1,0948BB5B1600363,FINISH,1,Desconocido,100,10,10,69.0,46.0
2026-10-07T08:55:21.909917,Bambu_H2D_2,0948BB5B1601428,FINISH,1,Desconocido,100,10,10,76.0,47.0
2026-10-07T08:55:22.274305,Bambu_H2D_1,0948BB5B1600363,FINISH,1,Desconocido,100,10,10,69.0,46.0
2026-10-07T08:55:23.243852,Bambu_H2D_2,0948BB5B1601428,FINISH,1,Desconocido,100,10,10,76.0,47.0
2026-10-07T08:55:23.676602,Bambu_H2D_1,0948BB5B1600363,FINISH,1,Desconocido,100,10,10,69.0,46.0
2026-10-07T08:55:24.975540,Bambu_H2D_2,0948BB5B1601428,FINISH,1,Desconocido,100,10,10,75.0,47.0
2026-10-07T08:55:25.093399,Bambu_H2D_1,0948BB5B1600363,FINISH,1,Desconocido,100,10,10,69.0,46.0
2026-10-07T08:55:26.278241,Bambu_H2D_2,0948BB5B1601428,FINISH,1,Desconocido,100,10,10,75.0,47.0
2026-10-07T08:55:26.369073,Bambu_H2D_1,0948BB5B1600363,FINISH,1,Desconocido,100,10,10,68.0,46.0
2026-10-07T08:55:27.651077,Bambu_H2D_2,0948BB5B1601428,FINISH,1,Desconocido,100,10,10,75.0,47.0
2026-10-07T08:55:27.705056,Bambu_H2D_1,0948BB5B1600363,FINISH,1,Desconocido,100,10,10,68.0,46.0
2026-10-07T08:55:28.983802,Bambu_H2D_2,0948BB5B1601428,FINISH,1,Desconocido,100,10,10,75.0,47.0
2026-10-07T08:55:29.080141,Bambu_H2D_1,0948BB5B1600363,FINISH,1,Desconocido,100,10,10,68.0,46.0
2026-10-07T08:55:30.482020,Bambu_H2D_1,0948BB5B1600363,FINISH,1,Desconocido,100,10,10,68.0,46.0
2026-10-07T08:55:30.584545,Bambu_H2D_2,0948BB5B1601428,FINISH,1,Desconocido,100,10,10,74.0,47.0
2026-10-07T08:55:31.843455,Bambu_H2D_1,0948BB5B1600363,FINISH,1,Desconocido,100,10,10,67.0,46.0
2026-10-07T08:55:31.943247,Bambu_H2D_2,0948BB5B1601428,FINISH,1,Desconocido,100,10,10,74.0,47.0
2026-10-07T08:55:33.258084,Bambu_H2D_1,0948BB5B1600363,FINISH,1,Desconocido,100,10,10,67.0,46.0
2026-10-07T08:55:33.283077,Bambu_H2D_2,0948BB5B1601428,FINISH,1,Desconocido,100,10,10,73.0,46.0
2026-10-07T08:55:34.633345,Bambu_H2D_1,0948BB5B1600363,FINISH,1,Desconocido,100,10,10,67.0,46.0
2026-10-07T08:55:34.814686,Bambu_H2D_2,0948BB5B1601428,FINISH,1,Desconocido,100,10,10,73.0,46.0
2026-10-07T08:55:35.955271,Bambu_H2D_1,0948BB5B1600363,FINISH,1,Desconocido,100,10,10,67.0,46.0
2026-10-07T08:55:36.150489,Bambu_H2D_2,0948BB5B1601428,FINISH,1,Desconocido,100,10,10,73.0,46.0
2026-10-07T08:55:37.466339,Bambu_H2D_1,0948BB5B1600363,FINISH,1,Desconocido,100,10,10,66.0,46.0
2026-10-07T08:55:37.695067,Bambu_H2D_2,0948BB5B1601428,FINISH,1,Desconocido,100,10,10,73.0,46.0
2026-10-07T08:55:38.772034,Bambu_H2D_1,0948BB5B1600363,FINISH,1,Desconocido,100,10,10,66.0,46.0
2026-10-07T08:55:39.062880,Bambu_H2D_2,0948BB5B1601428,FINISH,1,Desconocido,100,10,10,72.0,46.0
2026-10-07T08:55:40.110841,Bambu_H2D_1,0948BB5B1600363,FINISH,1,Desconocido,100,10,10,66.0,46.0
2026-10-07T08:55:40.581963,Bambu_H2D_2,0948BB5B1601428,FINISH,1,Desconocido,100,10,10,72.0,46.0
2026-10-07T08:55:41.460270,Bambu_H2D_1,0948BB5B1600363,FINISH,1,Desconocido,100,10,10,66.0,46.0
2026-10-07T08:55:41.939253,Bambu_H2D_2,0948BB5B1601428,FINISH,1,Desconocido,100,10,10,72.0,46.0
2026-10-07T08:55:42.855359,Bambu_H2D_1,0948BB5B1600363,FINISH,1,Desconocido,100,10,10,66.0,46.0
2026-10-07T08:55:43.309235,Bambu_H2D_2,0948BB5B1601428,FINISH,1,Desconocido,100,10,10,71.0,46.0
2026-10-07T08:55:44.233056,Bambu_H2D_1,0948BB5B1600363,FINISH,1,Desconocido,100,10,10,65.0,46.0
2026-10-07T08:55:44.840773,Bambu_H2D_2,0948BB5B1601428,FINISH,1,Desconocido,100,10,10,71.0,46.0
2026-10-07T08:55:45.623166,Bambu_H2D_1,0948BB5B1600363,FINISH,1,Desconocido,100,10,10,65.0,46.0
2026-10-07T08:55:46.180119,Bambu_H2D_2,0948BB5B1601428,FINISH,1,Desconocido,100,10,10,71.0,46.0
2026-10-07T08:55:46.944578,Bambu_H2D_1,0948BB5B1600363,FINISH,1,Desconocido,100,10,10,65.0,46.0
2026-10-07T08:55:47.556462,Bambu_H2D_2,0948BB5B1601428,FINISH,1,Desconocido,100,10,10,71.0,46.0
2026-10-07T08:55:48.314890,Bambu_H2D_1,0948BB5B1600363,FINISH,1,Desconocido,100,10,10,65.0,46.0
2026-10-07T08:55:48.918401,Bambu_H2D_2,0948BB5B1601428,FINISH,1,Desconocido,100,10,10,70.0,46.0
2026-10-07T08:55:49.753764,Bambu_H2D_1,0948BB5B1600363,FINISH,1,Desconocido,100,10,10,65.0,46.0
2026-10-07T08:55:50.471500,Bambu_H2D_2,0948BB5B1601428,FINISH,1,Desconocido,100,10,10,70.0,46.0
2026-10-07T08:55:51.158846,Bambu_H2D_1,0948BB5B1600363,FINISH,1,Desconocido,100,10,10,64.0,46.0
2026-10-07T08:55:51.921366,Bambu_H2D_2,0948BB5B1601428,FINISH,1,Desconocido,100,10,10,70.0,46.0
2026-10-07T08:55:52.467401,Bambu_H2D_1,0948BB5B1600363,FINISH,1,Desconocido,100,10,10,64.0,46.0
2026-10-07T08:55:53.297461,Bambu_H2D_2,0948BB5B1601428,FINISH,1,Desconocido,100,10,10,70.0,46.0
2026-10-07T08:55:53.814172,Bambu_H2D_1,0948BB5B1600363,FINISH,1,Desconocido,100,10,10,64.0,46.0
2026-10-07T08:55:54.763100,Bambu_H2D_2,0948BB5B1601428,FINISH,1,Desconocido,100,10,10,69.0,46.0
2026-10-07T08:55:55.204012,Bambu_H2D_1,0948BB5B1600363,FINISH,1,Desconocido,100,10,10,64.0,46.0
2026-10-07T08:55:56.234642,Bambu_H2D_2,0948BB5B1601428,FINISH,1,Desconocido,100,10,10,69.0,46.0
2026-10-07T08:55:56.549062,Bambu_H2D_1,0948BB5B1600363,FINISH,1,Desconocido,100,10,10,63.0,46.0
2026-10-07T08:55:57.694621,Bambu_H2D_2,0948BB5B1601428,FINISH,1,Desconocido,100,10,10,69.0,46.0
2026-10-07T08:55:57.936212,Bambu_H2D_1,0948BB5B1600363,FINISH,1,Desconocido,100,10,10,63.0,46.0
2026-10-07T08:55:58.985178,Bambu_H2D_2,0948BB5B1601428,FINISH,1,Desconocido,100,10,10,69.0,46.0
2026-10-07T08:55:59.310640,Bambu_H2D_1,0948BB5B1600363,FINISH,1,Desconocido,100,10,10,63.0,46.0
2026-10-07T08:56:00.563279,Bambu_H2D_2,0948BB5B1601428,FINISH,1,Desconocido,100,10,10,68.0,46.0
2026-10-07T08:56:00.658800,Bambu_H2D_1,0948BB5B1600363,FINISH,1,Desconocido,100,10,10,63.0,46.0
2026-10-07T08:56:01.916324,Bambu_H2D_2,0948BB5B1601428,FINISH,1,Desconocido,100,10,10,68.0,46.0
2026-10-07T08:56:02.003332,Bambu_H2D_1,0948BB5B1600363,FINISH,1,Desconocido,100,10,10,63.0,46.0
2026-10-07T08:56:03.275374,Bambu_H2D_2,0948BB5B1601428,FINISH,1,Desconocido,100,10,10,68.0,46.0
2026-10-07T08:56:03.390634,Bambu_H2D_1,0948BB5B1600363,FINISH,1,Desconocido,100,10,10,62.0,45.0
2026-10-07T08:56:04.820377,Bambu_H2D_1,0948BB5B1600363,FINISH,1,Desconocido,100,10,10,62.0,45.0
2026-10-07T08:56:04.916254,Bambu_H2D_2,0948BB5B1601428,FINISH,1,Desconocido,100,10,10,68.0,46.0
2026-10-07T08:56:06.175576,Bambu_H2D_1,0948BB5B1600363,FINISH,1,Desconocido,100,10,10,62.0,45.0
2026-10-07T08:56:06.249388,Bambu_H2D_2,0948BB5B1601428,FINISH,1,Desconocido,100,10,10,67.0,46.0
2026-10-07T08:56:07.530164,Bambu_H2D_1,0948BB5B1600363,FINISH,1,Desconocido,100,10,10,62.0,45.0
2026-10-07T08:56:07.574858,Bambu_H2D_2,0948BB5B1601428,FINISH,1,Desconocido,100,10,10,67.0,46.0
2026-10-07T08:56:08.949474,Bambu_H2D_1,0948BB5B1600363,FINISH,1,Desconocido,100,10,10,62.0,45.0
2026-10-07T08:56:08.960665,Bambu_H2D_2,0948BB5B1601428,FINISH,1,Desconocido,100,10,10,67.0,46.0
2026-10-07T08:56:10.330798,Bambu_H2D_1,0948BB5B1600363,FINISH,1,Desconocido,100,10,10,61.0,45.0
2026-10-07T08:56:10.501266,Bambu_H2D_2,0948BB5B1601428,FINISH,1,Desconocido,100,10,10,67.0,46.0
2026-10-07T08:56:11.685671,Bambu_H2D_1,0948BB5B1600363,FINISH,1,Desconocido,100,10,10,61.0,45.0
2026-10-07T08:56:11.919044,Bambu_H2D_2,0948BB5B1601428,FINISH,1,Desconocido,100,10,10,66.0,46.0
2026-10-07T08:56:13.023407,Bambu_H2D_1,0948BB5B1600363,FINISH,1,Desconocido,100,10,10,61.0,45.0
2026-10-07T08:56:13.310579,Bambu_H2D_2,0948BB5B1601428,FINISH,1,Desconocido,100,10,10,66.0,46.0
2026-10-07T08:56:14.380991,Bambu_H2D_1,0948BB5B1600363,FINISH,1,Desconocido,100,10,10,61.0,45.0
2026-10-07T08:56:14.790989,Bambu_H2D_2,0948BB5B1601428,FINISH,1,Desconocido,100,10,10,66.0,46.0
2026-10-07T08:56:15.711772,Bambu_H2D_1,0948BB5B1600363,FINISH,1,Desconocido,100,10,10,61.0,45.0
2026-10-07T08:56:16.182182,Bambu_H2D_2,0948BB5B1601428,FINISH,1,Desconocido,100,10,10,66.0,46.0
2026-10-07T08:56:17.091644,Bambu_H2D_1,0948BB5B1600363,FINISH,1,Desconocido,100,10,10,61.0,45.0
2026-10-07T08:56:17.558112,Bambu_H2D_2,0948BB5B1601428,FINISH,1,Desconocido,100,10,10,65.0,46.0
2026-10-07T08:56:18.501174,Bambu_H2D_1,0948BB5B1600363,FINISH,1,Desconocido,100,10,10,60.0,45.0
2026-10-07T08:56:18.928451,Bambu_H2D_2,0948BB5B1601428,FINISH,1,Desconocido,100,10,10,65.0,46.0
2026-10-07T08:56:19.812457,Bambu_H2D_1,0948BB5B1600363,FINISH,1,Desconocido,100,10,10,60.0,45.0
2026-10-07T08:56:20.428864,Bambu_H2D_2,0948BB5B1601428,FINISH,1,Desconocido,100,10,10,65.0,46.0
2026-10-07T08:56:21.206627,Bambu_H2D_1,0948BB5B1600363,FINISH,1,Desconocido,100,10,10,60.0,45.0
2026-10-07T08:56:21.775870,Bambu_H2D_2,0948BB5B1601428,FINISH,1,Desconocido,100,10,10,65.0,46.0
2026-10-07T08:56:22.530097,Bambu_H2D_1,0948BB5B1600363,FINISH,1,Desconocido,100,10,10,60.0,45.0
2026-10-07T08:56:23.159935,Bambu_H2D_2,0948BB5B1601428,FINISH,1,Desconocido,100,10,10,65.0,46.0
2026-10-07T08:56:23.990226,Bambu_H2D_1,0948BB5B1600363,FINISH,1,Desconocido,100,10,10,60.0,45.0
2026-10-07T08:56:24.679952,Bambu_H2D_2,0948BB5B1601428,FINISH,1,Desconocido,100,10,10,64.0,46.0
2026-10-07T08:56:25.342976,Bambu_H2D_1,0948BB5B1600363,FINISH,1,Desconocido,100,10,10,59.0,45.0
2026-10-07T08:56:26.016511,Bambu_H2D_2,0948BB5B1601428,FINISH,1,Desconocido,100,10,10,64.0,46.0
2026-10-07T08:56:26.701149,Bambu_H2D_1,0948BB5B1600363,FINISH,1,Desconocido,100,10,10,59.0,45.0
2026-10-07T08:56:27.366007,Bambu_H2D_2,0948BB5B1601428,FINISH,1,Desconocido,100,10,10,64.0,45.0
2026-10-07T08:56:28.107222,Bambu_H2D_1,0948BB5B1600363,FINISH,1,Desconocido,100,10,10,59.0,45.0
2026-10-07T08:56:28.714993,Bambu_H2D_2,0948BB5B1601428,FINISH,1,Desconocido,100,10,10,64.0,45.0
2026-10-07T08:56:29.450271,Bambu_H2D_1,0948BB5B1600363,FINISH,1,Desconocido,100,10,10,59.0,45.0
2026-10-07T08:56:30.251979,Bambu_H2D_2,0948BB5B1601428,FINISH,1,Desconocido,100,10,10,63.0,45.0
2026-10-07T08:56:30.847704,Bambu_H2D_1,0948BB5B1600363,FINISH,1,Desconocido,100,10,10,59.0,45.0
2026-10-07T08:56:31.672677,Bambu_H2D_2,0948BB5B1601428,FINISH,1,Desconocido,100,10,10,63.0,45.0
2026-10-07T08:56:32.263524,Bambu_H2D_1,0948BB5B1600363,FINISH,1,Desconocido,100,10,10,59.0,45.0
2026-10-07T08:56:32.996923,Bambu_H2D_2,0948BB5B1601428,FINISH,1,Desconocido,100,10,10,63.0,45.0
2026-10-07T08:56:33.619386,Bambu_H2D_1,0948BB5B1600363,FINISH,1,Desconocido,100,10,10,58.0,45.0
2026-10-07T08:56:34.344748,Bambu_H2D_2,0948BB5B1601428,FINISH,1,Desconocido,100,10,10,63.0,45.0
2026-10-07T08:56:34.964220,Bambu_H2D_1,0948BB5B1600363,FINISH,1,Desconocido,100,10,10,58.0,45.0
2026-10-07T08:56:35.839605,Bambu_H2D_2,0948BB5B1601428,FINISH,1,Desconocido,100,10,10,63.0,45.0
2026-10-07T08:56:36.409017,Bambu_H2D_1,0948BB5B1600363,FINISH,1,Desconocido,100,10,10,58.0,45.0
2026-10-07T08:56:37.211750,Bambu_H2D_2,0948BB5B1601428,FINISH,1,Desconocido,100,10,10,62.0,45.0
2026-10-07T08:56:37.806969,Bambu_H2D_1,0948BB5B1600363,FINISH,1,Desconocido,100,10,10,58.0,45.0
2026-10-07T08:56:38.640757,Bambu_H2D_2,0948BB5B1601428,FINISH,1,Desconocido,100,10,10,62.0,45.0
2026-10-07T08:56:39.121807,Bambu_H2D_1,0948BB5B1600363,FINISH,1,Desconocido,100,10,10,58.0,45.0
2026-10-07T08:56:39.978468,Bambu_H2D_2,0948BB5B1601428,FINISH,1,Desconocido,100,10,10,62.0,45.0
2026-10-07T08:56:40.470993,Bambu_H2D_1,0948BB5B1600363,FINISH,1,Desconocido,100,10,10,58.0,45.0
2026-10-07T08:56:41.475156,Bambu_H2D_2,0948BB5B1601428,FINISH,1,Desconocido,100,10,10,62.0,45.0
2026-10-07T08:56:41.825493,Bambu_H2D_1,0948BB5B1600363,FINISH,1,Desconocido,100,10,10,58.0,45.0
2026-10-07T08:56:42.825785,Bambu_H2D_2,0948BB5B1601428,FINISH,1,Desconocido,100,10,10,62.0,45.0
2026-10-07T08:56:43.221159,Bambu_H2D_1,0948BB5B1600363,FINISH,1,Desconocido,100,10,10,57.0,45.0
2026-10-07T08:56:44.245674,Bambu_H2D_2,0948BB5B1601428,FINISH,1,Desconocido,100,10,10,61.0,45.0
2026-10-07T08:56:44.600739,Bambu_H2D_1,0948BB5B1600363,FINISH,1,Desconocido,100,10,10,57.0,45.0
2026-10-07T08:56:45.747865,Bambu_H2D_2,0948BB5B1601428,FINISH,1,Desconocido,100,10,10,61.0,45.0
2026-10-07T08:56:45.920551,Bambu_H2D_1,0948BB5B1600363,FINISH,1,Desconocido,100,10,10,57.0,45.0
2026-10-07T08:56:47.090469,Bambu_H2D_2,0948BB5B1601428,FINISH,1,Desconocido,100,10,10,61.0,45.0
2026-10-07T08:56:47.271880,Bambu_H2D_1,0948BB5B1600363,FINISH,1,Desconocido,100,10,10,57.0,45.0
2026-10-07T08:56:48.451732,Bambu_H2D_2,0948BB5B1601428,FINISH,1,Desconocido,100,10,10,61.0,45.0
2026-10-07T08:56:48.606898,Bambu_H2D_1,0948BB5B1600363,FINISH,1,Desconocido,100,10,10,57.0,45.0
2026-10-07T08:56:49.876338,Bambu_H2D_2,0948BB5B1601428,FINISH,1,Desconocido,100,10,10,61.0,45.0
2026-10-07T08:56:50.014889,Bambu_H2D_1,0948BB5B1600363,FINISH,1,Desconocido,100,10,10,57.0,45.0
2026-10-07T08:56:51.402329,Bambu_H2D_2,0948BB5B1601428,FINISH,1,Desconocido,100,10,10,60.0,45.0
2026-10-07T08:56:51.467829,Bambu_H2D_1,0948BB5B1600363,FINISH,1,Desconocido,100,10,10,56.0,45.0
2026-10-07T08:56:52.792816,Bambu_H2D_1,0948BB5B1600363,FINISH,1,Desconocido,100,10,10,56.0,45.0
2026-10-07T08:56:52.840431,Bambu_H2D_2,0948BB5B1601428,FINISH,1,Desconocido,100,10,10,60.0,45.0
2026-10-07T08:56:54.132472,Bambu_H2D_1,0948BB5B1600363,FINISH,1,Desconocido,100,10,10,56.0,45.0
2026-10-07T08:56:54.186925,Bambu_H2D_2,0948BB5B1601428,FINISH,1,Desconocido,100,10,10,60.0,45.0
2026-10-07T08:56:55.549232,Bambu_H2D_1,0948BB5B1600363,FINISH,1,Desconocido,100,10,10,56.0,45.0
2026-10-07T08:56:55.679387,Bambu_H2D_2,0948BB5B1601428,FINISH,1,Desconocido,100,10,10,60.0,45.0
2026-10-07T08:56:56.918238,Bambu_H2D_1,0948BB5B1600363,FINISH,1,Desconocido,100,10,10,56.0,45.0
2026-10-07T08:56:57.117070,Bambu_H2D_2,0948BB5B1601428,FINISH,1,Desconocido,100,10,10,59.0,45.0
2026-10-07T08:56:58.284949,Bambu_H2D_1,0948BB5B1600363,FINISH,1,Desconocido,100,10,10,56.0,45.0
2026-10-07T08:56:58.594450,Bambu_H2D_2,0948BB5B1601428,FINISH,1,Desconocido,100,10,10,59.0,45.0
2026-10-07T08:56:59.793456,Bambu_H2D_1,0948BB5B1600363,FINISH,1,Desconocido,100,10,10,55.0,45.0
2026-10-07T08:56:59.879408,Bambu_H2D_2,0948BB5B1601428,FINISH,1,Desconocido,100,10,10,59.0,45.0
2026-10-07T08:57:01.137335,Bambu_H2D_1,0948BB5B1600363,FINISH,1,Desconocido,100,10,10,55.0,44.0
2026-10-07T08:57:01.377194,Bambu_H2D_2,0948BB5B1601428,FINISH,1,Desconocido,100,10,10,59.0,45.0
2026-10-07T08:57:02.466690,Bambu_H2D_1,0948BB5B1600363,FINISH,1,Desconocido,100,10,10,55.0,44.0
2026-10-07T08:57:02.762976,Bambu_H2D_2,0948BB5B1601428,FINISH,1,Desconocido,100,10,10,59.0,45.0
2026-10-07T08:57:03.964869,Bambu_H2D_1,0948BB5B1600363,FINISH,1,Desconocido,100,10,10,55.0,44.0
2026-10-07T08:57:04.170356,Bambu_H2D_2,0948BB5B1601428,FINISH,1,Desconocido,100,10,10,59.0,45.0
2026-10-07T08:57:05.313021,Bambu_H2D_1,0948BB5B1600363,FINISH,1,Desconocido,100,10,10,55.0,44.0
2026-10-07T08:57:05.798071,Bambu_H2D_2,0948BB5B1601428,FINISH,1,Desconocido,100,10,10,58.0,45.0
2026-10-07T08:57:06.699183,Bambu_H2D_1,0948BB5B1600363,FINISH,1,Desconocido,100,10,10,55.0,44.0
2026-10-07T08:57:07.127804,Bambu_H2D_2,0948BB5B1601428,FINISH,1,Desconocido,100,10,10,58.0,45.0
2026-10-07T08:57:08.050090,Bambu_H2D_1,0948BB5B1600363,FINISH,1,Desconocido,100,10,10,55.0,44.0
2026-10-07T08:57:08.467127,Bambu_H2D_2,0948BB5B1601428,FINISH,1,Desconocido,100,10,10,58.0,45.0
2026-10-07T08:57:09.444121,Bambu_H2D_1,0948BB5B1600363,FINISH,1,Desconocido,100,10,10,54.0,44.0
2026-10-07T08:57:09.895067,Bambu_H2D_2,0948BB5B1601428,FINISH,1,Desconocido,100,10,10,58.0,45.0
2026-10-07T08:57:10.831114,Bambu_H2D_1,0948BB5B1600363,FINISH,1,Desconocido,100,10,10,54.0,44.0
2026-10-07T08:57:11.480656,Bambu_H2D_2,0948BB5B1601428,FINISH,1,Desconocido,100,10,10,58.0,45.0
2026-10-07T08:57:12.237093,Bambu_H2D_1,0948BB5B1600363,FINISH,1,Desconocido,100,10,10,54.0,44.0
2026-10-07T08:57:12.854738,Bambu_H2D_2,0948BB5B1601428,FINISH,1,Desconocido,100,10,10,57.0,45.0
2026-10-07T08:57:13.582693,Bambu_H2D_1,0948BB5B1600363,FINISH,1,Desconocido,100,10,10,54.0,44.0
2026-10-07T08:57:14.197005,Bambu_H2D_2,0948BB5B1601428,FINISH,1,Desconocido,100,10,10,57.0,45.0
2026-10-07T08:57:14.937314,Bambu_H2D_1,0948BB5B1600363,FINISH,1,Desconocido,100,10,10,54.0,44.0
2026-10-07T08:57:15.681139,Bambu_H2D_2,0948BB5B1601428,FINISH,1,Desconocido,100,10,10,57.0,45.0
2026-10-07T08:57:16.284629,Bambu_H2D_1,0948BB5B1600363,FINISH,1,Desconocido,100,10,10,54.0,44.0
2026-10-07T08:57:17.043520,Bambu_H2D_2,0948BB5B1601428,FINISH,1,Desconocido,100,10,10,57.0,45.0
2026-10-07T08:57:17.656917,Bambu_H2D_1,0948BB5B1600363,FINISH,1,Desconocido,100,10,10,54.0,44.0
2026-10-07T08:57:18.443196,Bambu_H2D_2,0948BB5B1601428,FINISH,1,Desconocido,100,10,10,57.0,45.0
2026-10-07T08:57:19.011658,Bambu_H2D_1,0948BB5B1600363,FINISH,1,Desconocido,100,10,10,53.0,44.0
2026-10-07T08:57:19.794460,Bambu_H2D_2,0948BB5B1601428,FINISH,1,Desconocido,100,10,10,57.0,45.0
2026-10-07T08:57:20.356647,Bambu_H2D_1,0948BB5B1600363,FINISH,1,Desconocido,100,10,10,53.0,44.0
2026-10-07T08:57:21.278161,Bambu_H2D_2,0948BB5B1601428,FINISH,1,Desconocido,100,10,10,56.0,45.0
2026-10-07T08:57:21.707834,Bambu_H2D_1,0948BB5B1600363,FINISH,1,Desconocido,100,10,10,53.0,44.0
2026-10-07T08:57:22.630119,Bambu_H2D_2,0948BB5B1601428,FINISH,1,Desconocido,100,10,10,56.0,45.0
2026-10-07T08:57:23.050598,Bambu_H2D_1,0948BB5B1600363,FINISH,1,Desconocido,100,10,10,53.0,44.0
2026-10-07T08:57:23.971336,Bambu_H2D_2,0948BB5B1601428,FINISH,1,Desconocido,100,10,10,56.0,44.0
2026-10-07T08:57:24.460699,Bambu_H2D_1,0948BB5B1600363,FINISH,1,Desconocido,100,10,10,53.0,44.0
2026-10-07T08:57:25.375718,Bambu_H2D_2,0948BB5B1601428,FINISH,1,Desconocido,100,10,10,56.0,44.0
2026-10-07T08:57:25.756470,Bambu_H2D_1,0948BB5B1600363,FINISH,1,Desconocido,100,10,10,53.0,44.0
2026-10-07T08:57:26.859043,Bambu_H2D_2,0948BB5B1601428,FINISH,1,Desconocido,100,10,10,56.0,44.0
2026-10-07T08:57:27.107157,Bambu_H2D_1,0948BB5B1600363,FINISH,1,Desconocido,100,10,10,52.0,44.0
2026-10-07T08:57:28.218429,Bambu_H2D_2,0948BB5B1601428,FINISH,1,Desconocido,100,10,10,56.0,44.0
2026-10-07T08:57:28.481834,Bambu_H2D_1,0948BB5B1600363,FINISH,1,Desconocido,100,10,10,52.0,44.0
2026-10-07T08:57:29.613810,Bambu_H2D_2,0948BB5B1601428,FINISH,1,Desconocido,100,10,10,55.0,44.0
2026-10-07T08:57:29.812327,Bambu_H2D_1,0948BB5B1600363,FINISH,1,Desconocido,100,10,10,52.0,44.0
2026-10-07T08:57:31.026214,Bambu_H2D_2,0948BB5B1601428,FINISH,1,Desconocido,100,10,10,55.0,44.0
2026-10-07T08:57:31.303058,Bambu_H2D_1,0948BB5B1600363,FINISH,1,Desconocido,100,10,10,52.0,44.0
2026-10-07T08:57:32.649618,Bambu_H2D_1,0948BB5B1600363,FINISH,1,Desconocido,100,10,10,52.0,44.0
2026-10-07T08:57:32.662095,Bambu_H2D_2,0948BB5B1601428,FINISH,1,Desconocido,100,10,10,55.0,44.0
2026-10-07T08:57:33.996881,Bambu_H2D_1,0948BB5B1600363,FINISH,1,Desconocido,100,10,10,52.0,44.0
2026-10-07T08:57:34.016008,Bambu_H2D_2,0948BB5B1601428,FINISH,1,Desconocido,100,10,10,55.0,44.0
2026-10-07T08:57:35.374695,Bambu_H2D_2,0948BB5B1601428,FINISH,1,Desconocido,100,10,10,55.0,44.0
2026-10-07T08:57:35.441736,Bambu_H2D_1,0948BB5B1600363,FINISH,1,Desconocido,100,10,10,52.0,44.0
2026-10-07T08:57:36.796802,Bambu_H2D_1,0948BB5B1600363,FINISH,1,Desconocido,100,10,10,52.0,44.0
2026-10-07T08:57:36.992853,Bambu_H2D_2,0948BB5B1601428,FINISH,1,Desconocido,100,10,10,55.0,44.0
2026-10-07T08:57:38.211101,Bambu_H2D_1,0948BB5B1600363,FINISH,1,Desconocido,100,10,10,51.0,44.0
2026-10-07T08:57:38.473847,Bambu_H2D_2,0948BB5B1601428,FINISH,1,Desconocido,100,10,10,54.0,44.0
2026-10-07T08:57:39.737772,Bambu_H2D_1,0948BB5B1600363,FINISH,1,Desconocido,100,10,10,51.0,44.0
2026-10-07T08:57:39.859892,Bambu_H2D_2,0948BB5B1601428,FINISH,1,Desconocido,100,10,10,54.0,44.0
2026-10-07T08:57:41.046893,Bambu_H2D_1,0948BB5B1600363,FINISH,1,Desconocido,100,10,10,51.0,44.0
2026-10-07T08:57:41.239759,Bambu_H2D_2,0948BB5B1601428,FINISH,1,Desconocido,100,10,10,54.0,44.0
2026-10-07T08:57:42.407734,Bambu_H2D_1,0948BB5B1600363,FINISH,1,Desconocido,100,10,10,51.0,44.0
2026-10-07T08:57:42.743701,Bambu_H2D_2,0948BB5B1601428,FINISH,1,Desconocido,100,10,10,54.0,44.0
2026-10-07T08:57:43.807049,Bambu_H2D_1,0948BB5B1600363,FINISH,1,Desconocido,100,10,10,51.0,44.0
2026-10-07T08:57:44.090600,Bambu_H2D_2,0948BB5B1601428,FINISH,1,Desconocido,100,10,10,54.0,44.0
2026-10-07T08:57:45.177814,Bambu_H2D_1,0948BB5B1600363,FINISH,1,Desconocido,100,10,10,51.0,44.0
2026-10-07T08:57:45.578137,Bambu_H2D_2,0948BB5B1601428,FINISH,1,Desconocido,100,10,10,54.0,44.0
2026-10-07T08:57:46.507229,Bambu_H2D_1,0948BB5B1600363,FINISH,1,Desconocido,100,10,10,51.0,44.0
2026-10-07T08:57:46.925329,Bambu_H2D_2,0948BB5B1601428,FINISH,1,Desconocido,100,10,10,53.0,44.0
2026-10-07T08:57:47.856879,Bambu_H2D_1,0948BB5B1600363,FINISH,1,Desconocido,100,10,10,51.0,44.0
2026-10-07T08:57:48.464696,Bambu_H2D_2,0948BB5B1601428,FINISH,1,Desconocido,100,10,10,53.0,44.0
2026-10-07T08:57:49.194529,Bambu_H2D_1,0948BB5B1600363,FINISH,1,Desconocido,100,10,10,51.0,44.0
2026-10-07T08:57:49.897834,Bambu_H2D_2,0948BB5B1601428,FINISH,1,Desconocido,100,10,10,53.0,44.0
2026-10-07T08:57:50.639987,Bambu_H2D_1,0948BB5B1600363,FINISH,1,Desconocido,100,10,10,50.0,44.0
2026-10-07T08:57:51.280765,Bambu_H2D_2,0948BB5B1601428,FINISH,1,Desconocido,100,10,10,53.0,44.0
2026-10-07T08:57:51.994582,Bambu_H2D_1,0948BB5B1600363,FINISH,1,Desconocido,100,10,10,50.0,44.0
2026-10-07T08:57:52.810786,Bambu_H2D_2,0948BB5B1601428,FINISH,1,Desconocido,100,10,10,53.0,44.0
2026-10-07T08:57:53.329674,Bambu_H2D_1,0948BB5B1600363,FINISH,1,Desconocido,100,10,10,50.0,44.0
2026-10-07T08:57:54.183857,Bambu_H2D_2,0948BB5B1601428,FINISH,1,Desconocido,100,10,10,53.0,44.0
2026-10-07T08:57:54.705775,Bambu_H2D_1,0948BB5B1600363,FINISH,1,Desconocido,100,10,10,50.0,44.0
2026-10-07T08:57:55.544791,Bambu_H2D_2,0948BB5B1601428,FINISH,1,Desconocido,100,10,10,52.0,44.0
2026-10-07T08:57:56.031053,Bambu_H2D_1,0948BB5B1600363,FINISH,1,Desconocido,100,10,10,50.0,44.0
2026-10-07T08:57:56.867950,Bambu_H2D_2,0948BB5B1601428,FINISH,1,Desconocido,100,10,10,52.0,44.0
2026-10-07T08:57:57.475364,Bambu_H2D_1,0948BB5B1600363,FINISH,1,Desconocido,100,10,10,50.0,44.0
2026-10-07T08:57:58.509400,Bambu_H2D_2,0948BB5B1601428,FINISH,1,Desconocido,100,10,10,52.0,44.0
2026-10-07T08:57:58.824648,Bambu_H2D_1,0948BB5B1600363,FINISH,1,Desconocido,100,10,10,50.0,44.0
2026-10-07T08:57:59.861667,Bambu_H2D_2,0948BB5B1601428,FINISH,1,Desconocido,100,10,10,52.0,44.0
2026-10-07T08:58:00.167472,Bambu_H2D_1,0948BB5B1600363,FINISH,1,Desconocido,100,10,10,50.0,44.0
2026-10-07T08:58:01.200908,Bambu_H2D_2,0948BB5B1601428,FINISH,1,Desconocido,100,10,10,52.0,44.0
2026-10-07T08:58:01.599601,Bambu_H2D_1,0948BB5B1600363,FINISH,1,Desconocido,100,10,10,50.0,44.0
2026-10-07T08:58:02.726476,Bambu_H2D_2,0948BB5B1601428,FINISH,1,Desconocido,100,10,10,52.0,44.0
2026-10-07T08:58:02.998369,Bambu_H2D_1,0948BB5B1600363,FINISH,1,Desconocido,100,10,10,50.0,44.0
2026-10-07T08:58:04.058282,Bambu_H2D_2,0948BB5B1601428,FINISH,1,Desconocido,100,10,10,52.0,44.0
2026-10-07T08:58:04.399971,Bambu_H2D_1,0948BB5B1600363,FINISH,1,Desconocido,100,10,10,49.0,43.0
2026-10-07T08:58:05.501845,Bambu_H2D_2,0948BB5B1601428,FINISH,1,Desconocido,100,10,10,51.0,44.0
2026-10-07T08:58:05.822020,Bambu_H2D_1,0948BB5B1600363,FINISH,1,Desconocido,100,10,10,49.0,43.0
2026-10-07T08:58:06.798223,Bambu_H2D_2,0948BB5B1601428,FINISH,1,Desconocido,100,10,10,51.0,44.0
2026-10-07T08:58:07.165603,Bambu_H2D_1,0948BB5B1600363,FINISH,1,Desconocido,100,10,10,49.0,43.0
2026-10-07T08:58:08.291400,Bambu_H2D_2,0948BB5B1601428,FINISH,1,Desconocido,100,10,10,51.0,44.0
2026-10-07T08:58:08.515458,Bambu_H2D_1,0948BB5B1600363,FINISH,1,Desconocido,100,10,10,49.0,43.0
2026-10-07T08:58:09.775365,Bambu_H2D_2,0948BB5B1601428,FINISH,1,Desconocido,100,10,10,51.0,44.0
2026-10-07T08:58:09.856520,Bambu_H2D_1,0948BB5B1600363,FINISH,1,Desconocido,100,10,10,49.0,43.0
2026-10-07T08:58:11.074667,Bambu_H2D_2,0948BB5B1601428,FINISH,1,Desconocido,100,10,10,51.0,44.0
2026-10-07T08:58:11.358882,Bambu_H2D_1,0948BB5B1600363,FINISH,1,Desconocido,100,10,10,49.0,43.0
2026-10-07T08:58:12.667760,Bambu_H2D_2,0948BB5B1601428,FINISH,1,Desconocido,100,10,10,51.0,44.0
2026-10-07T08:58:12.727605,Bambu_H2D_1,0948BB5B1600363,FINISH,1,Desconocido,100,10,10,49.0,43.0
2026-10-07T08:58:13.996721,Bambu_H2D_2,0948BB5B1601428,FINISH,1,Desconocido,100,10,10,51.0,44.0
2026-10-07T08:58:14.087949,Bambu_H2D_1,0948BB5B1600363,FINISH,1,Desconocido,100,10,10,49.0,43.0
2026-10-07T08:58:15.366099,Bambu_H2D_2,0948BB5B1601428,FINISH,1,Desconocido,100,10,10,50.0,44.0
2026-10-07T08:58:15.404389,Bambu_H2D_1,0948BB5B1600363,FINISH,1,Desconocido,100,10,10,49.0,43.0
2026-10-07T08:58:16.734101,Bambu_H2D_2,0948BB5B1601428,FINISH,1,Desconocido,100,10,10,50.0,44.0
2026-10-07T08:58:16.784102,Bambu_H2D_1,0948BB5B1600363,FINISH,1,Desconocido,100,10,10,48.0,43.0
2026-10-07T08:58:18.158485,Bambu_H2D_1,0948BB5B1600363,FINISH,1,Desconocido,100,10,10,48.0,43.0
2026-10-07T08:58:18.336590,Bambu_H2D_2,0948BB5B1601428,FINISH,1,Desconocido,100,10,10,50.0,44.0
2026-10-07T08:58:19.556331,Bambu_H2D_1,0948BB5B1600363,FINISH,1,Desconocido,100,10,10,48.0,43.0
2026-10-07T08:58:19.724560,Bambu_H2D_2,0948BB5B1601428,FINISH,1,Desconocido,100,10,10,50.0,44.0
2026-10-07T08:58:20.905904,Bambu_H2D_1,0948BB5B1600363,FINISH,1,Desconocido,100,10,10,48.0,43.0
2026-10-07T08:58:21.140421,Bambu_H2D_2,0948BB5B1601428,FINISH,1,Desconocido,100,10,10,50.0,44.0
2026-10-07T08:58:22.251259,Bambu_H2D_1,0948BB5B1600363,FINISH,1,Desconocido,100,10,10,48.0,43.0
2026-10-07T08:58:22.631342,Bambu_H2D_2,0948BB5B1601428,FINISH,1,Desconocido,100,10,10,50.0,44.0
2026-10-07T08:58:23.618354,Bambu_H2D_1,0948BB5B1600363,FINISH,1,Desconocido,100,10,10,48.0,43.0
2026-10-07T08:58:23.978787,Bambu_H2D_2,0948BB5B1601428,FINISH,1,Desconocido,100,10,10,50.0,44.0
2026-10-07T08:58:25.024308,Bambu_H2D_1,0948BB5B1600363,FINISH,1,Desconocido,100,10,10,48.0,43.0
2026-10-07T08:58:25.473602,Bambu_H2D_2,0948BB5B1601428,FINISH,1,Desconocido,100,10,10,50.0,43.0
2026-10-07T08:58:26.382823,Bambu_H2D_1,0948BB5B1600363,FINISH,1,Desconocido,100,10,10,48.0,43.0
2026-10-07T08:58:26.818960,Bambu_H2D_2,0948BB5B1601428,FINISH,1,Desconocido,100,10,10,50.0,43.0
2026-10-07T08:58:27.726509,Bambu_H2D_1,0948BB5B1600363,FINISH,1,Desconocido,100,10,10,48.0,43.0
2026-10-07T08:58:28.319878,Bambu_H2D_2,0948BB5B1601428,FINISH,1,Desconocido,100,10,10,49.0,43.0
2026-10-07T08:58:29.065771,Bambu_H2D_1,0948BB5B1600363,FINISH,1,Desconocido,100,10,10,48.0,43.0
2026-10-07T08:58:29.817024,Bambu_H2D_2,0948BB5B1601428,FINISH,1,Desconocido,100,10,10,49.0,43.0
2026-10-07T08:58:30.535939,Bambu_H2D_1,0948BB5B1600363,FINISH,1,Desconocido,100,10,10,48.0,43.0
2026-10-07T08:58:31.180416,Bambu_H2D_2,0948BB5B1601428,FINISH,1,Desconocido,100,10,10,49.0,43.0
2026-10-07T08:58:31.898198,Bambu_H2D_1,0948BB5B1600363,FINISH,1,Desconocido,100,10,10,48.0,43.0
2026-10-07T08:58:32.725400,Bambu_H2D_2,0948BB5B1601428,FINISH,1,Desconocido,100,10,10,49.0,43.0
2026-10-07T08:58:33.263513,Bambu_H2D_1,0948BB5B1600363,FINISH,1,Desconocido,100,10,10,47.0,43.0
2026-10-07T08:58:34.055194,Bambu_H2D_2,0948BB5B1601428,FINISH,1,Desconocido,100,10,10,49.0,43.0
2026-10-07T08:58:34.621403,Bambu_H2D_1,0948BB5B1600363,FINISH,1,Desconocido,100,10,10,47.0,43.0
2026-10-07T08:58:35.398380,Bambu_H2D_2,0948BB5B1601428,FINISH,1,Desconocido,100,10,10,49.0,43.0
2026-10-07T08:58:35.960679,Bambu_H2D_1,0948BB5B1600363,FINISH,1,Desconocido,100,10,10,47.0,43.0
2026-10-07T08:58:36.761839,Bambu_H2D_2,0948BB5B1601428,FINISH,1,Desconocido,100,10,10,49.0,43.0
2026-10-07T08:58:37.373876,Bambu_H2D_1,0948BB5B1600363,FINISH,1,Desconocido,100,10,10,47.0,43.0
2026-10-07T08:58:38.390892,Bambu_H2D_2,0948BB5B1601428,FINISH,1,Desconocido,100,10,10,49.0,43.0
2026-10-07T08:58:38.809074,Bambu_H2D_1,0948BB5B1600363,FINISH,1,Desconocido,100,10,10,47.0,43.0
2026-10-07T08:58:39.817615,Bambu_H2D_2,0948BB5B1601428,FINISH,1,Desconocido,100,10,10,49.0,43.0
2026-10-07T08:58:40.146806,Bambu_H2D_1,0948BB5B1600363,FINISH,1,Desconocido,100,10,10,47.0,43.0
2026-10-07T08:58:41.168506,Bambu_H2D_2,0948BB5B1601428,FINISH,1,Desconocido,100,10,10,48.0,43.0
2026-10-07T08:58:41.481667,Bambu_H2D_1,0948BB5B1600363,FINISH,1,Desconocido,100,10,10,47.0,43.0
2026-10-07T08:58:42.710876,Bambu_H2D_2,0948BB5B1601428,FINISH,1,Desconocido,100,10,10,48.0,43.0
2026-10-07T08:58:42.922404,Bambu_H2D_1,0948BB5B1600363,FINISH,1,Desconocido,100,10,10,47.0,43.0
2026-10-07T08:58:44.053549,Bambu_H2D_2,0948BB5B1601428,FINISH,1,Desconocido,100,10,10,48.0,43.0
2026-10-07T08:58:44.322487,Bambu_H2D_1,0948BB5B1600363,FINISH,1,Desconocido,100,10,10,47.0,43.0
2026-10-07T08:58:45.479060,Bambu_H2D_2,0948BB5B1601428,FINISH,1,Desconocido,100,10,10,48.0,43.0
2026-10-07T08:58:45.640114,Bambu_H2D_1,0948BB5B1600363,FINISH,1,Desconocido,100,10,10,47.0,43.0
2026-10-07T08:58:46.794425,Bambu_H2D_2,0948BB5B1601428,FINISH,1,Desconocido,100,10,10,48.0,43.0
2026-10-07T08:58:47.052952,Bambu_H2D_1,0948BB5B1600363,FINISH,1,Desconocido,100,10,10,47.0,43.0
2026-10-07T08:58:48.303088,Bambu_H2D_2,0948BB5B1601428,FINISH,1,Desconocido,100,10,10,48.0,43.0
2026-10-07T08:58:48.401670,Bambu_H2D_1,0948BB5B1600363,FINISH,1,Desconocido,100,10,10,47.0,43.0
2026-10-07T08:58:49.706466,Bambu_H2D_2,0948BB5B1601428,FINISH,1,Desconocido,100,10,10,48.0,43.0
2026-10-07T08:58:49.799928,Bambu_H2D_1,0948BB5B1600363,FINISH,1,Desconocido,100,10,10,47.0,43.0
2026-10-07T08:58:51.064008,Bambu_H2D_2,0948BB5B1601428,FINISH,1,Desconocido,100,10,10,48.0,43.0
2026-10-07T08:58:51.285508,Bambu_H2D_1,0948BB5B1600363,FINISH,1,Desconocido,100,10,10,46.0,43.0
2026-10-07T08:58:52.629932,Bambu_H2D_2,0948BB5B1601428,FINISH,1,Desconocido,100,10,10,48.0,43.0
2026-10-07T08:58:52.632010,Bambu_H2D_1,0948BB5B1600363,FINISH,1,Desconocido,100,10,10,46.0,43.0
2026-10-07T08:58:53.985925,Bambu_H2D_2,0948BB5B1601428,FINISH,1,Desconocido,100,10,10,48.0,43.0
2026-10-07T08:58:53.987148,Bambu_H2D_1,0948BB5B1600363,FINISH,1,Desconocido,100,10,10,46.0,43.0
2026-10-07T08:58:55.349225,Bambu_H2D_2,0948BB5B1601428,FINISH,1,Desconocido,100,10,10,48.0,43.0
2026-10-07T08:58:55.350806,Bambu_H2D_1,0948BB5B1600363,FINISH,1,Desconocido,100,10,10,46.0,43.0
2026-10-07T08:58:56.669816,Bambu_H2D_1,0948BB5B1600363,FINISH,1,Desconocido,100,10,10,46.0,43.0
2026-10-07T08:58:56.671023,Bambu_H2D_2,0948BB5B1601428,FINISH,1,Desconocido,100,10,10,47.0,43.0
2026-10-07T08:58:58.039171,Bambu_H2D_1,0948BB5B1600363,FINISH,1,Desconocido,100,10,10,46.0,43.0
2026-10-07T08:58:58.211108,Bambu_H2D_2,0948BB5B1601428,FINISH,1,Desconocido,100,10,10,47.0,43.0
2026-10-07T08:58:59.383111,Bambu_H2D_1,0948BB5B1600363,FINISH,1,Desconocido,100,10,10,46.0,43.0
2026-10-07T08:58:59.639124,Bambu_H2D_2,0948BB5B1601428,FINISH,1,Desconocido,100,10,10,47.0,43.0
2026-10-07T08:59:00.724313,Bambu_H2D_1,0948BB5B1600363,FINISH,1,Desconocido,100,10,10,46.0,43.0
2026-10-07T08:59:01.034857,Bambu_H2D_2,0948BB5B1601428,FINISH,1,Desconocido,100,10,10,47.0,43.0
2026-10-07T08:59:02.243435,Bambu_H2D_1,0948BB5B1600363,FINISH,1,Desconocido,100,10,10,46.0,43.0
2026-10-07T08:59:02.551332,Bambu_H2D_2,0948BB5B1601428,FINISH,1,Desconocido,100,10,10,47.0,43.0
2026-10-07T08:59:03.651804,Bambu_H2D_1,0948BB5B1600363,FINISH,1,Desconocido,100,10,10,46.0,43.0
2026-10-07T08:59:03.905154,Bambu_H2D_2,0948BB5B1601428,FINISH,1,Desconocido,100,10,10,47.0,43.0
2026-10-07T08:59:04.991517,Bambu_H2D_1,0948BB5B1600363,FINISH,1,Desconocido,100,10,10,46.0,43.0
2026-10-07T08:59:05.387959,Bambu_H2D_2,0948BB5B1601428,FINISH,1,Desconocido,100,10,10,47.0,43.0
2026-10-07T08:59:06.334995,Bambu_H2D_1,0948BB5B1600363,FINISH,1,Desconocido,100,10,10,46.0,43.0
2026-10-07T08:59:06.754677,Bambu_H2D_2,0948BB5B1601428,FINISH,1,Desconocido,100,10,10,47.0,43.0
2026-10-07T08:59:07.693852,Bambu_H2D_1,0948BB5B1600363,FINISH,1,Desconocido,100,10,10,46.0,43.0
2026-10-07T08:59:08.298970,Bambu_H2D_2,0948BB5B1601428,FINISH,1,Desconocido,100,10,10,47.0,43.0
2026-10-07T08:59:09.040141,Bambu_H2D_1,0948BB5B1600363,FINISH,1,Desconocido,100,10,10,46.0,43.0
2026-10-07T08:59:09.786275,Bambu_H2D_2,0948BB5B1601428,FINISH,1,Desconocido,100,10,10,47.0,43.0
2026-10-07T08:59:10.431656,Bambu_H2D_1,0948BB5B1600363,FINISH,1,Desconocido,100,10,10,46.0,42.0
2026-10-07T08:59:11.156554,Bambu_H2D_2,0948BB5B1601428,FINISH,1,Desconocido,100,10,10,47.0,43.0
2026-10-07T08:59:11.834535,Bambu_H2D_1,0948BB5B1600363,FINISH,1,Desconocido,100,10,10,46.0,42.0
2026-10-07T08:59:12.695942,Bambu_H2D_2,0948BB5B1601428,FINISH,1,Desconocido,100,10,10,47.0,43.0
2026-10-07T08:59:13.169079,Bambu_H2D_1,0948BB5B1600363,FINISH,1,Desconocido,100,10,10,46.0,42.0
2026-10-07T08:59:14.017459,Bambu_H2D_2,0948BB5B1601428,FINISH,1,Desconocido,100,10,10,46.0,43.0
2026-10-07T08:59:14.525439,Bambu_H2D_1,0948BB5B1600363,FINISH,1,Desconocido,100,10,10,45.0,42.0
2026-10-07T08:59:15.428604,Bambu_H2D_2,0948BB5B1601428,FINISH,1,Desconocido,100,10,10,46.0,43.0
2026-10-07T08:59:15.869355,Bambu_H2D_1,0948BB5B1600363,FINISH,1,Desconocido,100,10,10,45.0,42.0
2026-10-07T08:59:16.734729,Bambu_H2D_2,0948BB5B1601428,FINISH,1,Desconocido,100,10,10,46.0,43.0
2026-10-07T08:59:17.246851,Bambu_H2D_1,0948BB5B1600363,FINISH,1,Desconocido,100,10,10,45.0,42.0
2026-10-07T08:59:18.362276,Bambu_H2D_2,0948BB5B1601428,FINISH,1,Desconocido,100,10,10,46.0,43.0
2026-10-07T08:59:18.713828,Bambu_H2D_1,0948BB5B1600363,FINISH,1,Desconocido,100,10,10,45.0,42.0
2026-10-07T08:59:19.798794,Bambu_H2D_2,0948BB5B1601428,FINISH,1,Desconocido,100,10,10,46.0,43.0
2026-10-07T08:59:20.043207,Bambu_H2D_1,0948BB5B1600363,FINISH,1,Desconocido,100,10,10,45.0,42.0
2026-10-07T08:59:21.136625,Bambu_H2D_2,0948BB5B1601428,FINISH,1,Desconocido,100,10,10,46.0,43.0
2026-10-07T08:59:21.401687,Bambu_H2D_1,0948BB5B1600363,FINISH,1,Desconocido,100,10,10,45.0,42.0
2026-10-07T08:59:22.618908,Bambu_H2D_2,0948BB5B1601428,FINISH,1,Desconocido,100,10,10,46.0,43.0
2026-10-07T08:59:22.812522,Bambu_H2D_1,0948BB5B1600363,FINISH,1,Desconocido,100,10,10,45.0,42.0
2026-10-07T08:59:23.960422,Bambu_H2D_2,0948BB5B1601428,FINISH,1,Desconocido,100,10,10,46.0,43.0
2026-10-07T08:59:24.214739,Bambu_H2D_1,0948BB5B1600363,FINISH,1,Desconocido,100,10,10,45.0,42.0
2026-10-07T08:59:25.377474,Bambu_H2D_2,0948BB5B1601428,FINISH,1,Desconocido,100,10,10,46.0,43.0
2026-10-07T08:59:25.557572,Bambu_H2D_1,0948BB5B1600363,FINISH,1,Desconocido,100,10,10,45.0,42.0
2026-10-07T08:59:26.752456,Bambu_H2D_2,0948BB5B1601428,FINISH,1,Desconocido,100,10,10,46.0,43.0
2026-10-07T08:59:26.970782,Bambu_H2D_1,0948BB5B1600363,FINISH,1,Desconocido,100,10,10,45.0,42.0
2026-10-07T08:59:28.235997,Bambu_H2D_2,0948BB5B1601428,FINISH,1,Desconocido,100,10,10,46.0,43.0
2026-10-07T08:59:28.323547,Bambu_H2D_1,0948BB5B1600363,FINISH,1,Desconocido,100,10,10,45.0,42.0
2026-10-07T08:59:29.652258,Bambu_H2D_2,0948BB5B1601428,FINISH,1,Desconocido,100,10,10,46.0,42.0
2026-10-07T08:59:29.739561,Bambu_H2D_1,0948BB5B1600363,FINISH,1,Desconocido,100,10,10,45.0,42.0
2026-10-07T08:59:31.018742,Bambu_H2D_2,0948BB5B1601428,FINISH,1,Desconocido,100,10,10,46.0,42.0
2026-10-07T08:59:31.231980,Bambu_H2D_1,0948BB5B1600363,FINISH,1,Desconocido,100,10,10,45.0,42.0
2026-10-07T08:59:32.556978,Bambu_H2D_1,0948BB5B1600363,FINISH,1,Desconocido,100,10,10,45.0,42.0
2026-10-07T08:59:32.578435,Bambu_H2D_2,0948BB5B1601428,FINISH,1,Desconocido,100,10,10,45.0,42.0
2026-10-07T08:59:33.898627,Bambu_H2D_1,0948BB5B1600363,FINISH,1,Desconocido,100,10,10,45.0,42.0
2026-10-07T08:59:33.914693,Bambu_H2D_2,0948BB5B1601428,FINISH,1,Desconocido,100,10,10,45.0,42.0
2026-10-07T08:59:35.267331,Bambu_H2D_1,0948BB5B1600363,FINISH,1,Desconocido,100,10,10,45.0,42.0
2026-10-07T08:59:35.268248,Bambu_H2D_2,0948BB5B1601428,FINISH,1,Desconocido,100,10,10,45.0,42.0
2026-10-07T08:59:36.624608,Bambu_H2D_2,0948BB5B1601428,FINISH,1,Desconocido,100,10,10,45.0,42.0
2026-10-07T08:59:36.643482,Bambu_H2D_1,0948BB5B1600363,FINISH,1,Desconocido,100,10,10,45.0,42.0
2026-10-07T08:59:37.995295,Bambu_H2D_1,0948BB5B1600363,FINISH,1,Desconocido,100,10,10,45.0,42.0
2026-10-07T08:59:38.121267,Bambu_H2D_2,0948BB5B1601428,FINISH,1,Desconocido,100,10,10,45.0,42.0
2026-10-07T08:59:39.340606,Bambu_H2D_1,0948BB5B1600363,FINISH,1,Desconocido,100,10,10,44.0,42.0
2026-10-07T08:59:39.522824,Bambu_H2D_2,0948BB5B1601428,FINISH,1,Desconocido,100,10,10,45.0,42.0
2026-10-07T08:59:40.681196,Bambu_H2D_1,0948BB5B1600363,FINISH,1,Desconocido,100,10,10,44.0,42.0
2026-10-07T08:59:40.893793,Bambu_H2D_2,0948BB5B1601428,FINISH,1,Desconocido,100,10,10,45.0,42.0
2026-10-07T08:59:42.030868,Bambu_H2D_1,0948BB5B1600363,FINISH,1,Desconocido,100,10,10,44.0,42.0
2026-10-07T08:59:42.224658,Bambu_H2D_2,0948BB5B1601428,FINISH,1,Desconocido,100,10,10,45.0,42.0
2026-10-07T08:59:43.372784,Bambu_H2D_1,0948BB5B1600363,FINISH,1,Desconocido,100,10,10,44.0,42.0
2026-10-07T08:59:43.716654,Bambu_H2D_2,0948BB5B1601428,FINISH,1,Desconocido,100,10,10,45.0,42.0
2026-10-07T08:59:44.756305,Bambu_H2D_1,0948BB5B1600363,FINISH,1,Desconocido,100,10,10,44.0,42.0
2026-10-07T08:59:45.140074,Bambu_H2D_2,0948BB5B1601428,FINISH,1,Desconocido,100,10,10,45.0,42.0
2026-10-07T08:59:46.158998,Bambu_H2D_1,0948BB5B1600363,FINISH,1,Desconocido,100,10,10,44.0,42.0
2026-10-07T08:59:46.540030,Bambu_H2D_2,0948BB5B1601428,FINISH,1,Desconocido,100,10,10,45.0,42.0
2026-10-07T08:59:47.512540,Bambu_H2D_1,0948BB5B1600363,FINISH,1,Desconocido,100,10,10,44.0,42.0
2026-10-07T08:59:47.913777,Bambu_H2D_2,0948BB5B1601428,FINISH,1,Desconocido,100,10,10,45.0,42.0
2026-10-07T08:59:48.842869,Bambu_H2D_1,0948BB5B1600363,FINISH,1,Desconocido,100,10,10,44.0,42.0
2026-10-07T08:59:49.451324,Bambu_H2D_2,0948BB5B1601428,FINISH,1,Desconocido,100,10,10,45.0,42.0
2026-10-07T08:59:50.301348,Bambu_H2D_1,0948BB5B1600363,FINISH,1,Desconocido,100,10,10,44.0,42.0
2026-10-07T08:59:50.741191,Bambu_H2D_2,0948BB5B1601428,FINISH,1,Desconocido,100,10,10,45.0,42.0
2026-10-07T08:59:51.713435,Bambu_H2D_1,0948BB5B1600363,FINISH,1,Desconocido,100,10,10,44.0,42.0
2026-10-07T08:59:52.131796,Bambu_H2D_2,0948BB5B1601428,FINISH,1,Desconocido,100,10,10,45.0,42.0
2026-10-07T08:59:53.042614,Bambu_H2D_1,0948BB5B1600363,FINISH,1,Desconocido,100,10,10,44.0,42.0
2026-10-07T08:59:53.657466,Bambu_H2D_2,0948BB5B1601428,FINISH,1,Desconocido,100,10,10,45.0,42.0
2026-10-07T08:59:54.483552,Bambu_H2D_1,0948BB5B1600363,FINISH,1,Desconocido,100,10,10,44.0,42.0
2026-10-07T08:59:55.002344,Bambu_H2D_2,0948BB5B1601428,FINISH,1,Desconocido,100,10,10,45.0,42.0
2026-10-07T08:59:55.822201,Bambu_H2D_1,0948BB5B1600363,FINISH,1,Desconocido,100,10,10,44.0,42.0
2026-10-07T08:59:56.342850,Bambu_H2D_2,0948BB5B1601428,FINISH,1,Desconocido,100,10,10,45.0,42.0
2026-10-07T08:59:57.222372,Bambu_H2D_1,0948BB5B1600363,FINISH,1,Desconocido,100,10,10,44.0,42.0
2026-10-07T08:59:57.705809,Bambu_H2D_2,0948BB5B1601428,FINISH,1,Desconocido,100,10,10,45.0,42.0
2026-10-07T08:59:58.667376,Bambu_H2D_1,0948BB5B1600363,FINISH,1,Desconocido,100,10,10,44.0,42.0
2026-10-07T08:59:59.268873,Bambu_H2D_2,0948BB5B1601428,FINISH,1,Desconocido,100,10,10,44.0,42.0
2026-10-07T08:59:59.998216,Bambu_H2D_1,0948BB5B1600363,FINISH,1,Desconocido,100,10,10,44.0,42.0
2026-10-07T09:00:00.620334,Bambu_H2D_2,0948BB5B1601428,FINISH,1,Desconocido,100,10,10,44.0,42.0
2026-10-07T09:00:01.355522,Bambu_H2D_1,0948BB5B1600363,FINISH,1,Desconocido,100,10,10,44.0,42.0
2026-10-07T09:00:01.981024,Bambu_H2D_2,0948BB5B1601428,FINISH,1,Desconocido,100,10,10,44.0,42.0
2026-10-07T09:00:02.728188,Bambu_H2D_1,0948BB5B1600363,FINISH,1,Desconocido,100,10,10,44.0,42.0
2026-10-07T09:00:03.320910,Bambu_H2D_2,0948BB5B1601428,FINISH,1,Desconocido,100,10,10,44.0,42.0
2026-10-07T09:00:04.146388,Bambu_H2D_1,0948BB5B1600363,FINISH,1,Desconocido,100,10,10,43.0,42.0
2026-10-07T09:00:04.816666,Bambu_H2D_2,0948BB5B1601428,FINISH,1,Desconocido,100,10,10,44.0,42.0
2026-10-07T09:00:05.496848,Bambu_H2D_1,0948BB5B1600363,FINISH,1,Desconocido,100,10,10,44.0,42.0
2026-10-07T09:00:06.226237,Bambu_H2D_2,0948BB5B1601428,FINISH,1,Desconocido,100,10,10,44.0,42.0
2026-10-07T09:00:06.856583,Bambu_H2D_1,0948BB5B1600363,FINISH,1,Desconocido,100,10,10,43.0,42.0
2026-10-07T09:00:07.590695,Bambu_H2D_2,0948BB5B1601428,FINISH,1,Desconocido,100,10,10,44.0,42.0
2026-10-07T09:00:08.196111,Bambu_H2D_1,0948BB5B1600363,FINISH,1,Desconocido,100,10,10,43.0,42.0
2026-10-07T09:00:08.971100,Bambu_H2D_2,0948BB5B1601428,FINISH,1,Desconocido,100,10,10,44.0,42.0
2026-10-07T09:00:09.628301,Bambu_H2D_1,0948BB5B1600363,FINISH,1,Desconocido,100,10,10,43.0,42.0
2026-10-07T09:00:10.441874,Bambu_H2D_2,0948BB5B1601428,FINISH,1,Desconocido,100,10,10,44.0,42.0
2026-10-07T09:00:10.982493,Bambu_H2D_1,0948BB5B1600363,FINISH,1,Desconocido,100,10,10,43.0,42.0
2026-10-07T09:00:11.819725,Bambu_H2D_2,0948BB5B1601428,FINISH,1,Desconocido,100,10,10,44.0,42.0
2026-10-07T09:00:12.339638,Bambu_H2D_1,0948BB5B1600363,FINISH,1,Desconocido,100,10,10,43.0,42.0
2026-10-07T09:00:13.234438,Bambu_H2D_2,0948BB5B1601428,FINISH,1,Desconocido,100,10,10,44.0,42.0
2026-10-07T09:00:13.695067,Bambu_H2D_1,0948BB5B1600363,FINISH,1,Desconocido,100,10,10,43.0,42.0
2026-10-07T09:00:14.774167,Bambu_H2D_2,0948BB5B1601428,FINISH,1,Desconocido,100,10,10,44.0,42.0
2026-10-07T09:00:15.041028,Bambu_H2D_1,0948BB5B1600363,FINISH,1,Desconocido,100,10,10,43.0,42.0
2026-10-07T09:00:16.119162,Bambu_H2D_2,0948BB5B1601428,FINISH,1,Desconocido,100,10,10,44.0,42.0
2026-10-07T09:00:16.388847,Bambu_H2D_1,0948BB5B1600363,FINISH,1,Desconocido,100,10,10,43.0,42.0
2026-10-07T09:00:17.481810,Bambu_H2D_2,0948BB5B1601428,FINISH,1,Desconocido,100,10,10,44.0,42.0
2026-10-07T09:00:17.852365,Bambu_H2D_1,0948BB5B1600363,FINISH,1,Desconocido,100,10,10,43.0,42.0
2026-10-07T09:00:18.862014,Bambu_H2D_2,0948BB5B1601428,FINISH,1,Desconocido,100,10,10,44.0,42.0
2026-10-07T09:00:19.183089,Bambu_H2D_1,0948BB5B1600363,FINISH,1,Desconocido,100,10,10,43.0,42.0
2026-10-07T09:00:20.382959,Bambu_H2D_2,0948BB5B1601428,FINISH,1,Desconocido,100,10,10,44.0,42.0
2026-10-07T09:00:20.538566,Bambu_H2D_1,0948BB5B1600363,FINISH,1,Desconocido,100,10,10,43.0,42.0
2026-10-07T09:00:21.759966,Bambu_H2D_2,0948BB5B1601428,FINISH,1,Desconocido,100,10,10,44.0,42.0
2026-10-07T09:00:21.972868,Bambu_H2D_1,0948BB5B1600363,FINISH,1,Desconocido,100,10,10,43.0,42.0
2026-10-07T09:00:23.058524,Bambu_H2D_2,0948BB5B1601428,FINISH,1,Desconocido,100,10,10,43.0,42.0
2026-10-07T09:00:23.308311,Bambu_H2D_1,0948BB5B1600363,FINISH,1,Desconocido,100,10,10,43.0,41.0
2026-10-07T09:00:24.550116,Bambu_H2D_2,0948BB5B1601428,FINISH,1,Desconocido,100,10,10,43.0,42.0
2026-10-07T09:00:24.721464,Bambu_H2D_1,0948BB5B1600363,FINISH,1,Desconocido,100,10,10,43.0,41.0
2026-10-07T09:00:25.991926,Bambu_H2D_2,0948BB5B1601428,FINISH,1,Desconocido,100,10,10,43.0,42.0
2026-10-07T09:00:26.145491,Bambu_H2D_1,0948BB5B1600363,FINISH,1,Desconocido,100,10,10,43.0,41.0
2026-10-07T09:00:27.329869,Bambu_H2D_2,0948BB5B1601428,FINISH,1,Desconocido,100,10,10,43.0,42.0
2026-10-07T09:00:27.497457,Bambu_H2D_1,0948BB5B1600363,FINISH,1,Desconocido,100,10,10,43.0,41.0
2026-10-07T09:00:28.676616,Bambu_H2D_2,0948BB5B1601428,FINISH,1,Desconocido,100,10,10,43.0,42.0
2026-10-07T09:00:28.828380,Bambu_H2D_1,0948BB5B1600363,FINISH,1,Desconocido,100,10,10,43.0,41.0
2026-10-07T09:00:30.188662,Bambu_H2D_2,0948BB5B1601428,FINISH,1,Desconocido,100,10,10,43.0,42.0
2026-10-07T09:00:30.239588,Bambu_H2D_1,0948BB5B1600363,FINISH,1,Desconocido,100,10,10,43.0,41.0
2026-10-07T09:00:31.525769,Bambu_H2D_2,0948BB5B1601428,FINISH,1,Desconocido,100,10,10,43.0,42.0
2026-10-07T09:00:31.645358,Bambu_H2D_1,0948BB5B1600363,FINISH,1,Desconocido,100,10,10,43.0,41.0
2026-10-07T09:00:32.926819,Bambu_H2D_2,0948BB5B1601428,FINISH,1,Desconocido,100,10,10,43.0,42.0
2026-10-07T09:00:32.976155,Bambu_H2D_1,0948BB5B1600363,FINISH,1,Desconocido,100,10,10,43.0,41.0
2026-10-07T09:00:34.267837,Bambu_H2D_2,0948BB5B1601428,FINISH,1,Desconocido,100,10,10,43.0,42.0
2026-10-07T09:00:34.327046,Bambu_H2D_1,0948BB5B1600363,FINISH,1,Desconocido,100,10,10,43.0,41.0
2026-10-07T09:00:35.665193,Bambu_H2D_1,0948BB5B1600363,FINISH,1,Desconocido,100,10,10,42.0,41.0
2026-10-07T09:00:35.783600,Bambu_H2D_2,0948BB5B1601428,FINISH,1,Desconocido,100,10,10,43.0,42.0
2026-10-07T09:00:36.999229,Bambu_H2D_1,0948BB5B1600363,FINISH,1,Desconocido,100,10,10,42.0,41.0
2026-10-07T09:00:37.144492,Bambu_H2D_2,0948BB5B1601428,FINISH,1,Desconocido,100,10,10,43.0,42.0
2026-10-07T09:00:38.385146,Bambu_H2D_1,0948BB5B1600363,FINISH,1,Desconocido,100,10,10,42.0,41.0
2026-10-07T09:00:38.532548,Bambu_H2D_2,0948BB5B1601428,FINISH,1,Desconocido,100,10,10,43.0,42.0
2026-10-07T09:00:39.778722,Bambu_H2D_1,0948BB5B1600363,FINISH,1,Desconocido,100,10,10,42.0,41.0
2026-10-07T09:00:39.966397,Bambu_H2D_2,0948BB5B1601428,FINISH,1,Desconocido,100,10,10,43.0,42.0
2026-10-07T09:00:41.131122,Bambu_H2D_1,0948BB5B1600363,FINISH,1,Desconocido,100,10,10,42.0,41.0
2026-10-07T09:00:41.451139,Bambu_H2D_2,0948BB5B1601428,FINISH,1,Desconocido,100,10,10,43.0,41.0
2026-10-07T09:00:42.514632,Bambu_H2D_1,0948BB5B1600363,FINISH,1,Desconocido,100,10,10,42.0,41.0
2026-10-07T09:00:42.829008,Bambu_H2D_2,0948BB5B1601428,FINISH,1,Desconocido,100,10,10,43.0,41.0
2026-10-07T09:00:43.874919,Bambu_H2D_1,0948BB5B1600363,FINISH,1,Desconocido,100,10,10,42.0,41.0
2026-10-07T09:00:44.166565,Bambu_H2D_2,0948BB5B1601428,FINISH,1,Desconocido,100,10,10,43.0,41.0
2026-10-07T09:00:45.294892,Bambu_H2D_1,0948BB5B1600363,FINISH,1,Desconocido,100,10,10,42.0,41.0
2026-10-07T09:00:45.720070,Bambu_H2D_2,0948BB5B1601428,FINISH,1,Desconocido,100,10,10,43.0,41.0
2026-10-07T09:00:46.673369,Bambu_H2D_1,0948BB5B1600363,FINISH,1,Desconocido,100,10,10,42.0,41.0
2026-10-07T09:00:47.096553,Bambu_H2D_2,0948BB5B1601428,FINISH,1,Desconocido,100,10,10,43.0,41.0
2026-10-07T09:00:47.985140,Bambu_H2D_1,0948BB5B1600363,FINISH,1,Desconocido,100,10,10,42.0,41.0
2026-10-07T09:00:48.559139,Bambu_H2D_2,0948BB5B1601428,FINISH,1,Desconocido,100,10,10,42.0,41.0
2026-10-07T09:00:49.391124,Bambu_H2D_1,0948BB5B1600363,FINISH,1,Desconocido,100,10,10,42.0,41.0
2026-10-07T09:00:49.900270,Bambu_H2D_2,0948BB5B1601428,FINISH,1,Desconocido,100,10,10,42.0,41.0
2026-10-07T09:00:50.794800,Bambu_H2D_1,0948BB5B1600363,FINISH,1,Desconocido,100,10,10,42.0,41.0
2026-10-07T09:00:51.401050,Bambu_H2D_2,0948BB5B1601428,FINISH,1,Desconocido,100,10,10,42.0,41.0
2026-10-07T09:00:52.177613,Bambu_H2D_1,0948BB5B1600363,FINISH,1,Desconocido,100,10,10,42.0,41.0
2026-10-07T09:00:52.899588,Bambu_H2D_2,0948BB5B1601428,FINISH,1,Desconocido,100,10,10,42.0,41.0
2026-10-07T09:00:53.557116,Bambu_H2D_1,0948BB5B1600363,FINISH,1,Desconocido,100,10,10,42.0,41.0
2026-10-07T09:00:54.238193,Bambu_H2D_2,0948BB5B1601428,FINISH,1,Desconocido,100,10,10,42.0,41.0
2026-10-07T09:00:54.915630,Bambu_H2D_1,0948BB5B1600363,FINISH,1,Desconocido,100,10,10,42.0,41.0
2026-10-07T09:00:55.770859,Bambu_H2D_2,0948BB5B1601428,FINISH,1,Desconocido,100,10,10,42.0,41.0
2026-10-07T09:00:56.266614,Bambu_H2D_1,0948BB5B1600363,FINISH,1,Desconocido,100,10,10,42.0,41.0
2026-10-07T09:00:57.155884,Bambu_H2D_2,0948BB5B1601428,FINISH,1,Desconocido,100,10,10,42.0,41.0
2026-10-07T09:00:57.744074,Bambu_H2D_1,0948BB5B1600363,FINISH,1,Desconocido,100,10,10,42.0,41.0
2026-10-07T09:00:58.518395,Bambu_H2D_2,0948BB5B1601428,FINISH,1,Desconocido,100,10,10,42.0,41.0
2026-10-07T09:00:59.076042,Bambu_H2D_1,0948BB5B1600363,FINISH,1,Desconocido,100,10,10,42.0,41.0
2026-10-07T09:00:59.906306,Bambu_H2D_2,0948BB5B1601428,FINISH,1,Desconocido,100,10,10,42.0,41.0
2026-10-07T09:01:00.440227,Bambu_H2D_1,0948BB5B1600363,FINISH,1,Desconocido,100,10,10,42.0,41.0
2026-10-07T09:01:01.471295,Bambu_H2D_2,0948BB5B1601428,FINISH,1,Desconocido,100,10,10,42.0,41.0
2026-10-07T09:01:01.862651,Bambu_H2D_1,0948BB5B1600363,FINISH,1,Desconocido,100,10,10,41.0,41.0
2026-10-07T09:01:02.812759,Bambu_H2D_2,0948BB5B1601428,FINISH,1,Desconocido,100,10,10,42.0,41.0
2026-10-07T09:01:03.193062,Bambu_H2D_1,0948BB5B1600363,FINISH,1,Desconocido,100,10,10,41.0,41.0
2026-10-07T09:01:04.158341,Bambu_H2D_2,0948BB5B1601428,FINISH,1,Desconocido,100,10,10,42.0,41.0
2026-10-07T09:01:04.594490,Bambu_H2D_1,0948BB5B1600363,FINISH,1,Desconocido,100,10,10,41.0,41.0
2026-10-07T09:01:05.806258,Bambu_H2D_2,0948BB5B1601428,FINISH,1,Desconocido,100,10,10,42.0,41.0
2026-10-07T09:01:06.017449,Bambu_H2D_1,0948BB5B1600363,FINISH,1,Desconocido,100,10,10,41.0,41.0
2026-10-07T09:01:07.167759,Bambu_H2D_2,0948BB5B1601428,FINISH,1,Desconocido,100,10,10,42.0,41.0
2026-10-07T09:01:07.372195,Bambu_H2D_1,0948BB5B1600363,FINISH,1,Desconocido,100,10,10,41.0,41.0
2026-10-07T09:01:08.535217,Bambu_H2D_2,0948BB5B1601428,FINISH,1,Desconocido,100,10,10,42.0,41.0
2026-10-07T09:01:08.709975,Bambu_H2D_1,0948BB5B1600363,FINISH,1,Desconocido,100,10,10,41.0,41.0
2026-10-07T09:01:09.895174,Bambu_H2D_2,0948BB5B1601428,FINISH,1,Desconocido,100,10,10,42.0,41.0
2026-10-07T09:01:10.050599,Bambu_H2D_1,0948BB5B1600363,FINISH,1,Desconocido,100,10,10,41.0,41.0
2026-10-07T09:01:11.404032,Bambu_H2D_2,0948BB5B1601428,FINISH,1,Desconocido,100,10,10,42.0,41.0
2026-10-07T09:01:11.439727,Bambu_H2D_1,0948BB5B1600363,FINISH,1,Desconocido,100,10,10,41.0,41.0
2026-10-07T09:01:12.776833,Bambu_H2D_1,0948BB5B1600363,FINISH,1,Desconocido,100,10,10,41.0,41.0
2026-10-07T09:01:12.840420,Bambu_H2D_2,0948BB5B1601428,FINISH,1,Desconocido,100,10,10,42.0,41.0
2026-10-07T09:01:14.145281,Bambu_H2D_1,0948BB5B1600363,FINISH,1,Desconocido,100,10,10,41.0,41.0
2026-10-07T09:01:14.184120,Bambu_H2D_2,0948BB5B1601428,FINISH,1,Desconocido,100,10,10,42.0,41.0
2026-10-07T09:01:15.533818,Bambu_H2D_1,0948BB5B1600363,FINISH,1,Desconocido,100,10,10,41.0,41.0
2026-10-07T09:01:15.698497,Bambu_H2D_2,0948BB5B1601428,FINISH,1,Desconocido,100,10,10,42.0,41.0
2026-10-07T09:01:16.836681,Bambu_H2D_1,0948BB5B1600363,FINISH,1,Desconocido,100,10,10,41.0,41.0
2026-10-07T09:01:17.035472,Bambu_H2D_2,0948BB5B1601428,FINISH,1,Desconocido,100,10,10,42.0,41.0
2026-10-07T09:01:18.218555,Bambu_H2D_1,0948BB5B1600363,FINISH,1,Desconocido,100,10,10,41.0,41.0
2026-10-07T09:01:18.387055,Bambu_H2D_2,0948BB5B1601428,FINISH,1,Desconocido,100,10,10,41.0,41.0
2026-10-07T09:01:19.634293,Bambu_H2D_1,0948BB5B1600363,FINISH,1,Desconocido,100,10,10,41.0,41.0
2026-10-07T09:01:19.827742,Bambu_H2D_2,0948BB5B1601428,FINISH,1,Desconocido,100,10,10,41.0,41.0
2026-10-07T09:01:20.975686,Bambu_H2D_1,0948BB5B1600363,FINISH,1,Desconocido,100,10,10,41.0,41.0
2026-10-07T09:01:21.310757,Bambu_H2D_2,0948BB5B1601428,FINISH,1,Desconocido,100,10,10,41.0,41.0
2026-10-07T09:01:22.304948,Bambu_H2D_1,0948BB5B1600363,FINISH,1,Desconocido,100,10,10,41.0,41.0
2026-10-07T09:01:22.655733,Bambu_H2D_2,0948BB5B1601428,FINISH,1,Desconocido,100,10,10,41.0,41.0
2026-10-07T09:01:23.650909,Bambu_H2D_1,0948BB5B1600363,FINISH,1,Desconocido,100,10,10,41.0,41.0
2026-10-07T09:01:24.021756,Bambu_H2D_2,0948BB5B1601428,FINISH,1,Desconocido,100,10,10,41.0,41.0
2026-10-07T09:01:25.149224,Bambu_H2D_1,0948BB5B1600363,FINISH,1,Desconocido,100,10,10,41.0,41.0
2026-10-07T09:01:25.368013,Bambu_H2D_2,0948BB5B1601428,FINISH,1,Desconocido,100,10,10,41.0,41.0
2026-10-07T09:01:26.486502,Bambu_H2D_1,0948BB5B1600363,FINISH,1,Desconocido,100,10,10,41.0,41.0
2026-10-07T09:01:26.916592,Bambu_H2D_2,0948BB5B1601428,FINISH,1,Desconocido,100,10,10,41.0,41.0
2026-10-07T09:01:27.880088,Bambu_H2D_1,0948BB5B1600363,FINISH,1,Desconocido,100,10,10,41.0,41.0
2026-10-07T09:01:28.311504,Bambu_H2D_2,0948BB5B1601428,FINISH,1,Desconocido,100,10,10,41.0,41.0
2026-10-07T09:01:29.274833,Bambu_H2D_1,0948BB5B1600363,FINISH,1,Desconocido,100,10,10,41.0,41.0
2026-10-07T09:01:29.681144,Bambu_H2D_2,0948BB5B1601428,FINISH,1,Desconocido,100,10,10,41.0,41.0
2026-10-07T09:01:30.668663,Bambu_H2D_1,0948BB5B1600363,FINISH,1,Desconocido,100,10,10,41.0,41.0
2026-10-07T09:01:31.031096,Bambu_H2D_2,0948BB5B1601428,FINISH,1,Desconocido,100,10,10,41.0,41.0
2026-10-07T09:01:32.094041,Bambu_H2D_1,0948BB5B1600363,FINISH,1,Desconocido,100,10,10,41.0,41.0
2026-10-07T09:01:32.663589,Bambu_H2D_2,0948BB5B1601428,FINISH,1,Desconocido,100,10,10,41.0,41.0
2026-10-07T09:01:33.468366,Bambu_H2D_1,0948BB5B1600363,FINISH,1,Desconocido,100,10,10,41.0,41.0
2026-10-07T09:01:34.005933,Bambu_H2D_2,0948BB5B1601428,FINISH,1,Desconocido,100,10,10,41.0,41.0
2026-10-07T09:01:34.793643,Bambu_H2D_1,0948BB5B1600363,FINISH,1,Desconocido,100,10,10,41.0,41.0
2026-10-07T09:01:35.369085,Bambu_H2D_2,0948BB5B1601428,FINISH,1,Desconocido,100,10,10,41.0,41.0
2026-10-07T09:01:36.138389,Bambu_H2D_1,0948BB5B1600363,FINISH,1,Desconocido,100,10,10,41.0,41.0
2026-10-07T09:01:36.937165,Bambu_H2D_2,0948BB5B1601428,FINISH,1,Desconocido,100,10,10,41.0,41.0
2026-10-07T09:01:37.563075,Bambu_H2D_1,0948BB5B1600363,FINISH,1,Desconocido,100,10,10,40.0,41.0
2026-10-07T09:01:38.214226,Bambu_H2D_2,0948BB5B1601428,FINISH,1,Desconocido,100,10,10,41.0,41.0
2026-10-07T09:01:38.896286,Bambu_H2D_1,0948BB5B1600363,FINISH,1,Desconocido,100,10,10,40.0,41.0
2026-10-07T09:01:39.935389,Bambu_H2D_2,0948BB5B1601428,FINISH,1,Desconocido,100,10,10,41.0,41.0
2026-10-07T09:01:40.257739,Bambu_H2D_1,0948BB5B1600363,FINISH,1,Desconocido,100,10,10,40.0,41.0
2026-10-07T09:01:41.276090,Bambu_H2D_2,0948BB5B1601428,FINISH,1,Desconocido,100,10,10,41.0,41.0
2026-10-07T09:01:41.626355,Bambu_H2D_1,0948BB5B1600363,FINISH,1,Desconocido,100,10,10,40.0,40.0
2026-10-07T09:01:42.771646,Bambu_H2D_2,0948BB5B1601428,FINISH,1,Desconocido,100,10,10,41.0,41.0
2026-10-07T09:01:42.969894,Bambu_H2D_1,0948BB5B1600363,FINISH,1,Desconocido,100,10,10,40.0,40.0
2026-10-07T09:01:44.123240,Bambu_H2D_2,0948BB5B1601428,FINISH,1,Desconocido,100,10,10,41.0,41.0
2026-10-07T09:01:44.359579,Bambu_H2D_1,0948BB5B1600363,FINISH,1,Desconocido,100,10,10,40.0,40.0
2026-10-07T09:01:45.486107,Bambu_H2D_2,0948BB5B1601428,FINISH,1,Desconocido,100,10,10,41.0,41.0
2026-10-07T09:01:45.718814,Bambu_H2D_1,0948BB5B1600363,FINISH,1,Desconocido,100,10,10,40.0,40.0
2026-10-07T09:01:46.893917,Bambu_H2D_2,0948BB5B1601428,FINISH,1,Desconocido,100,10,10,41.0,41.0
2026-10-07T09:01:47.050262,Bambu_H2D_1,0948BB5B1600363,FINISH,1,Desconocido,100,10,10,40.0,40.0
2026-10-07T09:01:48.380614,Bambu_H2D_2,0948BB5B1601428,FINISH,1,Desconocido,100,10,10,41.0,41.0
2026-10-07T09:01:48.435228,Bambu_H2D_1,0948BB5B1600363,FINISH,1,Desconocido,100,10,10,40.0,40.0
2026-10-07T09:01:49.832855,Bambu_H2D_1,0948BB5B1600363,FINISH,1,Desconocido,100,10,10,40.0,40.0
2026-10-07T09:01:49.833800,Bambu_H2D_2,0948BB5B1601428,FINISH,1,Desconocido,100,10,10,40.0,41.0
2026-10-07T09:01:51.190730,Bambu_H2D_2,0948BB5B1601428,FINISH,1,Desconocido,100,10,10,40.0,41.0
2026-10-07T09:01:51.202388,Bambu_H2D_1,0948BB5B1600363,FINISH,1,Desconocido,100,10,10,40.0,40.0
2026-10-07T09:01:52.669335,Bambu_H2D_1,0948BB5B1600363,FINISH,1,Desconocido,100,10,10,40.0,40.0
2026-10-07T09:01:52.794682,Bambu_H2D_2,0948BB5B1601428,FINISH,1,Desconocido,100,10,10,40.0,41.0
2026-10-07T09:01:53.910890,Bambu_H2D_1,0948BB5B1600363,FINISH,1,Desconocido,100,10,10,40.0,40.0
2026-10-07T09:01:54.069438,Bambu_H2D_2,0948BB5B1601428,FINISH,1,Desconocido,100,10,10,40.0,41.0
2026-10-07T09:01:55.267996,Bambu_H2D_1,0948BB5B1600363,FINISH,1,Desconocido,100,10,10,40.0,40.0
2026-10-07T09:01:55.435625,Bambu_H2D_2,0948BB5B1601428,FINISH,1,Desconocido,100,10,10,40.0,41.0
2026-10-07T09:01:56.675332,Bambu_H2D_1,0948BB5B1600363,FINISH,1,Desconocido,100,10,10,40.0,40.0
2026-10-07T09:01:56.764912,Bambu_H2D_2,0948BB5B1601428,FINISH,1,Desconocido,100,10,10,40.0,41.0
2026-10-07T09:01:58.096639,Bambu_H2D_1,0948BB5B1600363,FINISH,1,Desconocido,100,10,10,40.0,40.0
2026-10-07T09:01:58.273415,Bambu_H2D_2,0948BB5B1601428,FINISH,1,Desconocido,100,10,10,40.0,41.0
2026-10-07T09:01:59.402779,Bambu_H2D_1,0948BB5B1600363,FINISH,1,Desconocido,100,10,10,40.0,40.0
2026-10-07T09:01:59.835944,Bambu_H2D_2,0948BB5B1601428,FINISH,1,Desconocido,100,10,10,40.0,40.0
2026-10-07T09:02:00.841463,Bambu_H2D_1,0948BB5B1600363,FINISH,1,Desconocido,100,10,10,40.0,40.0
2026-10-07T09:02:01.225102,Bambu_H2D_2,0948BB5B1601428,FINISH,1,Desconocido,100,10,10,40.0,40.0
2026-10-07T09:02:02.207894,Bambu_H2D_1,0948BB5B1600363,FINISH,1,Desconocido,100,10,10,40.0,40.0
2026-10-07T09:02:02.679168,Bambu_H2D_2,0948BB5B1601428,FINISH,1,Desconocido,100,10,10,40.0,40.0
2026-10-07T09:02:03.529948,Bambu_H2D_1,0948BB5B1600363,FINISH,1,Desconocido,100,10,10,40.0,40.0
2026-10-07T09:02:04.098753,Bambu_H2D_2,0948BB5B1601428,FINISH,1,Desconocido,100,10,10,40.0,40.0
2026-10-07T09:02:05.011858,Bambu_H2D_1,0948BB5B1600363,FINISH,1,Desconocido,100,10,10,40.0,40.0
2026-10-07T09:02:05.416206,Bambu_H2D_2,0948BB5B1601428,FINISH,1,Desconocido,100,10,10,40.0,40.0
2026-10-07T09:02:06.344900,Bambu_H2D_1,0948BB5B1600363,FINISH,1,Desconocido,100,10,10,40.0,40.0
2026-10-07T09:02:06.793174,Bambu_H2D_2,0948BB5B1601428,FINISH,1,Desconocido,100,10,10,40.0,40.0
2026-10-07T09:02:07.697754,Bambu_H2D_1,0948BB5B1600363,FINISH,1,Desconocido,100,10,10,40.0,40.0
2026-10-07T09:02:08.293069,Bambu_H2D_2,0948BB5B1601428,FINISH,1,Desconocido,100,10,10,40.0,40.0
2026-10-07T09:02:09.056289,Bambu_H2D_1,0948BB5B1600363,FINISH,1,Desconocido,100,10,10,40.0,40.0
2026-10-07T09:02:09.694908,Bambu_H2D_2,0948BB5B1601428,FINISH,1,Desconocido,100,10,10,40.0,40.0
2026-10-07T09:02:10.386103,Bambu_H2D_1,0948BB5B1600363,FINISH,1,Desconocido,100,10,10,40.0,40.0
2026-10-07T09:02:11.044169,Bambu_H2D_2,0948BB5B1601428,FINISH,1,Desconocido,100,10,10,40.0,40.0
2026-10-07T09:02:11.796493,Bambu_H2D_1,0948BB5B1600363,FINISH,1,Desconocido,100,10,10,40.0,40.0
2026-10-07T09:02:12.621367,Bambu_H2D_2,0948BB5B1601428,FINISH,1,Desconocido,100,10,10,40.0,40.0
2026-10-07T09:02:13.124375,Bambu_H2D_1,0948BB5B1600363,FINISH,1,Desconocido,100,10,10,40.0,40.0
2026-10-07T09:02:14.004482,Bambu_H2D_2,0948BB5B1601428,FINISH,1,Desconocido,100,10,10,40.0,40.0
2026-10-07T09:02:14.471619,Bambu_H2D_1,0948BB5B1600363,FINISH,1,Desconocido,100,10,10,39.0,40.0
2026-10-07T09:02:15.385690,Bambu_H2D_2,0948BB5B1601428,FINISH,1,Desconocido,100,10,10,40.0,40.0
2026-10-07T09:02:15.818171,Bambu_H2D_1,0948BB5B1600363,FINISH,1,Desconocido,100,10,10,39.0,40.0
2026-10-07T09:02:16.814489,Bambu_H2D_2,0948BB5B1601428,FINISH,1,Desconocido,100,10,10,40.0,40.0
2026-10-07T09:02:17.183059,Bambu_H2D_1,0948BB5B1600363,FINISH,1,Desconocido,100,10,10,39.0,40.0
2026-10-07T09:02:18.296362,Bambu_H2D_2,0948BB5B1601428,FINISH,1,Desconocido,100,10,10,40.0,40.0
2026-10-07T09:02:18.561942,Bambu_H2D_1,0948BB5B1600363,FINISH,1,Desconocido,100,10,10,39.0,40.0
2026-10-07T09:02:19.755080,Bambu_H2D_2,0948BB5B1601428,FINISH,1,Desconocido,100,10,10,40.0,40.0
2026-10-07T09:02:19.909610,Bambu_H2D_1,0948BB5B1600363,FINISH,1,Desconocido,100,10,10,39.0,40.0
2026-10-07T09:02:21.111972,Bambu_H2D_2,0948BB5B1601428,FINISH,1,Desconocido,100,10,10,40.0,40.0
2026-10-07T09:02:21.261269,Bambu_H2D_1,0948BB5B1600363,FINISH,1,Desconocido,100,10,10,39.0,40.0
2026-10-07T09:02:22.606488,Bambu_H2D_2,0948BB5B1601428,FINISH,1,Desconocido,100,10,10,40.0,40.0
2026-10-07T09:02:22.640591,Bambu_H2D_1,0948BB5B1600363,FINISH,1,Desconocido,100,10,10,39.0,40.0
2026-10-07T09:02:23.952059,Bambu_H2D_2,0948BB5B1601428,FINISH,1,Desconocido,100,10,10,40.0,40.0
2026-10-07T09:02:24.062779,Bambu_H2D_1,0948BB5B1600363,FINISH,1,Desconocido,100,10,10,39.0,40.0
2026-10-07T09:02:25.324334,Bambu_H2D_2,0948BB5B1601428,FINISH,1,Desconocido,100,10,10,39.0,40.0
2026-10-07T09:02:25.447057,Bambu_H2D_1,0948BB5B1600363,FINISH,1,Desconocido,100,10,10,39.0,40.0
2026-10-07T09:02:26.712341,Bambu_H2D_2,0948BB5B1601428,FINISH,1,Desconocido,100,10,10,39.0,40.0
2026-10-07T09:02:26.796561,Bambu_H2D_1,0948BB5B1600363,FINISH,1,Desconocido,100,10,10,39.0,40.0
2026-10-07T09:02:28.215640,Bambu_H2D_2,0948BB5B1601428,FINISH,1,Desconocido,100,10,10,39.0,40.0
2026-10-07T09:02:28.238633,Bambu_H2D_1,0948BB5B1600363,FINISH,1,Desconocido,100,10,10,39.0,40.0
2026-10-07T09:02:29.648225,Bambu_H2D_1,0948BB5B1600363,FINISH,1,Desconocido,100,10,10,39.0,40.0
2026-10-07T09:02:29.649983,Bambu_H2D_2,0948BB5B1601428,FINISH,1,Desconocido,100,10,10,39.0,40.0
2026-10-07T09:02:30.979583,Bambu_H2D_2,0948BB5B1601428,FINISH,1,Desconocido,100,10,10,39.0,40.0
2026-10-07T09:02:31.042817,Bambu_H2D_1,0948BB5B1600363,FINISH,1,Desconocido,100,10,10,39.0,40.0
2026-10-07T09:02:32.333649,Bambu_H2D_2,0948BB5B1601428,FINISH,1,Desconocido,100,10,10,39.0,40.0
2026-10-07T09:02:32.513127,Bambu_H2D_1,0948BB5B1600363,FINISH,1,Desconocido,100,10,10,39.0,40.0
2026-10-07T09:02:33.835998,Bambu_H2D_1,0948BB5B1600363,FINISH,1,Desconocido,100,10,10,39.0,40.0
2026-10-07T09:02:33.921333,Bambu_H2D_2,0948BB5B1601428,FINISH,1,Desconocido,100,10,10,39.0,40.0
2026-10-07T09:02:35.209636,Bambu_H2D_1,0948BB5B1600363,FINISH,1,Desconocido,100,10,10,39.0,40.0
2026-10-07T09:02:35.215344,Bambu_H2D_2,0948BB5B1601428,FINISH,1,Desconocido,100,10,10,39.0,40.0
2026-10-07T09:02:36.584777,Bambu_H2D_2,0948BB5B1601428,FINISH,1,Desconocido,100,10,10,39.0,40.0
2026-10-07T09:02:36.596551,Bambu_H2D_1,0948BB5B1600363,FINISH,1,Desconocido,100,10,10,39.0,40.0
2026-10-07T09:02:37.921894,Bambu_H2D_2,0948BB5B1601428,FINISH,1,Desconocido,100,10,10,39.0,40.0
2026-10-07T09:02:37.991887,Bambu_H2D_1,0948BB5B1600363,FINISH,1,Desconocido,100,10,10,39.0,40.0
2026-10-07T09:02:39.336889,Bambu_H2D_1,0948BB5B1600363,FINISH,1,Desconocido,100,10,10,39.0,40.0
2026-10-07T09:02:39.468428,Bambu_H2D_2,0948BB5B1601428,FINISH,1,Desconocido,100,10,10,39.0,40.0
2026-10-07T09:02:40.768994,Bambu_H2D_1,0948BB5B1600363,FINISH,1,Desconocido,100,10,10,39.0,40.0
2026-10-07T09:02:40.877658,Bambu_H2D_2,0948BB5B1601428,FINISH,1,Desconocido,100,10,10,39.0,40.0
2026-10-07T09:02:42.088988,Bambu_H2D_1,0948BB5B1600363,FINISH,1,Desconocido,100,10,10,39.0,40.0
2026-10-07T09:02:42.274460,Bambu_H2D_2,0948BB5B1601428,FINISH,1,Desconocido,100,10,10,39.0,40.0
2026-10-07T09:02:43.428829,Bambu_H2D_1,0948BB5B1600363,FINISH,1,Desconocido,100,10,10,39.0,40.0
2026-10-07T09:02:43.757853,Bambu_H2D_2,0948BB5B1601428,FINISH,1,Desconocido,100,10,10,39.0,40.0
2026-10-07T09:02:44.838313,Bambu_H2D_1,0948BB5B1600363,FINISH,1,Desconocido,100,10,10,39.0,40.0
2026-10-07T09:02:45.122778,Bambu_H2D_2,0948BB5B1601428,FINISH,1,Desconocido,100,10,10,39.0,40.0
2026-10-07T09:02:46.200416,Bambu_H2D_1,0948BB5B1600363,FINISH,1,Desconocido,100,10,10,39.0,40.0
2026-10-07T09:02:46.487908,Bambu_H2D_2,0948BB5B1601428,FINISH,1,Desconocido,100,10,10,39.0,40.0
2026-10-07T09:02:47.530295,Bambu_H2D_1,0948BB5B1600363,FINISH,1,Desconocido,100,10,10,39.0,40.0
2026-10-07T09:02:47.823158,Bambu_H2D_2,0948BB5B1601428,FINISH,1,Desconocido,100,10,10,39.0,40.0
2026-10-07T09:02:48.874326,Bambu_H2D_1,0948BB5B1600363,FINISH,1,Desconocido,100,10,10,39.0,40.0
2026-10-07T09:02:49.311451,Bambu_H2D_2,0948BB5B1601428,FINISH,1,Desconocido,100,10,10,39.0,40.0
2026-10-07T09:02:50.234361,Bambu_H2D_1,0948BB5B1600363,FINISH,1,Desconocido,100,10,10,39.0,40.0
2026-10-07T09:02:50.647462,Bambu_H2D_2,0948BB5B1601428,FINISH,1,Desconocido,100,10,10,39.0,40.0
2026-10-07T09:02:51.619111,Bambu_H2D_1,0948BB5B1600363,FINISH,1,Desconocido,100,10,10,39.0,40.0
2026-10-07T09:02:52.011817,Bambu_H2D_2,0948BB5B1601428,FINISH,1,Desconocido,100,10,10,39.0,40.0
2026-10-07T09:02:52.960671,Bambu_H2D_1,0948BB5B1600363,FINISH,1,Desconocido,100,10,10,39.0,40.0
2026-10-07T09:02:53.576526,Bambu_H2D_2,0948BB5B1601428,FINISH,1,Desconocido,100,10,10,39.0,40.0
2026-10-07T09:02:54.307862,Bambu_H2D_1,0948BB5B1600363,FINISH,1,Desconocido,100,10,10,39.0,40.0
2026-10-07T09:02:54.932012,Bambu_H2D_2,0948BB5B1601428,FINISH,1,Desconocido,100,10,10,39.0,40.0
2026-10-07T09:02:55.716327,Bambu_H2D_1,0948BB5B1600363,FINISH,1,Desconocido,100,10,10,39.0,40.0
2026-10-07T09:02:56.265777,Bambu_H2D_2,0948BB5B1601428,FINISH,1,Desconocido,100,10,10,39.0,40.0
2026-10-07T09:02:57.028976,Bambu_H2D_1,0948BB5B1600363,FINISH,1,Desconocido,100,10,10,39.0,40.0
2026-10-07T09:02:57.639405,Bambu_H2D_2,0948BB5B1601428,FINISH,1,Desconocido,100,10,10,39.0,40.0
2026-10-07T09:02:58.422735,Bambu_H2D_1,0948BB5B1600363,FINISH,1,Desconocido,100,10,10,39.0,40.0
2026-10-07T09:02:59.139914,Bambu_H2D_2,0948BB5B1601428,FINISH,1,Desconocido,100,10,10,39.0,40.0
2026-10-07T09:02:59.871724,Bambu_H2D_1,0948BB5B1600363,FINISH,1,Desconocido,100,10,10,39.0,40.0
2026-10-07T09:03:00.567355,Bambu_H2D_2,0948BB5B1601428,FINISH,1,Desconocido,100,10,10,39.0,40.0
2026-10-07T09:03:01.224563,Bambu_H2D_1,0948BB5B1600363,FINISH,1,Desconocido,100,10,10,39.0,40.0
2026-10-07T09:03:01.903344,Bambu_H2D_2,0948BB5B1601428,FINISH,1,Desconocido,100,10,10,39.0,40.0
2026-10-07T09:03:02.627499,Bambu_H2D_1,0948BB5B1600363,FINISH,1,Desconocido,100,10,10,39.0,40.0
2026-10-07T09:03:03.235533,Bambu_H2D_2,0948BB5B1601428,FINISH,1,Desconocido,100,10,10,39.0,40.0
2026-10-07T09:03:04.052680,Bambu_H2D_1,0948BB5B1600363,FINISH,1,Desconocido,100,10,10,38.0,40.0
2026-10-07T09:03:04.719237,Bambu_H2D_2,0948BB5B1601428,FINISH,1,Desconocido,100,10,10,39.0,40.0
2026-10-07T09:03:05.462873,Bambu_H2D_1,0948BB5B1600363,FINISH,1,Desconocido,100,10,10,38.0,40.0
2026-10-07T09:03:06.112606,Bambu_H2D_2,0948BB5B1601428,FINISH,1,Desconocido,100,10,10,39.0,40.0
2026-10-07T09:03:06.784615,Bambu_H2D_1,0948BB5B1600363,FINISH,1,Desconocido,100,10,10,38.0,40.0
2026-10-07T09:03:07.527326,Bambu_H2D_2,0948BB5B1601428,FINISH,1,Desconocido,100,10,10,38.0,40.0
2026-10-07T09:03:08.202597,Bambu_H2D_1,0948BB5B1600363,FINISH,1,Desconocido,100,10,10,38.0,40.0
2026-10-07T09:03:08.839705,Bambu_H2D_2,0948BB5B1601428,FINISH,1,Desconocido,100,10,10,38.0,40.0
2026-10-07T09:03:09.610427,Bambu_H2D_1,0948BB5B1600363,FINISH,1,Desconocido,100,10,10,38.0,40.0
2026-10-07T09:03:10.339480,Bambu_H2D_2,0948BB5B1601428,FINISH,1,Desconocido,100,10,10,38.0,40.0
2026-10-07T09:03:11.017356,Bambu_H2D_1,0948BB5B1600363,FINISH,1,Desconocido,100,10,10,38.0,40.0
2026-10-07T09:03:11.693942,Bambu_H2D_2,0948BB5B1601428,FINISH,1,Desconocido,100,10,10,38.0,40.0
2026-10-07T09:03:12.447451,Bambu_H2D_1,0948BB5B1600363,FINISH,1,Desconocido,100,10,10,38.0,40.0
2026-10-07T09:03:13.060148,Bambu_H2D_2,0948BB5B1601428,FINISH,1,Desconocido,100,10,10,38.0,40.0
2026-10-07T09:03:13.794407,Bambu_H2D_1,0948BB5B1600363,FINISH,1,Desconocido,100,10,10,38.0,39.0
2026-10-07T09:03:14.551067,Bambu_H2D_2,0948BB5B1601428,FINISH,1,Desconocido,100,10,10,38.0,40.0
2026-10-07T09:03:15.151105,Bambu_H2D_1,0948BB5B1600363,FINISH,1,Desconocido,100,10,10,38.0,39.0
2026-10-07T09:03:15.897040,Bambu_H2D_2,0948BB5B1601428,FINISH,1,Desconocido,100,10,10,38.0,40.0
2026-10-07T09:03:16.567217,Bambu_H2D_1,0948BB5B1600363,FINISH,1,Desconocido,100,10,10,38.0,39.0
2026-10-07T09:03:17.244218,Bambu_H2D_2,0948BB5B1601428,FINISH,1,Desconocido,100,10,10,38.0,40.0
2026-10-07T09:03:17.960002,Bambu_H2D_1,0948BB5B1600363,FINISH,1,Desconocido,100,10,10,38.0,39.0
2026-10-07T09:03:18.583150,Bambu_H2D_2,0948BB5B1601428,FINISH,1,Desconocido,100,10,10,38.0,40.0
2026-10-07T09:03:19.327384,Bambu_H2D_1,0948BB5B1600363,FINISH,1,Desconocido,100,10,10,38.0,39.0
2026-10-07T09:03:20.167707,Bambu_H2D_2,0948BB5B1601428,FINISH,1,Desconocido,100,10,10,38.0,40.0
2026-10-07T09:03:20.737154,Bambu_H2D_1,0948BB5B1600363,FINISH,1,Desconocido,100,10,10,38.0,39.0
